timestamp;time(s);SS1;SS2;SS3;SS4;SS5;SS6;SS7;SS8;SS9;SS10;SS11;SS12;SS13;SS14;SS15;SS16
1681729681.3238623;0.0;27633;3787;62572;64292;38132;25889;57267;3598;65515;65514;65514;65513;65514;65514;65514;65514
1681729684.4655375;3.1416752338409424;27633;3787;64385;65045;38132;25889;57267;3598;65515;65512;65512;65513;65514;65514;65514;65514
1681729696.5358136;15.21195125579834;54117;33709;64434;65047;56182;48397;64343;29057;65509;65508;65510;65512;65511;65509;65510;65509
1681729708.6090844;27.285222053527832;54007;32506;64644;65102;55836;46905;64325;27949;65506;65508;65510;65510;65510;65511;65510;65509
1681729720.6987681;39.374905824661255;53812;30969;64660;65096;55716;46359;64296;27050;65509;65510;65513;65512;65509;65509;65512;65510
1681729732.7700884;51.44622611999512;53774;30411;64730;65105;55477;45479;64230;24732;65512;65509;65510;65512;65511;65511;65514;65511
1681729744.8428357;63.5189733505249;53736;29737;64725;65101;55523;45391;64239;24896;65513;65510;65513;65513;65509;65510;65510;65510
1681729756.917523;75.59366059303284;53641;29265;64714;65089;55470;45023;64204;23604;65511;65509;65510;65511;65511;65511;65510;65511
1681729768.9884694;87.66460704803467;53606;28894;64640;65061;55392;44724;64196;23153;65511;65511;65512;65513;65511;65510;65511;65510
1681729781.061505;99.73764276504517;53365;28550;64557;65027;55366;44626;64164;22263;65509;65510;65510;65513;65511;65509;65511;65511
1681729793.1301372;111.80627489089966;53362;28192;64418;64974;54798;42872;64161;21969;65509;65511;65513;65513;65512;65514;65512;65511
1681729805.197567;123.87370467185974;53324;27684;64449;64972;54680;42477;64141;21774;65511;65513;65513;65514;65511;65511;65509;65511
1681729817.2708683;135.94700598716736;53257;27570;64411;64958;54560;42114;64122;21589;65512;65511;65512;65512;65511;65509;65511;65509
1681729829.3591826;148.03532028198242;53185;27318;64402;64963;54507;41710;64106;21523;65511;65509;65511;65512;65512;65512;65511;65512
1681729841.4577103;160.13384795188904;53186;27236;64418;64967;54405;41338;64094;21398;65508;65511;65513;65512;65512;65510;65511;65511
1681729853.5295663;172.20570397377014;53101;27079;64413;64915;54457;41516;64085;21373;65510;65510;65513;65513;65512;65512;65512;65512
1681729865.6003106;184.2764482498169;53168;26901;64473;64958;54451;41441;64084;21422;65511;65512;65512;65512;65512;65511;65511;65510
1681729877.671396;196.34753370285034;53150;26909;64437;64956;54379;41112;64073;21397;65511;65509;65514;65512;65512;65510;65514;65513
1681729889.7434418;208.4195795059204;53123;26745;64475;64979;54369;41028;64066;21444;65512;65512;65512;65512;65511;65512;65512;65511
1681729901.8244395;220.50057721138;53156;26591;64482;65025;54459;41044;64065;21579;65512;65513;65514;65514;65511;65513;65514;65511
1681729913.8905926;232.566730260849;53197;26503;64664;65035;54457;41081;64064;21669;65511;65512;65511;65513;65511;65511;65511;65511
1681729925.9620786;244.63821625709534;53113;26599;64622;65035;54430;40947;64054;21613;65512;65513;65514;65511;65512;65512;65512;65513
1681729938.0330956;256.7092332839966;53170;26462;64690;65044;54383;40836;64051;21591;65510;65512;65511;65511;65511;65510;65511;65512
1681729950.1062615;268.78239917755127;53146;26421;64663;65053;54383;40447;64047;21564;65510;65511;65510;65513;65509;65512;65512;65511
1681729962.177552;280.85368967056274;53138;26582;64628;65033;54274;40438;64043;21552;65512;65512;65511;65513;65511;65512;65511;65510
1681729974.251117;292.92725467681885;53148;26501;64694;65057;54325;40656;64034;21522;65511;65513;65514;65513;65512;65512;65514;65511
1681729986.354642;305.03077960014343;53151;26461;64633;65028;54315;40633;64033;21525;65511;65508;65513;65513;65512;65512;65512;65512
1681729998.4257264;317.10186409950256;53159;26355;64636;65035;54275;40521;64028;21494;65513;65512;65513;65513;65511;65512;65515;65515
1681730010.4990005;329.17513823509216;53103;26532;64620;65020;54226;40407;64023;21477;65512;65511;65513;65513;65510;65512;65509;65513
1681730022.571956;341.2480936050415;53088;26400;64595;65012;54249;40496;64024;21471;65512;65510;65512;65513;65513;65512;65511;65513
1681730034.6428509;353.31898856163025;53104;26334;64564;64991;54241;40564;64011;21451;65513;65511;65513;65511;65511;65511;65511;65512
1681730046.7139468;365.3900845050812;53086;26461;64559;64987;54174;40303;64002;21445;65512;65511;65513;65515;65512;65509;65513;65511
1681730058.7863882;377.462525844574;53062;26444;64551;65022;54251;40544;64005;21447;65513;65513;65514;65512;65513;65512;65514;65512
1681730070.8578415;389.533979177475;53043;26460;64659;65056;54386;41034;64001;21456;65511;65513;65512;65512;65512;65510;65512;65511
1681730082.9293;401.6054377555847;53022;26539;64660;65065;54170;40255;64001;21432;65511;65513;65514;65513;65511;65511;65514;65512
1681730094.9974859;413.67362356185913;53125;26421;64585;65004;54272;40728;63988;21426;65511;65511;65513;65513;65511;65511;65513;65510
1681730107.0703378;425.74647545814514;53154;26577;64673;65065;54259;40640;63994;21404;65511;65512;65511;65510;65511;65511;65512;65511
1681730119.1415737;437.817711353302;53015;26544;64647;65013;54341;41026;63990;21403;65512;65511;65513;65510;65511;65510;65512;65512
1681730131.2133563;449.88949394226074;52987;26421;64546;65014;54346;41182;63981;21405;65511;65511;65510;65511;65512;65512;65511;65509
1681730143.2841766;461.96031427383423;53007;26560;64739;65061;54370;41456;63983;21417;65512;65511;65513;65514;65509;65510;65512;65512
1681730155.358694;474.03483176231384;52979;26532;64553;64988;54425;41478;63985;21413;65511;65511;65514;65513;65513;65513;65512;65509
1681730167.4389544;486.1150920391083;52958;26580;64647;65035;54391;41555;63971;21404;65512;65514;65513;65513;65512;65511;65511;65512
1681730179.512224;498.1883616447449;52956;26527;64609;65009;54247;40967;63976;21400;65513;65511;65513;65512;65513;65513;65513;65510
1681730191.585533;510.261670589447;52992;26452;64573;64997;54317;41183;63980;21379;65510;65511;65510;65512;65512;65510;65512;65512
1681730203.6534712;522.3296089172363;53002;26673;64475;65003;54432;41598;63970;21365;65511;65512;65513;65513;65511;65511;65512;65513
1681730215.724492;534.4006297588348;52968;26471;64464;64925;54434;41685;63963;21356;65512;65514;65513;65513;65510;65510;65510;65511
1681730227.7954144;546.4715521335602;52942;26521;64385;64881;54025;40362;63976;21250;65513;65511;65512;65514;65512;65514;65512;65511
1681730239.8724234;558.5485610961914;52927;26390;64417;64874;54136;40684;63967;21290;65511;65512;65513;65514;65510;65513;65513;65513
1681730252.013017;570.689154624939;52955;26799;64379;64898;54232;40978;63965;21374;65513;65512;65512;65512;65511;65510;65513;65512
1681730264.0856369;582.7617745399475;52982;26655;64377;64887;54336;41427;63976;21400;65513;65513;65513;65512;65513;65514;65513;65512
1681730276.1568563;594.8329939842224;52888;26686;64418;64893;54350;41493;63978;21411;65512;65512;65511;65512;65512;65512;65513;65512
1681730288.2299523;606.9060900211334;52970;26817;64392;64881;54044;40469;63974;21409;65515;65513;65513;65514;65513;65512;65515;65513
1681730300.2979527;618.9740903377533;52969;26744;64345;64885;54095;40654;63972;21405;65512;65513;65514;65513;65512;65511;65516;65514
1681730312.3692522;631.0453898906708;52980;26874;64326;64855;54103;40723;63967;21413;65514;65513;65514;65514;65511;65511;65514;65512
1681730324.4425797;643.1187174320221;52947;26982;64366;64939;54061;40635;63968;21402;65513;65511;65513;65512;65512;65511;65513;65511
1681730336.5699587;655.2460963726044;52973;26736;64394;64897;54092;40834;63962;21395;65514;65513;65514;65514;65514;65513;65514;65514
1681730348.6437902;667.3199279308319;52933;26720;64277;64826;54102;40802;63967;21373;65510;65513;65516;65514;65513;65512;65515;65513
1681730360.7145183;679.3906559944153;52930;27008;64364;64886;54110;40810;63968;21334;65512;65513;65514;65514;65514;65513;65513;65514
1681730372.7855916;691.4617292881012;53115;26796;64378;64900;54065;40678;63959;21357;65512;65514;65515;65514;65513;65513;65515;65514
1681730384.8585052;703.5346429347992;52960;26979;64398;64908;54075;40770;63964;21252;65515;65513;65515;65516;65514;65512;65513;65516
1681730397.0251849;715.701322555542;52923;26966;64343;64887;54100;41011;63961;21271;65514;65515;65515;65515;65513;65514;65515;65513
1681730409.0988495;727.7749872207642;52868;27075;64189;64812;54064;40961;63959;21196;65513;65515;65515;65514;65512;65513;65515;65514
1681730421.1697533;739.8458909988403;52827;26910;64149;64808;54071;41061;63955;21169;65513;65511;65514;65513;65512;65511;65514;65514
1681730433.245568;751.9217057228088;52845;27388;64230;64847;54086;41118;63959;21172;65513;65516;65513;65514;65515;65513;65514;65513
1681730445.31711;763.9932477474213;52911;27401;64258;64853;54082;41110;63946;21165;65514;65513;65515;65515;65514;65514;65515;65513
1681730457.3888638;776.0650014877319;52840;27279;64246;64836;54054;41165;63943;21086;65512;65512;65515;65516;65514;65513;65513;65512
1681730469.4624064;788.1385440826416;52837;27464;64193;64833;54024;41162;63935;21007;65513;65513;65514;65514;65513;65512;65515;65514
1681730481.551911;800.2280488014221;52812;27331;64218;64839;54012;41279;63947;21019;65513;65512;65511;65513;65513;65512;65513;65512
1681730493.6227484;812.2988860607147;52850;27552;64255;64840;54082;41395;63944;21041;65513;65513;65511;65514;65511;65510;65514;65514
1681730505.6950572;824.3711948394775;52891;27549;64373;64918;54165;41344;63954;21453;65512;65514;65513;65511;65513;65511;65516;65514
1681730517.7592788;836.4354164600372;52870;27538;64421;64928;54263;41537;63948;21492;65513;65514;65513;65514;65511;65512;65513;65514
1681730529.830335;848.5064725875854;52871;27583;64441;64949;54545;42496;63951;21501;65513;65512;65514;65515;65512;65514;65514;65514
1681730541.901446;860.5775837898254;52876;27476;64427;64939;54563;42744;63957;21507;65513;65513;65513;65512;65514;65513;65513;65513
1681730553.974528;872.6506657600403;52875;27601;64412;64919;54622;43002;63949;21508;65515;65512;65513;65513;65513;65513;65514;65513
1681730566.0460095;884.7221472263336;52984;27663;64499;64983;54025;41013;63960;21517;65513;65512;65513;65512;65512;65512;65513;65514
1681730578.120397;896.7965347766876;52853;27642;64479;64948;53948;40746;63951;21540;65513;65514;65514;65513;65511;65511;65512;65512
1681730590.1918666;908.868004322052;52827;27637;64484;64937;54138;41426;63951;21550;65513;65515;65512;65512;65511;65511;65512;65511
1681730602.2589476;920.9350852966309;52832;27566;64435;64983;54151;41454;63956;21566;65513;65513;65515;65514;65513;65513;65513;65514
1681730614.3301501;933.0062878131866;52854;27485;64460;64941;54202;41657;63955;21567;65514;65514;65515;65513;65513;65512;65515;65514
1681730626.3941271;945.0702648162842;52837;27653;64493;64960;54208;41732;63955;21567;65514;65514;65514;65515;65514;65513;65513;65515
1681730638.46566;957.1417977809906;52836;27569;64503;64978;54243;41889;63948;21600;65513;65514;65514;65514;65512;65512;65514;65514
1681730650.5356598;969.2117974758148;52830;27675;64409;64927;54254;41939;63954;21595;65512;65513;65515;65515;65515;65516;65514;65514
1681730662.6102183;981.28635597229;52970;27741;64351;64923;54212;41786;63945;21584;65513;65515;65515;65514;65513;65513;65514;65515
1681730674.6816192;993.3577568531036;52814;27661;64369;64905;54199;41748;63943;21602;65513;65514;65516;65515;65514;65514;65516;65514
1681730686.754817;1005.4309546947479;52827;27801;64430;64928;54186;41720;63939;21579;65515;65513;65514;65514;65511;65513;65514;65514
1681730698.8259904;1017.5021281242371;52851;27953;64442;64955;54205;41828;63944;21538;65513;65515;65514;65516;65515;65516;65516;65515
1681730710.8983943;1029.574532032013;52853;27933;64431;64927;54207;41850;63945;21562;65514;65515;65515;65515;65515;65513;65517;65515
1681730722.965564;1041.6417016983032;52766;27860;64509;64971;54197;41799;63936;21556;65514;65514;65515;65515;65514;65513;65515;65513
1681730735.0349653;1053.711102962494;52818;27824;64490;64953;54161;41883;63932;21620;65515;65513;65515;65514;65514;65514;65515;65514
1681730747.109209;1065.7853467464447;52836;28010;64484;64938;54174;41930;63933;21553;65514;65514;65515;65516;65514;65515;65516;65515
1681730759.1803946;1077.8565323352814;52781;27939;64370;64915;54163;41983;63930;21522;65514;65514;65515;65515;65514;65513;65514;65514
1681730771.257631;1089.933768749237;52798;28004;64384;64884;54199;42073;63935;21568;65514;65516;65513;65514;65514;65514;65514;65513
1681730783.3198051;1101.9959428310394;52692;27941;64457;64968;54230;42127;63907;21320;65512;65514;65515;65515;65514;65514;65514;65514
1681730795.3899417;1114.066079378128;52813;28056;64369;64907;54247;42224;63930;21605;65513;65515;65514;65514;65513;65513;65514;65516
1681730807.4581063;1126.134243965149;52949;28097;64403;64951;54249;41763;63936;21597;65513;65515;65514;65515;65514;65513;65515;65514
1681730819.5272388;1138.203376531601;52716;28045;64378;64927;54256;42228;63929;21612;65514;65514;65514;65515;65515;65512;65514;65514
1681730831.599727;1150.2758646011353;53138;27963;64375;64946;53948;41201;63928;21601;65512;65513;65514;65514;65513;65514;65513;65513
1681730843.6693132;1162.3454508781433;53016;28267;64555;64948;53956;41171;63921;21643;65515;65513;65514;65514;65513;65514;65515;65515
1681730855.7404268;1174.416564464569;53117;28197;64385;64917;54050;41528;63923;21634;65512;65513;65515;65515;65515;65512;65516;65514
1681730867.8136601;1186.4897978305817;52709;28340;64517;64971;53997;41348;63928;21706;65513;65512;65517;65513;65513;65513;65515;65513
1681730879.8846407;1198.5607783794403;52773;28184;64461;64943;54074;41718;63928;21726;65514;65513;65515;65514;65514;65513;65514;65513
1681730891.9535704;1210.6297080516815;52755;28170;64398;64920;54087;41805;63911;21568;65513;65512;65514;65514;65513;65514;65513;65512
1681730904.0249846;1222.7011222839355;53035;28037;64333;64881;54047;41822;63914;21435;65514;65514;65515;65514;65514;65513;65514;65513
1681730916.095487;1234.771624803543;53040;28109;64289;64870;54051;41915;63909;21361;65515;65514;65514;65515;65515;65515;65516;65514
1681730928.1664176;1246.8425552845001;53066;28402;64368;64920;54017;41735;63900;21375;65513;65514;65515;65515;65515;65513;65515;65515
1681730940.24116;1258.9172976016998;52824;28329;64362;64886;54019;41807;63905;21403;65515;65514;65516;65516;65514;65515;65516;65515
1681730952.315021;1270.9911587238312;52825;28173;64292;64837;54042;41866;63905;21380;65513;65515;65516;65516;65514;65515;65515;65514
1681730964.3861508;1283.0622885227203;52790;28287;64241;64844;54044;41976;63898;21310;65514;65513;65514;65514;65514;65513;65515;65515
1681730976.453707;1295.1298446655273;52986;28279;64302;64878;54034;41952;63892;21290;65513;65514;65515;65516;65514;65512;65513;65511
1681730988.5224586;1307.19859623909;52761;28140;64366;64882;54042;42024;63890;21156;65513;65515;65515;65516;65515;65515;65514;65515
1681731000.591271;1319.2674086093903;52735;28119;64220;64849;54060;42139;63887;21126;65514;65515;65515;65515;65515;65513;65516;65514
1681731012.6620972;1331.3382349014282;53003;28067;64123;64818;54076;42161;63886;21152;65514;65514;65515;65516;65515;65514;65516;65515
1681731024.733362;1343.4094996452332;52681;28122;64078;64765;54005;41993;63880;21121;65513;65514;65513;65513;65514;65513;65514;65513
1681731036.8062649;1355.482402563095;52738;28281;64025;64764;53979;41940;63887;21168;65512;65515;65514;65514;65516;65514;65517;65515
1681731048.8735502;1367.5496878623962;52729;28075;64120;64779;53998;41972;63882;21165;65514;65513;65516;65516;65513;65514;65516;65515
1681731060.9427123;1379.618849992752;52705;28123;64072;64736;53938;41828;63874;21160;65515;65513;65515;65513;65513;65514;65515;65513
1681731073.0237002;1391.69983792305;52703;28291;64184;64851;53957;41858;63871;21121;65514;65515;65515;65516;65514;65515;65514;65514
1681731085.0938354;1403.769973039627;52689;28263;64130;64824;54003;41998;63881;21119;65515;65514;65517;65515;65514;65514;65514;65514
1681731097.1648502;1415.840987920761;52753;28406;64212;64859;54054;42205;63877;21135;65512;65512;65515;65515;65516;65515;65515;65515
1681731109.2405024;1427.9166400432587;52713;28373;64219;64854;54096;42410;63873;21161;65514;65515;65515;65515;65514;65514;65514;65514
1681731121.3140395;1439.990177154541;52939;28400;64235;64855;54109;42403;63867;21176;65514;65515;65515;65515;65516;65512;65514;65513
1681731133.4220417;1452.0981793403625;52750;28446;64144;64803;54114;42462;63876;21168;65513;65514;65516;65516;65515;65515;65515;65515
1681731145.494397;1464.1705346107483;52714;28274;64150;64822;53748;41258;63871;21175;65513;65513;65515;65515;65515;65514;65516;65514
1681731157.567589;1476.2437267303467;52720;28491;64213;64868;53783;41305;63871;21170;65514;65516;65514;65515;65515;65514;65517;65515
1681731169.6299284;1488.3060660362244;52735;28467;64067;64791;53954;41903;63861;21165;65514;65515;65516;65516;65516;65515;65515;65514
1681731181.7015872;1500.3777248859406;52703;28401;64368;64903;54017;42126;63864;21148;65514;65514;65514;65514;65515;65515;65515;65515
1681731193.7740705;1512.4502081871033;52764;28624;64175;64837;54041;42259;63857;21134;65514;65514;65516;65516;65513;65513;65516;65514
1681731205.8454583;1524.521595954895;52739;28578;64152;64850;54116;42467;63856;21132;65514;65515;65515;65514;65514;65512;65516;65516
1681731217.9164057;1536.5925433635712;52722;28553;64133;64847;54158;42610;63858;21154;65515;65514;65514;65514;65515;65514;65516;65514
1681731229.98573;1548.6618676185608;52964;28501;64160;64821;54226;42753;63859;21152;65515;65516;65516;65515;65515;65514;65515;65514
1681731242.0588803;1560.7350180149078;52865;28292;64204;64845;54240;42906;63863;21177;65515;65515;65517;65517;65514;65512;65515;65516
1681731254.132624;1572.8087615966797;52829;28521;64233;64891;54362;43373;63861;21168;65514;65514;65516;65516;65516;65516;65514;65514
1681731266.203738;1584.8798756599426;52707;28736;64297;64865;54347;43326;63866;21169;65514;65516;65515;65516;65516;65515;65515;65516
1681731278.2776356;1596.9537732601166;52700;28646;64260;64884;54423;43457;63861;21179;65515;65514;65516;65515;65516;65516;65516;65515
1681731290.3838274;1609.059965133667;52723;28603;64246;64844;54372;43436;63861;21169;65515;65516;65515;65516;65515;65513;65516;65515
1681731302.450104;1621.12624168396;52702;28747;64141;64814;54381;43544;63854;21190;65516;65515;65515;65515;65515;65515;65516;65514
1681731314.5693092;1633.245446920395;52721;28745;64207;64844;54398;43500;63850;21157;65516;65515;65514;65515;65515;65514;65516;65515
1681731326.6406312;1645.3167688846588;52773;28918;64337;64929;54416;43587;63858;21194;65514;65514;65516;65515;65515;65515;65516;65516
1681731338.7348297;1657.410967350006;52755;29015;64272;64871;54439;43674;63853;21176;65514;65513;65516;65516;65515;65513;65516;65513
1681731350.8097026;1669.4858403205872;52759;28922;64226;64889;54438;43708;63851;21221;65515;65515;65516;65516;65515;65515;65517;65515
1681731362.880951;1681.5570886135101;52769;28844;64329;64903;54434;43642;63858;21224;65514;65515;65517;65516;65515;65514;65516;65515
1681731375.027717;1693.7038547992706;52733;28488;64196;64846;54461;43827;63847;21247;65515;65515;65515;65515;65514;65516;65515;65514
1681731387.0898006;1705.765938282013;52734;28713;64199;64860;54519;44029;63855;21310;65515;65515;65514;65515;65513;65513;65515;65515
1681731399.1610265;1717.8371641635895;52770;28877;64222;64865;54501;43960;63863;21340;65513;65514;65516;65516;65516;65515;65515;65513
1681731411.2321236;1729.9082612991333;52700;28920;64267;64840;54404;43664;63852;21333;65514;65515;65514;65515;65514;65512;65515;65514
1681731423.3055456;1741.981683254242;52700;28839;64235;64828;54564;44271;63851;21382;65515;65514;65516;65515;65515;65514;65516;65515
1681731435.3761623;1754.0522999763489;52734;28919;64159;64768;53817;41898;63850;21484;65514;65514;65515;65516;65514;65514;65515;65514
1681731447.4488537;1766.1249914169312;52692;28951;64155;64845;54447;43848;63861;21491;65515;65514;65516;65515;65515;65514;65515;65514
1681731459.5257688;1778.2019064426422;52736;29045;64164;64819;54285;43366;63856;21459;65515;65515;65515;65515;65515;65515;65516;65516
1681731471.596922;1790.2730596065521;52725;28565;64142;64834;54458;43879;63849;21419;65515;65515;65516;65516;65516;65514;65516;65515
1681731483.6680484;1802.3441860675812;52607;29050;64166;64845;54487;44029;63852;21423;65514;65515;65515;65516;65516;65514;65514;65514
1681731495.7389135;1814.4150512218475;52627;28611;64105;64787;54537;43890;63859;21454;65514;65514;65515;65515;65516;65516;65517;65515
1681731507.8081424;1826.4842801094055;52600;29035;64103;64801;54484;44007;63850;21487;65515;65515;65516;65515;65515;65515;65516;65515
1681731519.8950996;1838.5712373256683;52655;29091;64109;64794;54489;44016;63829;21357;65514;65515;65516;65516;65515;65513;65516;65515
1681731531.9656694;1850.6418070793152;52673;29086;64151;64796;54498;44088;63823;21325;65515;65516;65516;65516;65515;65515;65516;65516
1681731544.0414531;1862.7175908088684;52671;29057;64161;64819;54379;43756;63820;21379;65513;65514;65515;65514;65516;65514;65516;65514
1681731556.112374;1874.7885117530823;52662;29162;64112;64801;54324;43533;63829;21342;65516;65514;65514;65515;65515;65515;65515;65514
1681731568.1832492;1886.859386920929;52642;29250;64139;64819;54325;43583;63826;21355;65514;65516;65515;65514;65515;65515;65515;65514
1681731580.253848;1898.9299857616425;52720;29476;64190;64859;54364;43750;63837;21356;65514;65513;65516;65517;65516;65515;65515;65514
1681731592.3269744;1911.003112077713;52740;29378;64131;64802;54390;43768;63840;21396;65514;65515;65516;65515;65515;65515;65516;65514
1681731604.399726;1923.0758635997772;52662;29520;64152;64788;54471;43979;63806;20784;65515;65514;65515;65515;65516;65516;65516;65515
1681731616.4695644;1935.145702123642;52735;29348;64129;64805;54388;43880;63832;21301;65515;65514;65516;65516;65514;65513;65515;65514
1681731628.5456076;1947.2217452526093;52676;29253;64197;64863;54409;43927;63837;21337;65514;65515;65516;65515;65516;65515;65516;65515
1681731640.616553;1959.2926907539368;52722;29384;64220;64924;54337;43848;63838;21238;65516;65514;65516;65515;65516;65516;65515;65514
1681731652.6875746;1971.363712310791;52759;29448;64187;64871;54336;43785;63843;21235;65515;65515;65517;65517;65516;65517;65517;65516
1681731664.7584867;1983.4346244335175;52735;29312;64116;64797;54365;43843;63835;21292;65514;65516;65516;65515;65514;65515;65517;65516
1681731676.8255858;1995.5017235279083;52714;29384;64131;64808;54421;44082;63840;21337;65515;65515;65516;65515;65514;65515;65516;65515
1681731688.9005895;2007.5767271518707;52748;29477;64182;64851;54523;44031;63832;21245;65516;65515;65516;65516;65515;65515;65516;65515
1681731700.969687;2019.6458246707916;52447;29490;64051;64768;52849;38891;63808;20788;65515;65516;65516;65516;65514;65514;65515;65516
1681731713.0464962;2031.7226338386536;52711;29748;64014;64742;52707;38172;63815;21136;65515;65515;65515;65516;65515;65516;65515;65515
1681731725.1177385;2043.793876171112;52824;29736;64181;64821;52624;37932;63813;21157;65515;65515;65517;65516;65514;65515;65514;65514
1681731737.1888797;2055.865017414093;52695;29683;64105;64809;52595;37879;63808;21247;65514;65515;65517;65515;65516;65515;65517;65515
1681731749.261333;2067.9374706745148;52750;29515;64209;64857;52571;37808;63825;21271;65516;65517;65517;65516;65516;65515;65517;65516
1681731761.3337753;2080.009912967682;52718;29741;64118;64806;52558;37822;63830;21325;65515;65516;65516;65516;65516;65515;65516;65516
1681731773.4298651;2092.106002807617;52718;29652;64094;64797;52546;37802;63836;21448;65516;65516;65515;65517;65515;65515;65516;65515
1681731785.4975996;2104.1737372875214;52725;29566;64177;64833;52536;37844;63845;21519;65514;65516;65515;65517;65516;65517;65516;65515
1681731797.5702903;2116.246428012848;52704;29903;64089;64795;52539;37866;63837;21367;65516;65516;65516;65516;65515;65515;65516;65515
1681731809.6415317;2128.317669391632;52677;29768;64161;64804;52528;37894;63839;21418;65514;65515;65516;65516;65515;65514;65515;65515
1681731821.71314;2140.3892776966095;52740;29960;64114;64797;52525;37943;63843;21482;65516;65515;65515;65516;65516;65516;65516;65515
1681731833.7862656;2152.4624032974243;52751;29924;64082;64808;52512;37974;63837;21534;65517;65516;65515;65515;65515;65515;65516;65516
1681731845.8535416;2164.529679298401;52739;29725;64038;64758;52505;37989;63843;21466;65516;65516;65516;65516;65516;65515;65514;65515
1681731857.9281561;2176.604293823242;52656;29777;64006;64754;52500;37848;63838;21669;65516;65516;65516;65516;65515;65515;65516;65516
1681731869.997737;2188.673874616623;52862;30020;64051;64752;52484;37784;63833;21634;65515;65516;65516;65516;65516;65515;65516;65517
1681731882.0702176;2200.7463552951813;52834;29781;64015;64726;52490;37876;63845;21608;65515;65515;65516;65516;65516;65516;65516;65516
1681731894.1413312;2212.817468881607;52838;29954;64072;64758;52523;37918;63841;21742;65517;65516;65516;65516;65515;65514;65516;65516
1681731906.2123818;2224.888519525528;52721;30006;64162;64820;52508;37974;63840;21560;65514;65516;65517;65517;65517;65514;65516;65515
1681731918.2783413;2236.9544789791107;52793;29826;64108;64779;52498;38070;63855;21555;65516;65516;65516;65515;65516;65516;65515;65515
1681731930.3771963;2249.0533339977264;52807;29933;64179;64820;52510;38022;63851;21018;65515;65515;65517;65517;65515;65515;65517;65516
1681731942.4539835;2261.130121231079;52795;30033;64092;64752;52589;38097;63843;21753;65515;65516;65516;65515;65516;65516;65516;65515
1681731954.5266907;2273.2028284072876;52781;29992;64152;64787;52616;38163;63843;21576;65517;65516;65515;65515;65516;65515;65516;65515
1681731966.5977097;2285.2738473415375;52825;29977;64241;64788;52560;38131;63837;21434;65515;65516;65517;65516;65516;65514;65515;65516
1681731978.6692417;2297.3453793525696;52731;29985;63940;64714;52533;38070;63840;21508;65515;65514;65516;65515;65514;65515;65516;65516
1681731990.740676;2309.4168136119843;52651;30124;63966;64723;52524;37980;63836;21440;65516;65516;65517;65516;65516;65515;65517;65516
1681732002.8077598;2321.483897447586;52656;30242;63967;64753;52514;37941;63827;21412;65515;65514;65514;65515;65514;65514;65516;65515
1681732014.877331;2333.5534687042236;52809;30186;64108;64800;52526;37908;63821;21500;65515;65515;65515;65516;65516;65515;65516;65515
1681732026.951954;2345.628091573715;52879;30450;64118;64757;52529;37974;63825;21629;65514;65515;65514;65515;65517;65514;65516;65515
1681732039.02219;2357.69832777977;52832;30185;64234;64818;52617;37975;63829;21727;65514;65516;65516;65515;65515;65515;65515;65515
1681732051.0990555;2369.7751932144165;52779;30055;64205;64816;52513;37998;63839;22117;65515;65515;65517;65517;65515;65514;65515;65515
1681732063.1699362;2381.8460738658905;52622;29975;64111;64785;52516;38014;63846;22028;65515;65516;65516;65515;65515;65514;65516;65515
1681732075.2420437;2393.9181814193726;52617;29881;64161;64824;52485;37750;63817;21705;65516;65515;65517;65516;65516;65515;65516;65516
1681732087.310796;2405.986933708191;52640;29764;64094;64768;52253;37465;63802;21677;65516;65515;65515;65516;65515;65514;65516;65516
1681732099.3819692;2418.0581068992615;52633;29657;64087;64812;52372;37606;63796;21453;65515;65515;65517;65517;65516;65515;65516;65517
1681732111.455419;2430.131556749344;52628;29521;64074;64764;52309;37439;63789;21415;65515;65515;65516;65517;65514;65515;65516;65516
1681732123.5262337;2442.2023713588715;52625;29690;64097;64794;52307;37419;63783;21414;65515;65517;65516;65516;65515;65515;65517;65516
1681732135.592244;2454.2683815956116;52641;29534;64026;64761;52299;37407;63790;21531;65516;65516;65516;65515;65517;65516;65517;65516
1681732147.6535602;2466.3296978473663;52654;29626;64156;64823;52298;37373;63798;21496;65517;65517;65518;65517;65517;65516;65518;65517
1681732159.7256074;2478.401745080948;52649;29524;64029;64719;52295;37340;63796;21503;65515;65517;65517;65517;65517;65517;65515;65515
1681732171.7972062;2490.473343849182;52604;29451;64002;64748;52288;37340;63789;21499;65516;65514;65517;65517;65515;65513;65515;65515
1681732183.8731499;2502.549287557602;52538;29467;63970;64728;52286;37286;63788;21492;65516;65516;65516;65517;65515;65516;65517;65516
1681732195.9465425;2514.6226801872253;52609;29579;63990;64738;52298;37277;63789;21441;65515;65515;65516;65516;65515;65515;65516;65516
1681732208.0180073;2526.694144964218;52549;29393;63992;64719;52278;37239;63779;21465;65515;65516;65516;65515;65516;65514;65518;65517
1681732220.0938957;2538.7700333595276;52549;29491;64025;64735;52264;37227;63782;21470;65516;65516;65517;65515;65516;65516;65517;65517
1681732232.1648448;2550.840982437134;52579;29405;63936;64693;52281;37239;63779;21474;65516;65516;65516;65516;65515;65514;65517;65516
1681732244.2357883;2562.9119260311127;52577;29526;63962;64700;52273;37158;63773;21351;65516;65517;65516;65517;65516;65515;65516;65516
1681732256.3093727;2574.9855103492737;52598;29262;63905;64698;52292;37212;63782;21368;65516;65516;65518;65517;65516;65515;65516;65516
1681732268.3806255;2587.0567631721497;52610;29426;63927;64723;52252;37152;63783;21372;65516;65517;65517;65518;65517;65517;65516;65516
1681732280.4494023;2599.1255400180817;52647;29435;63919;64713;52245;37095;63776;21306;65515;65516;65517;65517;65516;65515;65517;65516
1681732292.517571;2611.1937086582184;52619;29307;63945;64760;52247;37076;63775;21389;65515;65516;65516;65516;65516;65515;65517;65515
1681732304.5909932;2623.2671308517456;52645;29569;63958;64713;52250;37122;63778;21408;65515;65515;65516;65517;65516;65515;65517;65516
1681732316.6622033;2635.338340997696;52545;29499;63928;64716;52263;37125;63779;21368;65516;65517;65516;65517;65517;65516;65517;65516
1681732328.7330234;2647.409161090851;52651;29574;63904;64727;52251;37081;63771;21355;65515;65516;65517;65516;65515;65515;65516;65516
1681732340.8059025;2659.482040166855;52641;29332;63887;64708;52290;37119;63764;21412;65515;65516;65518;65518;65516;65516;65518;65517
1681732352.8735223;2671.5496599674225;52649;29520;63934;64702;52267;37106;63776;21394;65517;65517;65517;65517;65517;65516;65517;65516
1681732364.9479723;2683.624109983444;52675;29208;63928;64714;52263;37074;63782;21400;65515;65515;65517;65517;65516;65515;65517;65516
1681732377.0178;2695.693937778473;52688;29554;63968;64717;52240;37109;63784;21443;65514;65515;65517;65516;65517;65516;65517;65516
1681732389.0916607;2707.767798423767;52675;29593;63895;64697;52261;37087;63771;21452;65516;65515;65516;65517;65515;65517;65516;65515
1681732401.1624284;2719.8385660648346;52648;29461;64049;64779;52246;37061;63765;21365;65516;65515;65516;65517;65517;65516;65516;65516
1681732413.233567;2731.909704685211;52618;29509;63997;64729;52205;36975;63754;21265;65517;65516;65516;65516;65517;65516;65516;65516
1681732425.3067408;2743.982878446579;52358;29184;63742;64691;52209;37000;63762;21261;65516;65516;65517;65516;65516;65516;65516;65516
1681732437.4173286;2756.093466281891;52655;29283;64064;64759;52226;37058;63764;21389;65517;65516;65517;65517;65517;65516;65517;65515
1681732449.490751;2768.1668887138367;52611;29448;64088;64791;52240;37089;63772;21433;65516;65516;65517;65517;65517;65516;65517;65517
1681732461.5638888;2780.240026473999;52641;29346;64032;64759;52243;37044;63770;21404;65516;65517;65516;65517;65517;65516;65516;65517
1681732473.6349757;2792.311113357544;52614;29195;64082;64780;52263;37046;63774;21395;65516;65517;65517;65517;65516;65516;65517;65516
1681732485.7062619;2804.382399559021;52707;29378;64092;64775;52264;37036;63769;21356;65514;65514;65517;65516;65516;65515;65517;65516
1681732497.779322;2816.4554595947266;52674;29249;64015;64808;52267;37037;63769;21368;65515;65515;65515;65516;65516;65516;65517;65516
1681732509.850407;2828.526544570923;52669;29049;64050;64771;52286;37037;63773;21380;65516;65516;65516;65517;65516;65515;65517;65516
1681732521.9214656;2840.5976033210754;52634;29078;64072;64791;52286;37100;63782;21388;65516;65517;65517;65518;65516;65516;65516;65515
1681732533.9953315;2852.6714692115784;52640;29295;64016;64756;52277;37158;63778;21392;65516;65517;65518;65517;65517;65516;65517;65517
1681732546.0615366;2864.7376742362976;52623;29261;64009;64758;52286;37118;63771;21491;65515;65516;65516;65516;65515;65516;65516;65515
1681732558.137502;2876.813639640808;52668;29404;64139;64796;52291;37157;63768;21498;65515;65516;65516;65517;65516;65516;65517;65516
1681732570.2082736;2888.8844113349915;52638;29224;64089;64782;52331;37154;63758;21476;65516;65516;65517;65517;65515;65516;65517;65516
1681732582.281457;2900.9575946331024;52624;29264;64107;64806;52346;37161;63757;21542;65516;65515;65516;65516;65516;65515;65517;65515
1681732594.3853202;2913.0614578723907;52682;29563;64038;64767;52299;37108;63750;21441;65516;65516;65516;65517;65517;65516;65516;65517
1681732606.4592428;2925.1353805065155;52638;29371;64119;64829;52282;37167;63765;21536;65516;65516;65517;65517;65516;65515;65516;65515
1681732618.529549;2937.205686569214;52633;29450;64097;64788;52279;37168;63765;21516;65517;65516;65516;65517;65516;65517;65516;65515
1681732630.6005328;2949.2766704559326;52610;29230;64058;64781;52260;37158;63757;21554;65515;65515;65517;65517;65516;65515;65516;65515
1681732642.6739554;2961.350093126297;52636;29503;64131;64826;52268;37166;63758;21543;65516;65516;65516;65515;65516;65514;65517;65516
1681732654.7468514;2973.42298913002;52656;29614;64142;64822;52272;37128;63758;21487;65516;65517;65517;65516;65516;65516;65517;65517
1681732666.8183324;2985.4944701194763;52562;29543;64134;64812;52235;37098;63756;21463;65517;65516;65516;65517;65516;65516;65516;65515
1681732678.8894715;2997.56560921669;52661;29341;64205;64850;52204;37062;63744;21450;65516;65516;65517;65517;65516;65515;65516;65517
1681732690.9611378;3009.637275457382;52664;29501;64092;64775;52212;37065;63743;21426;65517;65517;65516;65516;65516;65514;65517;65516
1681732703.0326364;3021.7087740898132;52649;29686;64062;64767;52189;37025;63747;21342;65516;65516;65517;65517;65517;65517;65517;65516
1681732715.1037376;3033.779875278473;52658;29304;64111;64795;52158;36986;63730;21316;65516;65516;65517;65516;65516;65516;65515;65515
1681732727.1769555;3045.853093147278;52666;29429;64127;64806;52179;36987;63728;21354;65517;65516;65517;65517;65516;65515;65515;65517
1681732739.2501051;3057.926242828369;52671;29530;64117;64786;52188;36991;63734;21279;65516;65516;65516;65516;65515;65515;65516;65516
1681732751.3198109;3069.9959485530853;52678;29211;64116;64814;52205;36917;63740;21253;65515;65517;65516;65516;65516;65515;65516;65515
1681732763.3895392;3082.0656769275665;52668;29249;64120;64809;52205;36918;63741;21380;65516;65517;65516;65517;65516;65516;65517;65516
1681732775.4606824;3094.136820077896;52661;29404;64092;64781;52232;37040;63750;21392;65516;65516;65517;65517;65516;65514;65517;65517
1681732787.5319843;3106.2081220149994;52673;29381;64014;64731;52250;37084;63758;21365;65514;65515;65516;65516;65516;65515;65516;65516
1681732799.602589;3118.278726577759;52636;29404;63974;64760;52250;37126;63751;21423;65516;65516;65517;65517;65515;65514;65516;65516
1681732811.6737306;3130.349868297577;52626;29378;63964;64732;52244;37124;63757;21497;65516;65516;65515;65516;65515;65516;65516;65515
1681732823.7460914;3142.42222905159;52646;29375;63946;64713;52256;37104;63757;21417;65515;65515;65517;65515;65515;65515;65517;65515
1681732835.8136322;3154.489769935608;52650;29407;64023;64732;52253;37166;63755;21379;65516;65516;65515;65515;65515;65516;65516;65516
1681732847.8846526;3166.5607903003693;52624;29465;64015;64741;52264;37243;63759;21555;65515;65515;65515;65516;65516;65515;65515;65516
1681732859.9555705;3178.6317081451416;52621;29480;63967;64714;52280;37246;63763;21554;65516;65516;65516;65517;65516;65516;65516;65515
1681732872.0290332;3190.7051708698273;52640;29328;63967;64715;52286;37252;63765;21541;65516;65516;65517;65517;65516;65516;65515;65514
1681732884.1002195;3202.7763571739197;52641;29332;63874;64658;52309;37282;63764;21539;65516;65516;65517;65517;65516;65517;65517;65516
1681732896.1756468;3214.851784467697;52632;29457;63905;64672;52316;37282;63765;21545;65515;65516;65517;65516;65516;65515;65516;65516
1681732908.2539663;3226.9301040172577;52625;29417;63877;64668;52340;37295;63766;21521;65516;65515;65516;65516;65516;65516;65515;65516
1681732920.3218148;3238.9979524612427;52606;29392;63872;64666;52343;37294;63772;21517;65517;65516;65516;65516;65515;65516;65517;65516
1681732932.392598;3251.068735599518;52570;29356;63929;64696;52320;37301;63763;21588;65516;65515;65517;65516;65516;65516;65516;65515
1681732944.4574592;3263.1335968971252;52570;29384;63947;64710;52327;37288;63761;21639;65515;65516;65516;65515;65515;65515;65516;65515
1681732956.5338662;3275.2100038528442;52569;29249;64028;64762;52340;37293;63780;21527;65517;65517;65516;65516;65516;65516;65517;65515
1681732968.6335602;3287.30969786644;52533;29267;64023;64750;52351;37280;63769;21553;65516;65516;65518;65517;65515;65516;65517;65516
1681732980.7046661;3299.380803823471;52563;29548;64028;64763;52356;37263;63770;21461;65515;65516;65516;65517;65517;65516;65516;65515
1681732992.7775671;3311.4537048339844;52575;29572;64025;64743;52314;37136;63753;21349;65515;65516;65517;65517;65516;65516;65516;65515
1681733004.847703;3323.5238406658173;52553;29469;64019;64728;52295;37071;63756;21304;65516;65516;65516;65516;65515;65516;65517;65516
1681733016.9094665;3335.5856041908264;52565;29482;63985;64735;52298;37129;63748;21348;65516;65516;65517;65516;65515;65516;65515;65515
1681733028.9774995;3347.6536371707916;52613;29477;63972;64720;52294;37108;63757;21413;65516;65516;65517;65517;65516;65517;65516;65516
1681733041.050602;3359.7267396450043;52530;29325;64070;64769;52308;37082;63750;21443;65515;65516;65517;65516;65517;65516;65516;65517
1681733053.1215737;3371.7977113723755;52513;29466;64007;64743;52290;37093;63755;21472;65516;65515;65516;65516;65515;65516;65516;65515
1681733065.1963317;3383.8724694252014;52579;29442;64078;64772;52279;37103;63761;21488;65516;65517;65517;65517;65516;65517;65516;65515
1681733077.2688334;3395.9449710845947;52540;29414;64035;64734;52289;37128;63767;21467;65515;65516;65517;65516;65517;65516;65516;65516
1681733089.3318548;3408.007992506027;52580;29371;64070;64769;52295;37137;63759;21522;65516;65517;65516;65517;65516;65516;65518;65516
1681733101.4295;3420.1056377887726;52543;29332;64066;64759;52300;37191;63759;21552;65516;65517;65517;65516;65516;65517;65517;65516
1681733113.5023644;3432.1785020828247;52561;29293;64063;64770;52311;37214;63768;21569;65515;65514;65517;65516;65517;65516;65517;65516
1681733125.5773716;3444.253509283066;52580;29233;64078;64783;52312;37201;63761;21572;65516;65515;65516;65516;65517;65516;65517;65516
1681733137.6491258;3456.3252635002136;52558;29269;64183;64828;52292;37178;63764;21510;65515;65514;65517;65516;65515;65517;65517;65516
1681733149.7200603;3468.3961980342865;52572;29344;64096;64794;52265;37176;63748;21491;65516;65516;65517;65516;65514;65514;65516;65515
1681733161.7926185;3480.468756198883;52544;29426;64159;64775;52281;37152;63754;21488;65516;65516;65517;65516;65515;65515;65516;65516
1681733173.8614318;3492.5375695228577;52508;29307;64128;64803;52286;37162;63744;21465;65516;65516;65516;65516;65515;65516;65517;65517
1681733185.9322321;3504.6083698272705;52555;29525;64138;64804;52300;37190;63752;21483;65516;65515;65515;65516;65516;65515;65517;65517
1681733198.0051265;3516.6812641620636;52519;29182;64167;64825;52305;37239;63759;21556;65516;65516;65517;65516;65516;65516;65517;65516
1681733210.077421;3528.7535586357117;52553;29406;64153;64812;52313;37264;63761;21684;65517;65516;65517;65517;65517;65516;65517;65516
1681733222.1483266;3540.8244643211365;52537;29295;64213;64842;52315;37301;63769;21650;65516;65517;65517;65516;65517;65517;65517;65517
1681733234.2239335;3552.900071144104;52534;29520;64201;64847;52317;37311;63768;21669;65516;65516;65516;65516;65517;65515;65515;65515
1681733246.297747;3564.9738845825195;52529;29369;64201;64813;52318;37305;63760;21665;65516;65516;65517;65517;65516;65516;65517;65515
1681733258.3836546;3577.059792280197;52585;29469;64205;64843;52318;37320;63764;21719;65517;65517;65517;65516;65516;65516;65516;65516
1681733270.454594;3589.1307315826416;52648;29410;64148;64841;52326;37322;63760;21709;65516;65517;65516;65517;65517;65517;65516;65516
1681733282.5267375;3601.202875137329;52346;29348;64203;64845;52355;37344;63761;20868;65516;65517;65517;65517;65515;65517;65516;65516
1681733294.5895658;3613.2657034397125;52607;29535;64158;64834;52313;37302;63752;21578;65517;65517;65516;65516;65516;65515;65516;65516
1681733306.660387;3625.3365247249603;52617;29473;64221;64863;52316;37286;63754;21588;65516;65516;65517;65517;65516;65516;65516;65517
1681733318.731654;3637.4077916145325;52527;29457;64148;64819;52332;37329;63763;21572;65515;65516;65517;65516;65516;65515;65517;65515
1681733330.7942934;3649.4704310894012;52558;29785;64262;64894;52333;37362;63760;21620;65516;65516;65517;65516;65516;65516;65516;65516
1681733342.861472;3661.537609577179;52520;29512;64234;64881;52305;37325;63757;21692;65516;65516;65516;65517;65516;65516;65516;65516
1681733354.9322147;3673.6083524227142;52514;29528;64107;64810;52311;37288;63757;21631;65516;65515;65517;65517;65516;65516;65516;65515
1681733367.0055573;3685.681694984436;52527;29447;64171;64826;52311;37310;63747;21621;65516;65516;65517;65516;65516;65517;65515;65514
1681733379.0779495;3697.7540872097015;52655;29492;64160;64842;52286;37254;63750;21515;65514;65516;65516;65516;65515;65516;65517;65516
1681733391.1448936;3709.821031332016;52671;29677;64229;64856;52277;37211;63747;21390;65516;65515;65516;65516;65516;65516;65517;65515
1681733403.218432;3721.8945696353912;52681;29526;64197;64839;52283;37225;63747;21441;65514;65515;65516;65516;65516;65517;65517;65516
1681733415.2883675;3733.9645051956177;52700;29668;64191;64835;52282;37254;63748;21453;65515;65517;65517;65517;65517;65516;65516;65516
1681733427.3580644;3746.0342020988464;52664;29676;64171;64838;52299;37255;63740;21401;65516;65515;65516;65516;65515;65515;65517;65516
1681733439.4278038;3758.1039414405823;52701;29537;64097;64800;52275;37165;63729;21285;65514;65517;65517;65516;65515;65514;65516;65515
1681733451.4976187;3770.1737563610077;52706;29592;64131;64800;52294;37176;63734;21302;65515;65516;65517;65517;65517;65517;65516;65515
1681733463.5676966;3782.243834257126;52651;29577;64070;64767;52280;37196;63733;21313;65515;65516;65517;65516;65516;65515;65515;65515
1681733475.637597;3794.313734769821;52661;29528;64131;64806;52249;37151;63724;21275;65514;65516;65516;65517;65515;65515;65516;65516
1681733487.7073486;3806.3834862709045;52655;29430;64103;64780;52259;37177;63740;21353;65516;65514;65517;65516;65516;65516;65517;65516
1681733499.7771192;3818.4532568454742;52666;29562;64123;64799;52267;37164;63725;21316;65514;65514;65516;65516;65516;65515;65516;65515
1681733511.846635;3830.5227727890015;52651;29361;64151;64815;52264;37148;63731;21415;65516;65516;65517;65516;65516;65515;65516;65516
1681733523.9098876;3842.586025238037;52656;29329;64107;64607;52188;37170;63738;21425;65515;65516;65517;65516;65517;65515;65517;65515
1681733535.9800448;3854.656182527542;52624;29442;64077;64777;52305;37191;63747;21410;65516;65516;65517;65517;65516;65516;65516;65516
1681733548.053901;3866.7300386428833;52601;29363;64105;64799;52295;37210;63744;21451;65515;65516;65517;65516;65515;65515;65516;65515
1681733560.124847;3878.800984621048;52618;29524;64229;64828;52393;37273;63745;21421;65514;65515;65516;65516;65515;65516;65515;65514
1681733572.1995895;3890.8757271766663;52695;29460;64214;64835;52397;37328;63746;21462;65516;65516;65516;65517;65518;65516;65516;65516
1681733584.269466;3902.945603609085;52758;29489;64059;64764;52378;36348;63746;21569;65517;65516;65516;65516;65516;65517;65517;65517
1681733596.3390067;3915.0151443481445;52664;29520;64100;64747;52318;36329;63763;20875;65516;65516;65517;65516;65516;65515;65517;65515
1681733608.4141316;3927.0902693271637;52587;29488;64210;64747;52312;36349;63740;20912;65514;65514;65516;65517;65516;65515;65516;65518
1681733620.4840174;3939.160155057907;52590;29461;64120;64776;52308;36573;63749;20897;65515;65516;65516;65516;65516;65515;65515;65515
1681733632.5538309;3951.229968547821;52473;29526;64087;64765;52335;36637;63747;20904;65513;65515;65516;65516;65515;65513;65516;65515
1681733644.6249187;3963.3010563850403;52513;29334;64035;64737;52327;36604;63750;20959;65516;65516;65516;65515;65517;65514;65516;65516
1681733656.6902544;3975.36639213562;52628;29382;64092;64761;52322;36694;63752;20946;65516;65515;65516;65517;65516;65515;65516;65516
1681733668.7598493;3987.435986995697;52608;29520;64189;64745;52328;36698;63754;20945;65514;65516;65516;65516;65514;65515;65515;65515
1681733680.8304791;3999.506616830826;52625;29314;64146;64775;52524;36764;63750;20921;65516;65515;65515;65516;65517;65515;65517;65515
1681733692.902181;4011.5783185958862;52711;29326;64194;64807;51872;36774;63702;20913;65513;65516;65515;65516;65515;65514;65515;65515
1681733704.9686954;4023.644833087921;52559;29424;64028;64721;51829;36733;63717;21003;65514;65516;65516;65515;65515;65514;65514;65515
1681733717.0412943;4035.7174320220947;52546;29366;64053;64735;51943;36861;63717;20891;65515;65516;65514;65515;65516;65515;65516;65515
1681733729.11191;4047.7880477905273;52525;29485;63968;64711;51816;36768;63710;21008;65514;65513;65515;65514;65514;65514;65515;65515
1681733741.1888359;4059.8649735450745;52559;29419;64047;64750;51840;36747;63698;20896;65515;65516;65515;65516;65514;65515;65517;65516
1681733753.2634966;4071.93963432312;52547;29307;64034;64724;51783;36636;63697;20902;65514;65516;65516;65516;65515;65514;65516;65516
1681733765.3372686;4084.013406276703;52518;29218;63959;64706;51754;36551;63687;20897;65515;65515;65515;65516;65516;65515;65515;65514
1681733777.4137313;4096.089869022369;52525;29250;64018;64509;51443;35995;63669;20894;65515;65516;65516;65517;65515;65515;65516;65513
1681733789.4851344;4108.16127204895;52221;29127;63537;64453;51545;36152;63624;20260;65516;65515;65515;65517;65516;65515;65514;65513
1681733801.5565724;4120.232710123062;52139;29048;63498;64447;51449;35897;63625;20258;65515;65516;65516;65516;65516;65516;65515;65514
1681733813.6285737;4132.304711341858;52434;29358;63968;64696;51635;36202;63646;20461;65516;65518;65516;65516;65516;65515;65514;65514
1681733825.6925402;4144.368677854538;52564;29279;63943;64684;51784;36446;63685;20887;65515;65516;65516;65516;65516;65515;65516;65516
1681733837.7633536;4156.439491271973;52559;29296;63930;64672;51782;36476;63694;20890;65515;65515;65516;65516;65515;65515;65516;65516
1681733849.8375115;4168.513649225235;52529;29449;64006;64694;51787;36523;63694;20894;65516;65515;65517;65516;65516;65514;65516;65515
1681733861.9105937;4180.586731433868;52510;29379;63939;64690;51769;36472;63692;20906;65515;65514;65515;65516;65515;65515;65516;65516
1681733873.9858487;4192.661986351013;52493;29415;64044;64745;51783;36431;63683;20927;65513;65516;65516;65517;65515;65515;65518;65516
1681733886.0570755;4204.733213186264;52547;29175;63910;64664;51788;36493;63697;20869;65516;65516;65517;65517;65516;65517;65517;65516
1681733898.1279936;4216.804131269455;52548;29456;63950;64696;51807;36042;63693;20867;65517;65517;65517;65517;65517;65516;65517;65517
1681733910.1965337;4228.872671365738;52565;29434;63924;64670;51785;36494;63688;20893;65515;65515;65517;65517;65517;65516;65516;65515
1681733922.2675645;4240.943702220917;52530;29128;63908;64654;51799;36482;63685;20895;65514;65514;65515;65516;65516;65514;65516;65515
1681733934.3393023;4253.015439987183;52470;29169;63949;64653;51784;36401;63682;20805;65514;65515;65515;65515;65517;65515;65515;65516
1681733946.4170952;4265.093232870102;52449;29237;64002;64713;51759;36405;63675;20848;65515;65515;65517;65516;65515;65514;65516;65516
1681733958.492637;4277.168774604797;52448;29433;64167;64806;51766;36427;63677;20823;65515;65516;65516;65516;65516;65515;65516;65515
1681733970.563685;4289.239822626114;52431;29346;64198;64831;51764;36457;63678;20824;65515;65516;65516;65516;65517;65514;65517;65515
1681733982.6369233;4301.313060998917;52467;29214;64177;64820;51772;36446;63675;20807;65515;65514;65517;65517;65515;65514;65516;65516
1681733994.7055979;4313.381735563278;52474;29303;64145;64794;51772;36439;63677;20829;65515;65515;65516;65516;65516;65516;65516;65515
1681734006.7764957;4325.45263338089;52467;29271;64141;64781;51784;36433;63690;20832;65514;65515;65515;65517;65514;65515;65516;65515
1681734018.8474536;4337.5235912799835;52483;29228;64141;64785;51773;36421;63677;20854;65517;65517;65516;65515;65514;65515;65515;65515
1681734030.9202182;4349.59635591507;52497;29352;64086;64776;51774;36461;63677;20855;65514;65515;65516;65514;65514;65515;65515;65516
1681734042.9954739;4361.67161154747;52484;29570;64135;64786;51766;36383;63682;20832;65515;65515;65516;65517;65516;65514;65516;65514
1681734055.0664933;4373.742630958557;52387;29478;64130;64778;51788;36444;63684;20821;65515;65515;65515;65517;65515;65515;65516;65515
1681734067.139039;4385.815176725388;52582;29473;64124;64800;51774;36483;63678;20748;65516;65516;65515;65516;65515;65515;65516;65517
1681734079.2028303;4397.878968000412;52614;29409;64182;64805;51824;36516;63688;20761;65515;65516;65516;65516;65516;65516;65517;65513
1681734091.2739658;4409.950103521347;52480;29424;64111;64773;51801;36617;63688;20808;65516;65517;65515;65515;65516;65515;65516;65515
1681734103.3489249;4422.025062561035;52203;29311;64081;64763;51801;36587;63670;20438;65516;65516;65516;65516;65516;65516;65517;65516
1681734115.422385;4434.0985226631165;52540;29217;64182;64826;51746;36454;63676;20738;65513;65514;65514;65515;65516;65515;65516;65515
1681734127.4957917;4446.171929359436;52421;29260;64179;64821;51705;36392;63659;20712;65516;65516;65516;65516;65515;65514;65516;65516
1681734139.566772;4458.242909669876;52447;29189;64066;64752;51641;36247;63667;20694;65516;65516;65516;65516;65516;65516;65517;65515
1681734151.6397455;4470.315883159637;52487;29247;64016;64719;51661;36221;63644;20665;65516;65517;65516;65517;65516;65516;65516;65514
1681734163.7107215;4482.386859178543;52442;29176;64006;64698;51663;36242;63652;20689;65515;65516;65516;65517;65516;65516;65515;65515
1681734175.7817245;4494.457862138748;52410;29054;63958;64680;51632;36207;63648;20700;65515;65516;65517;65517;65516;65516;65517;65516
1681734187.852562;4506.528699636459;52409;29079;63996;64696;51660;36220;63655;20713;65516;65516;65517;65517;65516;65515;65517;65516
1681734199.9258034;4518.601941108704;52412;29108;64001;64713;51644;36222;63651;20703;65515;65515;65517;65516;65516;65516;65517;65516
1681734212.0012398;4530.677377462387;52400;29102;64011;64707;51635;36207;63647;20689;65516;65516;65515;65516;65516;65515;65516;65515
1681734224.072295;4542.748432636261;52391;29264;64024;64718;51627;36173;63649;20700;65514;65515;65515;65515;65515;65515;65516;65515
1681734236.1449907;4554.821128368378;52461;28833;63967;64683;51616;36087;63639;20600;65514;65515;65516;65516;65513;65515;65516;65515
1681734248.213676;4566.889813661575;52433;28801;64063;64717;51676;36255;63658;20630;65514;65515;65516;65515;65515;65516;65517;65515
1681734260.2882953;4578.964432954788;52447;28936;64005;64699;51651;36147;63633;20663;65515;65515;65517;65516;65516;65515;65516;65516
1681734272.3503916;4591.026529312134;52455;29003;64039;64743;51636;36192;63643;20646;65516;65516;65516;65517;65515;65514;65517;65516
1681734284.4276986;4603.103836297989;52389;28836;63624;64540;51649;36234;63637;20660;65515;65516;65515;65515;65514;65515;65515;65516
1681734296.4989507;4615.175088405609;52395;29025;64079;64728;51636;36149;63647;20696;65515;65515;65516;65515;65515;65515;65517;65514
1681734308.5699432;4627.246080875397;52358;29143;64029;64723;51687;36221;63654;20734;65516;65515;65515;65517;65517;65516;65517;65516
1681734320.6376765;4639.313814163208;52392;28858;63976;64683;51685;36223;63648;20702;65515;65516;65516;65515;65515;65515;65515;65514
1681734332.7074735;4651.38361120224;52361;28996;63990;64697;51667;36193;63649;20729;65517;65516;65517;65515;65515;65516;65517;65514
1681734344.7789466;4663.455084323883;52376;28995;63998;64695;51655;36169;63647;20734;65514;65516;65516;65516;65515;65514;65516;65516
1681734356.8498652;4675.526002883911;52466;29194;63979;64685;51704;36243;63648;20699;65515;65515;65517;65516;65516;65515;65516;65514
1681734368.9205985;4687.596736192703;52371;29296;63985;64696;51714;36288;63661;20659;65516;65516;65516;65516;65515;65515;65516;65515
1681734380.9958632;4699.67200088501;52433;29316;63976;64693;51729;36346;63656;20723;65515;65516;65517;65516;65516;65515;65516;65516
1681734393.0668695;4711.743007183075;52300;28876;63465;64498;51722;36338;63646;20642;65514;65515;65516;65516;65516;65516;65516;65515
1681734405.137812;4723.813949584961;52416;28782;63933;64651;51659;36115;63633;20590;65516;65515;65516;65516;65515;65515;65517;65517
1681734417.2107427;4735.886880397797;52418;28967;63939;64645;51622;36114;63635;20613;65515;65515;65516;65515;65516;65514;65516;65516
1681734429.2816734;4747.957811117172;52421;28645;63900;64644;51605;36081;63633;20613;65516;65517;65516;65515;65516;65515;65515;65515
1681734441.3534915;4760.029629230499;52443;28893;63903;64638;51653;36096;63638;20612;65516;65517;65517;65517;65517;65515;65517;65517
1681734453.4277117;4772.103849411011;52436;29026;63922;64668;51647;36158;63647;20682;65517;65516;65516;65517;65515;65516;65517;65516
1681734465.5015843;4784.177721977234;52452;29098;63888;64642;51653;36166;63656;20723;65516;65515;65516;65517;65515;65514;65516;65515
1681734477.5726402;4796.2487778663635;52388;29204;63881;64635;51659;36173;63654;20664;65516;65515;65517;65517;65516;65515;65516;65516
1681734489.6436949;4808.3198325634;52396;29125;63884;64637;51673;36147;63643;20693;65514;65515;65516;65516;65516;65516;65517;65515
1681734501.7157054;4820.391843080521;52352;29094;63869;64636;51666;36192;63649;20689;65514;65515;65516;65515;65515;65514;65517;65515
1681734513.7864978;4832.46263551712;52363;29236;63878;64638;51675;36219;63650;20678;65513;65514;65516;65513;65514;65514;65516;65515
1681734525.8574202;4844.533557891846;52346;29294;63873;64638;51704;36280;63660;20689;65514;65515;65516;65516;65515;65515;65517;65516
1681734537.9283626;4856.604500293732;52344;29140;63874;64635;51705;36299;63653;20691;65515;65516;65516;65515;65516;65514;65516;65516
1681734550.0061948;4868.682332515717;52321;28996;63860;64631;51675;36242;63651;20681;65515;65515;65516;65514;65515;65514;65517;65514
1681734562.0771966;4880.753334283829;52572;29178;63886;64648;51691;36257;63650;20699;65515;65514;65515;65516;65516;65515;65516;65515
1681734574.1482143;4892.824352025986;52360;29288;63928;64663;51685;36312;63661;20719;65514;65514;65517;65516;65517;65516;65516;65514
1681734586.219778;4904.895915746689;52330;29163;63928;64658;51706;36345;63654;20732;65516;65516;65517;65517;65516;65514;65518;65516
1681734598.2920167;4916.968154430389;52324;29046;63930;64659;51680;36273;63658;20772;65516;65516;65517;65517;65516;65516;65517;65516
1681734610.385114;4929.06125164032;52315;29242;63896;64634;51672;36277;63660;20750;65516;65516;65516;65516;65515;65516;65516;65515
1681734622.4618485;4941.1379861831665;52357;29322;63895;64644;51678;36301;63654;20723;65515;65516;65517;65516;65516;65516;65516;65516
1681734634.535694;4953.211831569672;52357;29107;63921;64652;51669;36239;63654;20723;65515;65516;65516;65516;65516;65515;65517;65515
1681734646.606538;4965.282675743103;52344;29303;63936;64658;51701;36326;63653;20782;65515;65516;65515;65517;65515;65516;65517;65516
1681734658.6776276;4977.353765249252;52371;29258;63934;64660;51711;36364;63653;20730;65515;65515;65516;65517;65516;65515;65516;65515
1681734670.7472892;4989.423426866531;52310;29217;63939;64661;51703;36326;63644;20707;65516;65516;65516;65516;65516;65516;65517;65515
1681734682.8182144;5001.49435210228;52401;29365;63929;64652;51697;36238;63645;20682;65515;65515;65516;65516;65515;65515;65517;65516
1681734694.8896291;5013.565766811371;52430;29294;63923;64645;51652;36212;63644;20688;65515;65515;65516;65516;65516;65516;65515;65515
1681734706.9626074;5025.638745069504;52398;29301;64010;64697;51648;36240;63645;20688;65515;65516;65517;65516;65515;65516;65516;65515
1681734719.0373585;5037.713496208191;52414;29288;64006;64729;51677;36305;63648;20696;65516;65515;65516;65515;65516;65516;65517;65515
1681734731.10187;5049.778007745743;52395;29293;64008;64700;51699;36299;63649;20705;65515;65515;65517;65516;65515;65515;65517;65516
1681734743.173425;5061.8495626449585;52419;29219;63945;64653;51715;36335;63660;20720;65515;65517;65515;65515;65516;65516;65515;65514
1681734755.2463574;5073.922495126724;52390;29141;63972;64676;51695;36299;63643;20728;65516;65515;65516;65515;65516;65516;65516;65516
1681734767.3634007;5086.039538383484;52430;29232;63981;64681;51704;36269;63645;20700;65516;65515;65516;65518;65516;65515;65516;65515
1681734779.4360697;5098.11220741272;52417;29221;63900;64637;51704;36310;63652;20721;65515;65516;65515;65516;65515;65515;65517;65515
1681734791.506772;5110.182909727097;52444;29305;63904;64649;51718;36316;63643;20691;65515;65514;65516;65516;65516;65516;65516;65515
1681734803.57838;5122.254517793655;52459;29203;63946;64713;51692;36320;63641;20717;65515;65515;65515;65515;65517;65516;65516;65515
1681734815.6512344;5134.327372074127;52397;29417;63935;64703;51683;36312;63649;20718;65516;65515;65516;65517;65517;65514;65516;65515
1681734827.8191752;5146.495312929153;52337;29175;63894;64607;51695;36339;63651;20726;65514;65516;65516;65517;65516;65515;65516;65515
1681734839.890191;5158.566328763962;52452;29138;63819;64603;51671;36260;63650;20734;65516;65514;65516;65516;65516;65515;65515;65515
1681734851.9613934;5170.637531042099;52411;29422;63868;64621;51706;36280;63645;20769;65516;65517;65517;65514;65516;65515;65516;65515
1681734864.0345123;5182.710649967194;52418;29382;63881;64620;51714;35881;63645;20745;65516;65515;65516;65515;65515;65515;65516;65516
1681734876.1055171;5194.781654834747;52450;29261;63899;64627;51681;36303;63649;20698;65514;65516;65515;65515;65515;65515;65516;65515
1681734888.279755;5206.955892801285;52415;29255;63919;64634;51704;36328;63644;20674;65514;65515;65516;65515;65514;65515;65516;65516
1681734900.3501005;5219.026238203049;52385;29292;63914;64634;51678;36255;63651;20685;65514;65515;65517;65516;65517;65517;65517;65514
1681734912.4203277;5231.096465349197;52390;29391;63892;64627;51728;36343;63655;20727;65516;65516;65516;65516;65516;65516;65517;65515
1681734924.4901264;5243.166264057159;52374;29173;63908;64643;51761;36369;63657;20742;65515;65515;65517;65516;65514;65515;65516;65516
1681734936.5619628;5255.238100528717;52361;29026;63897;64652;51714;35996;63645;20757;65516;65516;65517;65516;65514;65516;65515;65516
1681734948.638796;5267.3149337768555;52036;29072;63713;64618;51702;36267;63641;20503;65515;65517;65516;65517;65516;65515;65516;65515
1681734960.7053342;5279.38147187233;52414;29227;63923;64648;51696;36222;63634;20598;65515;65515;65516;65516;65515;65517;65516;65515
1681734972.7799926;5291.45613026619;52384;29335;63962;64670;51697;36309;63635;20502;65516;65516;65517;65516;65516;65515;65516;65515
1681734984.8502026;5303.526340246201;52349;29244;63909;64638;51729;36336;63633;20487;65515;65516;65516;65516;65516;65514;65515;65513
1681734996.9226248;5315.598762512207;52410;29341;63924;64677;51724;36357;63636;20516;65515;65515;65516;65516;65515;65515;65516;65515
1681735008.992221;5327.668358802795;52415;29484;63911;64640;51757;36451;63651;20533;65516;65515;65516;65516;65514;65514;65516;65515
1681735021.0619533;5339.738090991974;52390;29382;64003;64653;51758;36440;63652;20542;65515;65515;65514;65515;65514;65514;65516;65516
1681735033.1375577;5351.813695430756;52364;29089;63938;64685;51734;36391;63641;20526;65515;65515;65516;65516;65516;65515;65515;65515
1681735045.205697;5363.881834745407;52371;29043;63894;64634;51754;36350;63648;20502;65517;65516;65516;65517;65516;65516;65516;65515
1681735057.2785654;5375.954703092575;52361;28955;63992;64693;51715;36368;63635;20509;65515;65515;65515;65516;65515;65514;65516;65516
1681735069.3819077;5388.058045387268;52264;29154;63960;64666;51707;36313;63644;20507;65516;65515;65517;65516;65516;65515;65517;65515
1681735081.4517632;5400.127900838852;52289;29192;63957;64672;51727;36379;63655;20499;65514;65513;65516;65517;65515;65517;65517;65516
1681735093.523877;5412.200014591217;52321;29244;64035;64696;51732;36428;63658;20534;65515;65515;65515;65516;65515;65515;65516;65516
1681735105.5955172;5424.271654844284;52259;29254;63932;64639;51735;36406;63658;20529;65515;65516;65515;65516;65516;65515;65516;65515
1681735117.6657522;5436.341889858246;52304;29085;63890;64618;51701;36304;63657;20480;65515;65516;65516;65515;65516;65516;65515;65515
1681735129.7331135;5448.409251213074;52347;29295;63995;64689;51701;36335;63645;20490;65515;65516;65516;65515;65515;65516;65516;65516
1681735141.8033087;5460.479446411133;52356;29160;64027;64611;51678;36229;63638;20479;65513;65516;65516;65516;65515;65515;65516;65515
1681735153.8744402;5472.550577878952;52325;29085;63901;64603;51659;36163;63629;20450;65514;65515;65515;65515;65514;65516;65517;65516
1681735165.9463575;5484.622495174408;52354;29378;63919;64634;51673;36250;63631;20509;65515;65515;65517;65515;65515;65515;65517;65516
1681735178.016264;5496.692401647568;52368;29292;64038;64675;51677;36190;63635;20493;65514;65515;65516;65516;65517;65516;65516;65515
1681735190.086006;5508.762143611908;52365;29296;63923;64646;51706;36340;63644;20560;65514;65514;65517;65517;65515;65515;65515;65514
1681735202.158685;5520.834822654724;52366;29229;63885;64627;51702;36356;63644;20556;65515;65516;65516;65515;65515;65515;65516;65515
1681735214.2294729;5532.905610561371;52372;29345;64014;64630;51694;36345;63633;20498;65515;65515;65516;65516;65516;65516;65517;65514
1681735226.3091607;5544.985298395157;52357;29320;63495;64509;51593;36309;63639;20489;65516;65516;65516;65514;65516;65516;65517;65514
1681735238.3831906;5557.059328317642;52390;29285;63880;64625;51704;36314;63643;20525;65514;65515;65516;65516;65516;65516;65516;65515
1681735250.453274;5569.129411697388;52337;29318;63950;64737;51681;36326;63639;20509;65514;65514;65515;65515;65514;65515;65515;65515
1681735262.5231724;5581.199310064316;52324;29211;64103;64745;51711;36391;63645;20535;65517;65516;65515;65516;65515;65515;65516;65515
1681735274.5934381;5593.269575834274;52350;29372;64117;64757;51695;36375;63648;20543;65514;65515;65516;65515;65515;65516;65517;65514
1681735286.6618822;5605.33801984787;52397;29319;64113;64757;51687;36305;63634;20505;65516;65515;65516;65515;65515;65515;65515;65514
1681735298.7290297;5617.405167341232;52378;29302;64142;64762;51666;36296;63632;20537;65514;65514;65515;65514;65514;65514;65514;65514
1681735310.7895312;5629.465668916702;52367;29114;64064;64724;51678;36317;63632;20564;65514;65515;65515;65515;65514;65514;65514;65514
1681735322.8595026;5641.535640239716;52279;29112;64059;64722;51666;36281;63623;20519;65514;65514;65515;65514;65515;65514;65517;65514
1681735334.9312143;5653.607352018356;52364;29229;63995;64678;51654;36220;63611;20502;65511;65513;65516;65515;65515;65515;65515;65515
1681735347.0011852;5665.6773228645325;51981;29127;63542;64441;51453;36104;63615;20043;65515;65515;65515;65515;65516;65514;65515;65513
1681735359.0707433;5677.746881008148;52428;29076;64026;64696;51630;36140;63614;20405;65514;65515;65515;65516;65515;65515;65515;65515
1681735371.1414003;5689.817538022995;52307;29249;63964;64680;51648;36195;63620;20449;65514;65514;65515;65514;65514;65514;65516;65515
1681735383.2134957;5701.8896334171295;52274;29346;63994;64681;51709;36348;63637;20525;65514;65515;65517;65516;65515;65514;65514;65515
1681735395.283507;5713.959644794464;52311;29298;64071;64734;51725;36403;63645;20514;65514;65513;65516;65515;65513;65515;65516;65515
1681735407.3541987;5726.030336380005;52349;29145;64048;64716;51722;36373;63660;20549;65513;65514;65515;65516;65514;65515;65514;65514
1681735419.426157;5738.102294683456;52399;29149;64054;64718;51718;36383;63662;20555;65515;65515;65514;65515;65515;65514;65514;65514
1681735431.4896574;5750.165795087814;52341;28897;64023;64704;51706;36321;63648;20520;65515;65515;65515;65515;65514;65513;65515;65512
1681735443.5595117;5762.235649347305;52342;29071;64020;64687;51688;36329;63645;20501;65515;65515;65515;65515;65514;65515;65515;65514
1681735455.6206198;5774.2967574596405;52330;29141;64002;64670;51699;36350;63645;20501;65513;65515;65516;65515;65515;65515;65515;65515
1681735467.6894484;5786.365586042404;52332;29136;64023;64684;51688;36289;63642;20483;65514;65514;65516;65515;65514;65513;65516;65515
1681735479.7710617;5798.447199344635;52358;28926;64132;64755;51687;36272;63642;20479;65515;65515;65516;65515;65513;65514;65514;65514
1681735491.8437364;5810.519874095917;52356;28937;64057;64708;51702;36389;63659;20521;65514;65513;65515;65515;65514;65514;65515;65514
1681735503.9179773;5822.594115018845;52295;29031;64069;64717;51694;36370;63644;20536;65514;65516;65514;65514;65514;65515;65515;65515
1681735515.981747;5834.657884597778;52330;28836;64070;64724;51687;36363;63641;20503;65515;65516;65517;65516;65514;65515;65517;65516
1681735528.0488188;5846.724956512451;52356;28854;64041;64713;51720;36431;63652;20514;65515;65514;65515;65514;65515;65515;65516;65515
1681735540.121219;5858.79735660553;52326;28964;64052;64712;51732;36560;63664;20619;65513;65515;65514;65514;65514;65512;65516;65514
1681735552.1894517;5870.865589380264;52285;28854;64057;64712;51724;36496;63653;20553;65514;65515;65515;65514;65515;65513;65515;65514
1681735564.2717438;5882.94788146019;52299;28983;63975;64669;51713;36437;63652;20563;65516;65515;65515;65515;65515;65514;65515;65514
1681735576.3419094;5895.018047094345;52320;28854;63996;64676;51747;36484;63663;20598;65514;65516;65516;65516;65515;65515;65514;65513
1681735588.4115162;5907.087653875351;52341;28914;63965;64659;51750;36476;63674;20604;65514;65515;65515;65513;65515;65515;65514;65512
1681735600.4778233;5919.153960943222;52367;29154;63924;64652;51751;36519;63662;20626;65514;65513;65516;65516;65515;65515;65516;65516
1681735612.5500622;5931.226199865341;52358;29066;63982;64634;51737;36527;63656;20610;65515;65516;65515;65515;65515;65514;65516;65514
1681735624.6243253;5943.300462961197;52347;29360;63952;64625;51767;36522;63660;20608;65514;65515;65516;65515;65515;65515;65515;65515
1681735636.6930156;5955.369153261185;52324;29121;63956;64653;51750;36491;63664;20640;65515;65514;65516;65516;65517;65515;65518;65515
1681735648.7724042;5967.448541879654;52339;29143;63970;64691;51764;36523;63662;20621;65515;65516;65515;65517;65516;65516;65516;65515
1681735660.8417683;5979.517905950546;52342;29223;63969;64663;51772;36523;63655;20599;65515;65515;65516;65516;65516;65515;65515;65515
1681735672.9117033;5991.587841033936;52322;29372;63952;64657;51774;36573;63660;20666;65515;65515;65515;65516;65515;65515;65516;65514
1681735684.9831772;6003.659314870834;52264;29367;63943;64649;51760;36531;63660;20681;65515;65516;65516;65517;65515;65515;65516;65516
1681735697.0533094;6015.729447126389;52289;29265;63933;64636;51742;36506;63649;20627;65515;65515;65515;65515;65515;65514;65516;65515
1681735709.127861;6027.803998708725;52248;29231;63913;64622;51702;36473;63650;20622;65513;65515;65514;65516;65514;65515;65516;65516
1681735721.1972857;6039.873423337936;52256;28870;63914;64631;51666;36338;63640;20591;65515;65516;65516;65515;65516;65515;65513;65515
1681735733.2739425;6051.950080156326;52256;28975;63913;64633;51709;36388;63639;20584;65514;65515;65516;65516;65516;65515;65515;65513
1681735745.3452077;6064.021345376968;52280;28963;63880;64613;51705;36400;63634;20543;65515;65515;65516;65516;65515;65516;65516;65514
1681735757.4186978;6076.094835519791;52383;29252;63898;64603;51654;36267;63632;20498;65516;65516;65515;65517;65514;65514;65515;65516
1681735769.4935842;6088.169721841812;52428;29256;63896;64622;51683;36287;63634;20515;65514;65515;65516;65516;65515;65515;65516;65515
1681735781.5680106;6100.2441482543945;52391;29182;63901;64625;51706;36409;63635;20531;65514;65515;65514;65514;65515;65516;65516;65514
1681735793.6289017;6112.305039405823;52392;28954;63871;64603;51702;36392;63646;20561;65515;65515;65515;65516;65514;65514;65516;65513
1681735805.6971104;6124.373248100281;52406;29072;63863;64594;51666;36280;63638;20488;65514;65514;65516;65516;65516;65514;65516;65515
1681735817.771081;6136.44721865654;52393;29167;63888;64632;51720;36309;63643;20526;65516;65515;65514;65516;65516;65516;65517;65514
1681735829.840519;6148.516656637192;52355;28928;63886;64620;51695;36315;63638;20538;65516;65514;65516;65515;65516;65513;65516;65514
