SS1x;SS1y;SS2x;SS2y;SS3x;SS3y;SS4x;SS4y;SS5x;SS5y;SS6x;SS6y;SS7x;SS7y;SS8x;SS8y;SS9x;SS9y;SS10x;SS10y;SS11x;SS11y;SS12x;SS12y;SS13x;SS13y;SS14x;SS14y;SS15x;SS15y;SS16x;SS16y
0.0;63618.6;0.0;55834.6;0.0;63519.0;0.0;64173.0;0.0;65104.4;0.0;65229.4;0.0;64255.2;0.0;45002.0;0.0;65504.0;0.0;65503.0;0.0;65505.6;0.0;65503.4;0.0;65502.2;0.0;65503.4;0.0;65504.8;0.0;65507.2
41.0;65319.0;41.0;62904.2;41.0;65291.0;41.0;65507.0;41.0;65410.2;41.0;65314.8;41.0;65493.2;41.0;62655.8;41.0;65503.2;41.0;65503.0;41.0;65504.0;41.0;65505.4;41.0;65503.0;41.0;65505.6;41.0;65505.8;41.0;65506.8
82.0;65134.6;82.0;58391.4;82.0;65171.0;82.0;65446.0;82.0;65386.4;82.0;65295.0;82.0;65469.0;82.0;60821.4;82.0;65504.6;82.0;65506.2;82.0;65506.0;82.0;65507.0;82.0;65506.6;82.0;65507.2;82.0;65510.0;82.0;65506.0
123.0;64883.0;123.0;54490.4;123.0;65119.8;123.0;65313.0;123.0;65352.0;123.0;65258.6;123.0;65463.2;123.0;58018.4;123.0;65504.2;123.0;65505.4;123.0;65505.0;123.0;65504.0;123.0;65508.6;123.0;65506.6;123.0;65510.0;123.0;65504.8
164.0;64624.0;164.0;49673.4;164.0;65044.6;164.0;65281.0;164.0;65371.0;164.0;65289.0;164.0;65456.4;164.0;55215.2;164.0;65504.0;164.0;65503.4;164.0;65508.0;164.0;65511.0;164.0;65506.6;164.0;65508.6;164.0;65507.8;164.0;65505.2
205.0;64385.6;205.0;44919.2;205.0;64956.2;205.0;65224.2;205.0;65356.0;205.0;65273.0;205.0;65442.4;205.0;52993.8;205.0;65505.8;205.0;65504.8;205.0;65510.4;205.0;65507.0;205.0;65505.0;205.0;65507.0;205.0;65509.0;205.0;65507.0
246.0;64101.0;246.0;41179.6;246.0;64920.6;246.0;65192.0;246.0;65345.0;246.0;65266.0;246.0;65426.4;246.0;50233.8;246.0;65505.8;246.0;65505.4;246.0;65507.8;246.0;65506.2;246.0;65507.0;246.0;65507.0;246.0;65508.2;246.0;65506.6
287.0;63863.2;287.0;36629.2;287.0;64865.2;287.0;65151.6;287.0;65350.6;287.0;65257.0;287.0;65420.0;287.0;47576.2;287.0;65505.0;287.0;65504.4;287.0;65507.0;287.0;65501.2;287.0;65505.0;287.0;65505.0;287.0;65505.4;287.0;65506.0
328.0;63643.2;328.0;32435.8;328.0;64797.0;328.0;65097.4;328.0;65353.6;328.0;65262.6;328.0;65386.0;328.0;45381.0;328.0;65504.6;328.0;65505.2;328.0;65505.8;328.0;65506.4;328.0;65504.0;328.0;65508.0;328.0;65506.8;328.0;65506.0
369.0;63361.4;369.0;29977.0;369.0;64742.6;369.0;65055.4;369.0;65338.8;369.0;65261.6;369.0;65338.0;369.0;42688.0;369.0;65504.0;369.0;65506.6;369.0;65505.0;369.0;65508.0;369.0;65504.8;369.0;65503.0;369.0;65506.0;369.0;65505.8
410.0;63089.6;410.0;29115.6;410.0;64712.0;410.0;65046.2;410.0;65332.0;410.0;65257.8;410.0;65208.0;410.0;39936.0;410.0;65504.0;410.0;65505.6;410.0;65507.4;410.0;65507.4;410.0;65503.4;410.0;65503.0;410.0;65505.0;410.0;65505.0
450.0;62876.0;450.0;28593.8;450.0;64704.8;450.0;65034.4;450.0;65303.6;450.0;65258.2;450.0;65155.2;450.0;35004.0;450.0;65503.0;450.0;65505.0;450.0;65507.8;450.0;65504.6;450.0;65503.0;450.0;65503.0;450.0;65508.0;450.0;65504.0
491.0;62604.0;491.0;28193.0;491.0;64659.2;491.0;64987.8;491.0;65308.2;491.0;65256.0;491.0;65082.0;491.0;33052.0;491.0;65499.8;491.0;65504.8;491.0;65505.6;491.0;65504.2;491.0;65504.2;491.0;65504.6;491.0;65503.0;491.0;65503.0
532.0;62313.0;532.0;27727.0;532.0;64616.2;532.0;64952.0;532.0;65319.0;532.0;65253.4;532.0;64998.2;532.0;30718.4;532.0;65503.0;532.0;65503.2;532.0;65504.2;532.0;65506.4;532.0;65506.8;532.0;65505.6;532.0;65501.4;532.0;65500.0
573.0;61762.0;573.0;27229.0;573.0;64552.8;573.0;64905.6;573.0;65313.0;573.0;65252.2;573.0;64928.8;573.0;28412.2;573.0;65502.0;573.0;65500.0;573.0;65503.2;573.0;65506.2;573.0;65506.2;573.0;65504.8;573.0;65502.6;573.0;65500.8
614.0;61532.4;614.0;26275.0;614.0;64488.0;614.0;64871.8;614.0;65307.8;614.0;65250.2;614.0;64835.2;614.0;26625.0;614.0;65504.0;614.0;65503.0;614.0;65504.2;614.0;65505.6;614.0;65505.0;614.0;65505.2;614.0;65505.4;614.0;65505.0
655.0;61268.6;655.0;25894.2;655.0;64465.0;655.0;64839.0;655.0;65298.8;655.0;65249.8;655.0;64735.4;655.0;25022.2;655.0;65504.0;655.0;65505.0;655.0;65505.0;655.0;65507.8;655.0;65505.4;655.0;65505.2;655.0;65506.6;655.0;65503.6
696.0;61005.0;696.0;25425.4;696.0;64264.0;696.0;64619.0;696.0;65294.2;696.0;65249.4;696.0;64653.0;696.0;24199.8;696.0;65504.8;696.0;65502.0;696.0;65505.0;696.0;65506.4;696.0;65506.8;696.0;65503.6;696.0;65507.0;696.0;65504.8
737.0;60769.6;737.0;24957.6;737.0;64218.0;737.0;64676.0;737.0;65291.4;737.0;65239.6;737.0;64546.0;737.0;23805.0;737.0;65503.4;737.0;65504.4;737.0;65506.0;737.0;65504.0;737.0;65507.8;737.0;65503.8;737.0;65505.8;737.0;65504.8
778.0;60507.6;778.0;24591.0;778.0;64237.2;778.0;64534.0;778.0;65277.0;778.0;65222.4;778.0;64433.6;778.0;23378.4;778.0;65504.6;778.0;65502.6;778.0;65507.0;778.0;65507.0;778.0;65506.0;778.0;65504.4;778.0;65504.6;778.0;65504.0
819.0;60242.4;819.0;24124.6;819.0;64074.0;819.0;64433.2;819.0;65259.0;819.0;65208.0;819.0;64339.4;819.0;22920.8;819.0;65503.8;819.0;65505.2;819.0;65507.0;819.0;65505.0;819.0;65502.6;819.0;65502.2;819.0;65505.2;819.0;65504.8
860.0;60022.0;860.0;23659.6;860.0;64039.2;860.0;64478.4;860.0;64992.0;860.0;65200.0;860.0;64215.2;860.0;22547.8;860.0;65502.4;860.0;65503.6;860.0;65505.4;860.0;65507.0;860.0;65505.0;860.0;65503.2;860.0;65507.0;860.0;65505.2
901.0;59747.8;901.0;23289.6;901.0;63948.6;901.0;64342.4;901.0;64968.0;901.0;65170.0;901.0;64086.8;901.0;22121.6;901.0;65503.2;901.0;65502.6;901.0;65504.2;901.0;65505.4;901.0;65503.0;901.0;65504.0;901.0;65507.0;901.0;65503.6
942.0;59474.6;942.0;22823.6;942.0;63894.2;942.0;64334.0;942.0;64948.0;942.0;65165.0;942.0;63986.0;942.0;21714.8;942.0;65504.4;942.0;65503.6;942.0;65504.8;942.0;65503.4;942.0;65506.0;942.0;65503.0;942.0;65507.0;942.0;65503.2
983.0;59268.2;983.0;22364.4;983.0;63907.4;983.0;64347.4;983.0;64914.2;983.0;65162.6;983.0;63863.0;983.0;21390.0;983.0;65505.4;983.0;65504.8;983.0;65506.2;983.0;65506.2;983.0;65505.0;983.0;65507.0;983.0;65507.4;983.0;65504.0
1024.0;58993.4;1024.0;22004.8;1024.0;63860.2;1024.0;64299.2;1024.0;64922.2;1024.0;65201.2;1024.0;63729.0;1024.0;20995.0;1024.0;65504.0;1024.0;65505.6;1024.0;65506.4;1024.0;65505.8;1024.0;65505.8;1024.0;65504.0;1024.0;65509.0;1024.0;65504.0
1065.0;58732.2;1065.0;21555.0;1065.0;63745.8;1065.0;64243.2;1065.0;64927.2;1065.0;65208.6;1065.0;63467.0;1065.0;20623.0;1065.0;65501.4;1065.0;65503.4;1065.0;65505.4;1065.0;65503.8;1065.0;65506.0;1065.0;65502.4;1065.0;65506.0;1065.0;65504.0
1106.0;58513.0;1106.0;21108.2;1106.0;63645.8;1106.0;64178.6;1106.0;64923.2;1106.0;65206.8;1106.0;63355.0;1106.0;19774.0;1106.0;65502.8;1106.0;65501.4;1106.0;65505.4;1106.0;65504.8;1106.0;65506.0;1106.0;65503.6;1106.0;65502.0;1106.0;65505.0
1147.0;58253.0;1147.0;20745.0;1147.0;63580.4;1147.0;64117.6;1147.0;64893.0;1147.0;65199.4;1147.0;63231.0;1147.0;19441.2;1147.0;65503.0;1147.0;65504.4;1147.0;65505.6;1147.0;65505.6;1147.0;65506.0;1147.0;65504.0;1147.0;65505.0;1147.0;65506.0
1188.0;58003.0;1188.0;20313.0;1188.0;63582.4;1188.0;64080.0;1188.0;64893.8;1188.0;65202.2;1188.0;63103.0;1188.0;19083.6;1188.0;65507.0;1188.0;65508.6;1188.0;65504.6;1188.0;65505.8;1188.0;65504.2;1188.0;65504.6;1188.0;65504.2;1188.0;65505.0
1228.0;57484.0;1228.0;19888.0;1228.0;63524.4;1228.0;64072.2;1228.0;64913.2;1228.0;65197.0;1228.0;62996.6;1228.0;18727.8;1228.0;65505.0;1228.0;65503.0;1228.0;65504.4;1228.0;65504.2;1228.0;65502.4;1228.0;65505.0;1228.0;65505.6;1228.0;65505.8
1269.0;57287.2;1269.0;19026.0;1269.0;63606.0;1269.0;64050.2;1269.0;64898.4;1269.0;65187.2;1269.0;62866.8;1269.0;18450.8;1269.0;65502.0;1269.0;65503.0;1269.0;65505.4;1269.0;65501.0;1269.0;65503.2;1269.0;65505.0;1269.0;65505.2;1269.0;65504.4
1310.0;57033.2;1310.0;18682.8;1310.0;63456.0;1310.0;64023.0;1310.0;64891.8;1310.0;65192.2;1310.0;62734.4;1310.0;18058.4;1310.0;65504.0;1310.0;65504.0;1310.0;65503.6;1310.0;65505.6;1310.0;65505.4;1310.0;65505.0;1310.0;65506.2;1310.0;65504.8
1351.0;56778.0;1351.0;18266.6;1351.0;63600.0;1351.0;64126.0;1351.0;64875.6;1351.0;65187.8;1351.0;62627.2;1351.0;17660.6;1351.0;65504.8;1351.0;65506.0;1351.0;65506.0;1351.0;65507.0;1351.0;65505.6;1351.0;65504.6;1351.0;65506.4;1351.0;65504.4
1392.0;56581.2;1392.0;17853.6;1392.0;63253.0;1392.0;63881.0;1392.0;64875.0;1392.0;65185.6;1392.0;62492.4;1392.0;17372.2;1392.0;65508.2;1392.0;65504.4;1392.0;65507.0;1392.0;65503.0;1392.0;65505.0;1392.0;65505.2;1392.0;65506.6;1392.0;65505.2
1433.0;56287.2;1433.0;17516.0;1433.0;63243.4;1433.0;63836.0;1433.0;64863.0;1433.0;65174.6;1433.0;62360.6;1433.0;17022.2;1433.0;65505.0;1433.0;65505.6;1433.0;65505.0;1433.0;65503.0;1433.0;65504.8;1433.0;65506.2;1433.0;65506.2;1433.0;65504.8
1474.0;56002.4;1474.0;17095.8;1474.0;63215.4;1474.0;63808.0;1474.0;64851.0;1474.0;65153.0;1474.0;62261.8;1474.0;16657.0;1474.0;65504.0;1474.0;65498.8;1474.0;65505.0;1474.0;65506.0;1474.0;65503.6;1474.0;65503.2;1474.0;65505.4;1474.0;65504.8
1515.0;55803.6;1515.0;16686.0;1515.0;63154.6;1515.0;63758.6;1515.0;64827.0;1515.0;65184.0;1515.0;62130.2;1515.0;16367.4;1515.0;65503.4;1515.0;65500.6;1515.0;65505.0;1515.0;65505.0;1515.0;65502.0;1515.0;65503.2;1515.0;65503.6;1515.0;65503.6
1556.0;55563.8;1556.0;16363.2;1556.0;63095.4;1556.0;63709.6;1556.0;64833.0;1556.0;65180.0;1556.0;61996.8;1556.0;16030.6;1556.0;65503.0;1556.0;65504.8;1556.0;65504.2;1556.0;65505.0;1556.0;65505.0;1556.0;65500.0;1556.0;65501.2;1556.0;65501.2
1597.0;55327.0;1597.0;15965.2;1597.0;63147.2;1597.0;63778.6;1597.0;64821.8;1597.0;65178.0;1597.0;61892.0;1597.0;15690.2;1597.0;65502.6;1597.0;65505.4;1597.0;65504.8;1597.0;65504.2;1597.0;65507.0;1597.0;65504.0;1597.0;65506.2;1597.0;65503.4
1638.0;55138.4;1638.0;15574.4;1638.0;63170.2;1638.0;63808.8;1638.0;64800.6;1638.0;65167.6;1638.0;61772.0;1638.0;15391.0;1638.0;65502.0;1638.0;65505.0;1638.0;65505.6;1638.0;65507.2;1638.0;65509.0;1638.0;65507.0;1638.0;65507.4;1638.0;65505.2
1679.0;54898.6;1679.0;15263.6;1679.0;63117.8;1679.0;63805.4;1679.0;64797.6;1679.0;65169.8;1679.0;61642.0;1679.0;15093.0;1679.0;65501.6;1679.0;65504.6;1679.0;65505.4;1679.0;65506.2;1679.0;65507.4;1679.0;65506.0;1679.0;65509.0;1679.0;65506.0
1720.0;54653.6;1720.0;14877.2;1720.0;63060.2;1720.0;63765.0;1720.0;64777.6;1720.0;65148.6;1720.0;61368.0;1720.0;14761.0;1720.0;65501.2;1720.0;65504.4;1720.0;65506.2;1720.0;65505.0;1720.0;65505.4;1720.0;65502.0;1720.0;65506.0;1720.0;65506.0
1761.0;54464.0;1761.0;14493.6;1761.0;63047.6;1761.0;63704.6;1761.0;64757.4;1761.0;65138.8;1761.0;61281.6;1761.0;14026.0;1761.0;65502.2;1761.0;65504.4;1761.0;65506.6;1761.0;65505.6;1761.0;65506.6;1761.0;65505.0;1761.0;65507.0;1761.0;65504.0
1802.0;54229.0;1802.0;14188.0;1802.0;63035.4;1802.0;63717.2;1802.0;64757.2;1802.0;65139.0;1802.0;61149.6;1802.0;13762.8;1802.0;65503.2;1802.0;65502.6;1802.0;65506.4;1802.0;65507.2;1802.0;65506.4;1802.0;65504.4;1802.0;65506.0;1802.0;65502.0
1843.0;53990.0;1843.0;13815.0;1843.0;62973.8;1843.0;63714.4;1843.0;64772.4;1843.0;65144.0;1843.0;61042.8;1843.0;13443.4;1843.0;65504.0;1843.0;65504.8;1843.0;65506.2;1843.0;65508.2;1843.0;65506.0;1843.0;65503.4;1843.0;65507.6;1843.0;65505.0
1884.0;53505.0;1884.0;13446.0;1884.0;62999.4;1884.0;63739.0;1884.0;64792.2;1884.0;65144.8;1884.0;60952.8;1884.0;13120.8;1884.0;65506.0;1884.0;65504.0;1884.0;65505.6;1884.0;65507.0;1884.0;65507.2;1884.0;65504.2;1884.0;65507.2;1884.0;65507.4
1925.0;53308.2;1925.0;12712.0;1925.0;62961.0;1925.0;63761.6;1925.0;64797.6;1925.0;65139.0;1925.0;60841.8;1925.0;12863.4;1925.0;65505.0;1925.0;65507.0;1925.0;65507.6;1925.0;65507.2;1925.0;65507.6;1925.0;65505.0;1925.0;65506.2;1925.0;65507.2
1966.0;53083.8;1966.0;12428.8;1966.0;62904.0;1966.0;63740.0;1966.0;64803.8;1966.0;65133.4;1966.0;60724.0;1966.0;12555.6;1966.0;65504.0;1966.0;65505.0;1966.0;65506.2;1966.0;65507.6;1966.0;65507.0;1966.0;65505.8;1966.0;65506.0;1966.0;65507.0
2007.0;52864.8;2007.0;12071.6;2007.0;62836.0;2007.0;63660.0;2007.0;64806.2;2007.0;65133.0;2007.0;60639.6;2007.0;12253.6;2007.0;65504.8;2007.0;65505.0;2007.0;65507.0;2007.0;65505.8;2007.0;65505.8;2007.0;65506.2;2007.0;65505.4;2007.0;65505.2
2048.0;52688.4;2048.0;11728.0;2048.0;62681.0;2048.0;63640.0;2048.0;64805.2;2048.0;65130.8;2048.0;60541.2;2048.0;12010.8;2048.0;65504.2;2048.0;65505.0;2048.0;65505.0;2048.0;65505.0;2048.0;65504.2;2048.0;65505.0;2048.0;65506.2;2048.0;65506.4
2088.0;52465.6;2088.0;11457.2;2088.0;62594.6;2088.0;63441.0;2088.0;64814.0;2088.0;65135.6;2088.0;60435.0;2088.0;11721.4;2088.0;65504.0;2088.0;65505.8;2088.0;65506.0;2088.0;65506.0;2088.0;65505.4;2088.0;65505.0;2088.0;65505.8;2088.0;65507.4
2129.0;52245.2;2129.0;11127.6;2129.0;62712.2;2129.0;63541.8;2129.0;64817.0;2129.0;65126.0;2129.0;60360.2;2129.0;11444.0;2129.0;65504.6;2129.0;65506.0;2129.0;65506.0;2129.0;65505.0;2129.0;65506.8;2129.0;65504.8;2129.0;65506.0;2129.0;65506.6
2170.0;52068.4;2170.0;10793.4;2170.0;62607.0;2170.0;63513.4;2170.0;64812.0;2170.0;65123.0;2170.0;60259.0;2170.0;11213.6;2170.0;65503.8;2170.0;65506.0;2170.0;65506.0;2170.0;65505.0;2170.0;65506.0;2170.0;65504.4;2170.0;65507.8;2170.0;65505.6
2211.0;51849.6;2211.0;10532.2;2211.0;62498.8;2211.0;63459.2;2211.0;64815.0;2211.0;65125.0;2211.0;60167.2;2211.0;10931.2;2211.0;65504.2;2211.0;65504.8;2211.0;65510.0;2211.0;65506.6;2211.0;65508.0;2211.0;65506.0;2211.0;65506.6;2211.0;65506.2
2252.0;51636.6;2252.0;10216.2;2252.0;62514.2;2252.0;63448.4;2252.0;64825.4;2252.0;65131.0;2252.0;60088.0;2252.0;10649.4;2252.0;65504.2;2252.0;65504.0;2252.0;65508.6;2252.0;65506.2;2252.0;65505.0;2252.0;65505.0;2252.0;65509.0;2252.0;65507.0
2293.0;51462.6;2293.0;9896.2;2293.0;62500.6;2293.0;63421.0;2293.0;64782.4;2293.0;65093.4;2293.0;60005.0;2293.0;10431.0;2293.0;65502.6;2293.0;65504.8;2293.0;65509.2;2293.0;65506.0;2293.0;65505.0;2293.0;65507.0;2293.0;65508.4;2293.0;65503.4
2334.0;51242.6;2334.0;9643.6;2334.0;62485.4;2334.0;63417.4;2334.0;64794.2;2334.0;65096.0;2334.0;59878.0;2334.0;10157.0;2334.0;65504.4;2334.0;65506.0;2334.0;65507.0;2334.0;65506.0;2334.0;65505.0;2334.0;65503.0;2334.0;65506.0;2334.0;65504.8
2375.0;51032.6;2375.0;9333.0;2375.0;62442.6;2375.0;63455.8;2375.0;64808.4;2375.0;65089.4;2375.0;59677.0;2375.0;9902.0;2375.0;65507.2;2375.0;65505.6;2375.0;65505.0;2375.0;65505.4;2375.0;65505.0;2375.0;65503.8;2375.0;65508.0;2375.0;65504.0
2416.0;50871.0;2416.0;9030.0;2416.0;62364.4;2416.0;63461.0;2416.0;64813.4;2416.0;65102.0;2416.0;59605.0;2416.0;9354.0;2416.0;65503.8;2416.0;65504.6;2416.0;65506.6;2416.0;65506.8;2416.0;65505.0;2416.0;65505.6;2416.0;65509.0;2416.0;65505.0
2457.0;50669.0;2457.0;8794.0;2457.0;62476.4;2457.0;63453.2;2457.0;64779.4;2457.0;65105.4;2457.0;59517.4;2457.0;9154.0;2457.0;65503.0;2457.0;65503.4;2457.0;65507.8;2457.0;65507.2;2457.0;65504.4;2457.0;65506.0;2457.0;65506.0;2457.0;65504.0
2498.0;50449.0;2498.0;8512.0;2498.0;62691.6;2498.0;63542.8;2498.0;64747.4;2498.0;65103.4;2498.0;59428.0;2498.0;8887.2;2498.0;65503.0;2498.0;65504.6;2498.0;65505.2;2498.0;65504.8;2498.0;65505.2;2498.0;65505.4;2498.0;65502.0;2498.0;65502.0
2539.0;50003.0;2539.0;8221.0;2539.0;62563.4;2539.0;63549.6;2539.0;64727.0;2539.0;65102.6;2539.0;59350.6;2539.0;8638.6;2539.0;65504.0;2539.0;65503.0;2539.0;65504.2;2539.0;65504.2;2539.0;65504.8;2539.0;65504.4;2539.0;65506.6;2539.0;65503.6
2580.0;49874.2;2580.0;7668.0;2580.0;62281.0;2580.0;63350.8;2580.0;64716.4;2580.0;65103.8;2580.0;59263.6;2580.0;8451.4;2580.0;65505.0;2580.0;65505.0;2580.0;65505.2;2580.0;65506.2;2580.0;65505.2;2580.0;65505.2;2580.0;65504.8;2580.0;65505.6
2621.0;49690.8;2621.0;7462.4;2621.0;62387.0;2621.0;63458.0;2621.0;64709.8;2621.0;65103.8;2621.0;59175.6;2621.0;8215.6;2621.0;65508.0;2621.0;65505.0;2621.0;65506.4;2621.0;65507.2;2621.0;65506.2;2621.0;65506.0;2621.0;65504.6;2621.0;65506.8
2662.0;49500.2;2662.0;7198.2;2662.0;62313.0;2662.0;63526.0;2662.0;64700.2;2662.0;65093.0;2662.0;59098.4;2662.0;7976.0;2662.0;65504.0;2662.0;65506.0;2662.0;65508.0;2662.0;65507.4;2662.0;65505.4;2662.0;65505.2;2662.0;65504.4;2662.0;65504.0
2703.0;49343.8;2703.0;6939.4;2703.0;62366.0;2703.0;63335.0;2703.0;64737.4;2703.0;65093.6;2703.0;59011.4;2703.0;7793.6;2703.0;65503.8;2703.0;65506.0;2703.0;65509.0;2703.0;65505.0;2703.0;65506.2;2703.0;65504.8;2703.0;65505.8;2703.0;65503.8
2744.0;49149.8;2744.0;6738.0;2744.0;62490.0;2744.0;63554.0;2744.0;64771.0;2744.0;65094.4;2744.0;58939.6;2744.0;7570.0;2744.0;65504.0;2744.0;65505.2;2744.0;65508.0;2744.0;65506.0;2744.0;65506.8;2744.0;65506.4;2744.0;65507.4;2744.0;65505.6
2785.0;48960.2;2785.0;6490.4;2785.0;62437.8;2785.0;63367.6;2785.0;64768.0;2785.0;65088.0;2785.0;58870.4;2785.0;7331.0;2785.0;65505.2;2785.0;65505.0;2785.0;65506.0;2785.0;65507.0;2785.0;65506.0;2785.0;65507.6;2785.0;65507.6;2785.0;65505.6
2826.0;48818.2;2826.0;6251.0;2826.0;62313.0;2826.0;63370.6;2826.0;64796.0;2826.0;65091.0;2826.0;58756.4;2826.0;7137.6;2826.0;65507.2;2826.0;65506.2;2826.0;65508.4;2826.0;65508.0;2826.0;65506.0;2826.0;65506.8;2826.0;65507.8;2826.0;65505.8
2866.0;48643.2;2866.0;6070.2;2866.0;62141.2;2866.0;63298.2;2866.0;64762.0;2866.0;65083.0;2866.0;58661.2;2866.0;6910.4;2866.0;65508.6;2866.0;65507.6;2866.0;65508.2;2866.0;65507.2;2866.0;65505.0;2866.0;65510.0;2866.0;65508.6;2866.0;65506.6
2907.0;48459.0;2907.0;5847.6;2907.0;62214.4;2907.0;63390.4;2907.0;64759.6;2907.0;65076.0;2907.0;58594.0;2907.0;6705.0;2907.0;65507.4;2907.0;65506.2;2907.0;65506.4;2907.0;65505.4;2907.0;65510.0;2907.0;65506.0;2907.0;65507.0;2907.0;65506.2
2948.0;48313.0;2948.0;5621.4;2948.0;62271.0;2948.0;63440.8;2948.0;64739.8;2948.0;65072.0;2948.0;58531.0;2948.0;6549.0;2948.0;65505.0;2948.0;65504.2;2948.0;65504.2;2948.0;65505.8;2948.0;65502.0;2948.0;65505.0;2948.0;65507.0;2948.0;65507.0
2989.0;48125.4;2989.0;5447.0;2989.0;62206.2;2989.0;63464.8;2989.0;64759.0;2989.0;65070.2;2989.0;58469.0;2989.0;6363.0;2989.0;65503.8;2989.0;65503.4;2989.0;65504.8;2989.0;65505.4;2989.0;65504.4;2989.0;65504.0;2989.0;65507.0;2989.0;65506.0
3030.0;47945.4;3030.0;5236.0;3030.0;62111.6;3030.0;63400.0;3030.0;64642.6;3030.0;65079.6;3030.0;58228.0;3030.0;6144.0;3030.0;65502.6;3030.0;65503.2;3030.0;65504.2;3030.0;65502.6;3030.0;65503.4;3030.0;65504.8;3030.0;65507.0;3030.0;65502.0
3071.0;47795.0;3071.0;5042.0;3071.0;62059.2;3071.0;63264.8;3071.0;64586.8;3071.0;65073.0;3071.0;58179.2;3071.0;5754.0;3071.0;65504.6;3071.0;65502.4;3071.0;65505.8;3071.0;65504.6;3071.0;65504.6;3071.0;65504.2;3071.0;65505.0;3071.0;65503.0
3112.0;47650.0;3112.0;4890.0;3112.0;62076.6;3112.0;63255.4;3112.0;64596.8;3112.0;65069.4;3112.0;58114.2;3112.0;5625.2;3112.0;65503.0;3112.0;65503.8;3112.0;65508.0;3112.0;65506.2;3112.0;65504.4;3112.0;65503.2;3112.0;65505.0;3112.0;65503.0
3153.0;47486.0;3153.0;4700.0;3153.0;61947.0;3153.0;63229.0;3153.0;64599.2;3153.0;65069.2;3153.0;58089.8;3153.0;5472.2;3153.0;65503.0;3153.0;65503.2;3153.0;65504.6;3153.0;65506.2;3153.0;65505.8;3153.0;65505.4;3153.0;65505.0;3153.0;65505.0
3194.0;47113.0;3194.0;4522.0;3194.0;61764.6;3194.0;63186.0;3194.0;64612.8;3194.0;65066.8;3194.0;58043.8;3194.0;5302.8;3194.0;65504.0;3194.0;65504.0;3194.0;65504.0;3194.0;65508.0;3194.0;65505.2;3194.0;65506.4;3194.0;65507.4;3194.0;65505.8
3235.0;46972.2;3235.0;4173.0;3235.0;61419.0;3235.0;63106.2;3235.0;64605.8;3235.0;65066.6;3235.0;57962.2;3235.0;5172.6;3235.0;65506.0;3235.0;65509.0;3235.0;65504.8;3235.0;65507.4;3235.0;65506.0;3235.0;65504.8;3235.0;65504.0;3235.0;65505.2
3276.0;46803.4;3276.0;4056.2;3276.0;61735.0;3276.0;63091.0;3276.0;64589.8;3276.0;65068.2;3276.0;57898.8;3276.0;5013.6;3276.0;65508.0;3276.0;65507.0;3276.0;65508.2;3276.0;65506.0;3276.0;65507.8;3276.0;65505.6;3276.0;65505.4;3276.0;65507.4
3317.0;46636.4;3317.0;3908.6;3317.0;61730.0;3317.0;63140.0;3317.0;64587.2;3317.0;65063.4;3317.0;57864.0;3317.0;4872.0;3317.0;65508.8;3317.0;65506.0;3317.0;65509.0;3317.0;65509.6;3317.0;65505.2;3317.0;65507.2;3317.0;65507.0;3317.0;65507.4
3358.0;46510.6;3358.0;3761.4;3358.0;61639.0;3358.0;63107.0;3358.0;64561.2;3358.0;65051.4;3358.0;57810.8;3358.0;4764.0;3358.0;65508.2;3358.0;65507.6;3358.0;65509.0;3358.0;65508.0;3358.0;65504.6;3358.0;65504.8;3358.0;65506.4;3358.0;65505.8
3399.0;46354.8;3399.0;3654.6;3399.0;61635.8;3399.0;63059.0;3399.0;64550.0;3399.0;65060.6;3399.0;57718.2;3399.0;4617.6;3399.0;65506.4;3399.0;65509.6;3399.0;65505.0;3399.0;65508.0;3399.0;65507.4;3399.0;65503.4;3399.0;65507.2;3399.0;65505.6
3440.0;46211.0;3440.0;3529.8;3440.0;61632.6;3440.0;63107.8;3440.0;64561.0;3440.0;65059.0;3440.0;57637.0;3440.0;4477.2;3440.0;65506.0;3440.0;65506.0;3440.0;65507.0;3440.0;65509.0;3440.0;65508.8;3440.0;65505.2;3440.0;65507.8;3440.0;65506.4
3481.0;46111.4;3481.0;3408.4;3481.0;61690.4;3481.0;63145.6;3481.0;64555.0;3481.0;65058.0;3481.0;57599.6;3481.0;4384.0;3481.0;65507.2;3481.0;65506.2;3481.0;65506.2;3481.0;65507.0;3481.0;65508.0;3481.0;65506.6;3481.0;65505.6;3481.0;65505.8
3522.0;45970.2;3522.0;3316.0;3522.0;61694.8;3522.0;63134.4;3522.0;64556.0;3522.0;65061.0;3522.0;57565.0;3522.0;4273.2;3522.0;65507.4;3522.0;65506.4;3522.0;65506.8;3522.0;65508.6;3522.0;65506.0;3522.0;65509.0;3522.0;65505.8;3522.0;65504.8
3563.0;45795.0;3563.0;3209.2;3563.0;61598.6;3563.0;63130.6;3563.0;64553.6;3563.0;65045.0;3563.0;57513.0;3563.0;4177.8;3563.0;65507.4;3563.0;65506.0;3563.0;65507.8;3563.0;65507.4;3563.0;65510.0;3563.0;65510.0;3563.0;65508.8;3563.0;65506.2
3604.0;45671.4;3604.0;3110.8;3604.0;61528.2;3604.0;63163.4;3604.0;64538.6;3604.0;65046.6;3604.0;57490.0;3604.0;4097.0;3604.0;65507.2;3604.0;65506.0;3604.0;65506.8;3604.0;65506.2;3604.0;65507.0;3604.0;65507.0;3604.0;65508.2;3604.0;65507.4
3645.0;45543.2;3645.0;3037.0;3645.0;61659.0;3645.0;63293.6;3645.0;64531.0;3645.0;65041.4;3645.0;57399.0;3645.0;3991.0;3645.0;65506.4;3645.0;65506.8;3645.0;65505.4;3645.0;65507.8;3645.0;65506.2;3645.0;65508.0;3645.0;65509.0;3645.0;65509.0
3686.0;45389.6;3686.0;2948.4;3686.0;61894.8;3686.0;63344.0;3686.0;64523.4;3686.0;65034.4;3686.0;57197.0;3686.0;3890.0;3686.0;65507.0;3686.0;65506.8;3686.0;65506.8;3686.0;65508.4;3686.0;65507.6;3686.0;65506.4;3686.0;65509.0;3686.0;65509.0
3726.0;45252.0;3726.0;2869.0;3726.0;61914.8;3726.0;63308.6;3726.0;64516.0;3726.0;65034.2;3726.0;57168.2;3726.0;3706.0;3726.0;65507.2;3726.0;65505.0;3726.0;65507.2;3726.0;65509.2;3726.0;65506.4;3726.0;65506.8;3726.0;65507.0;3726.0;65505.0
3767.0;45096.0;3767.0;2817.0;3767.0;61836.8;3767.0;63269.0;3767.0;64505.0;3767.0;65032.0;3767.0;57072.2;3767.0;3646.8;3767.0;65508.0;3767.0;65505.4;3767.0;65506.4;3767.0;65508.8;3767.0;65506.0;3767.0;65506.2;3767.0;65506.0;3767.0;65505.0
3808.0;44929.0;3808.0;2752.0;3808.0;61638.4;3808.0;63206.2;3808.0;64493.4;3808.0;65033.6;3808.0;57001.2;3808.0;3584.0;3808.0;65508.0;3808.0;65507.0;3808.0;65506.2;3808.0;65506.6;3808.0;65506.0;3808.0;65506.6;3808.0;65503.6;3808.0;65508.0
3849.0;44577.0;3849.0;2690.0;3849.0;61559.4;3849.0;63168.8;3849.0;64484.2;3849.0;65034.0;3849.0;56959.0;3849.0;3531.2;3849.0;65507.0;3849.0;65507.0;3849.0;65504.8;3849.0;65506.8;3849.0;65507.8;3849.0;65506.4;3849.0;65506.2;3849.0;65508.0
3890.0;44520.2;3890.0;2602.0;3890.0;61653.0;3890.0;63171.2;3890.0;64472.6;3890.0;65033.4;3890.0;56867.6;3890.0;3494.6;3890.0;65505.0;3890.0;65507.0;3890.0;65503.8;3890.0;65507.8;3890.0;65507.8;3890.0;65504.8;3890.0;65505.4;3890.0;65507.2
3931.0;44414.0;3931.0;2579.6;3931.0;61807.0;3931.0;63216.0;3931.0;64457.4;3931.0;65037.0;3931.0;56802.0;3931.0;3454.2;3931.0;65504.0;3931.0;65504.0;3931.0;65504.2;3931.0;65507.0;3931.0;65506.0;3931.0;65504.4;3931.0;65506.8;3931.0;65503.0
3972.0;44315.0;3972.0;2554.8;3972.0;61692.0;3972.0;63219.0;3972.0;64460.8;3972.0;65038.0;3972.0;56765.6;3972.0;3430.6;3972.0;65508.0;3972.0;65507.0;3972.0;65509.0;3972.0;65506.4;3972.0;65505.2;3972.0;65504.2;3972.0;65507.4;3972.0;65505.0
4013.0;44227.0;4013.0;2539.6;4013.0;61632.0;4013.0;63174.0;4013.0;64464.8;4013.0;65042.4;4013.0;56704.6;4013.0;3419.4;4013.0;65508.2;4013.0;65505.4;4013.0;65505.0;4013.0;65504.0;4013.0;65504.6;4013.0;65504.2;4013.0;65504.6;4013.0;65504.0
4054.0;44091.0;4054.0;2527.4;4054.0;61600.8;4054.0;63225.0;4054.0;64452.0;4054.0;65044.6;4054.0;56623.6;4054.0;3406.6;4054.0;65509.6;4054.0;65505.8;4054.0;65509.0;4054.0;65507.0;4054.0;65507.0;4054.0;65506.6;4054.0;65504.2;4054.0;65504.4
4095.0;43915.8;4095.0;2516.2;4095.0;61694.6;4095.0;63238.6;4095.0;64434.0;4095.0;65047.0;4095.0;56530.0;4095.0;3400.4;4095.0;65508.8;4095.0;65506.8;4095.0;65505.0;4095.0;65507.0;4095.0;65508.0;4095.0;65509.0;4095.0;65506.4;4095.0;65506.4
