1681842292.9398096,od_135b,65504,65504,8087,59256,65505,65502,6376,39506,65505,65504,51250,61058,65505,65506,9341,35552
1681842299.5409648,od_135b,65504,65504,8087,59256,65505,65502,6719,39279,65503,65503,63335,62725,65504,65506,9341,35552
1681842311.6086698,od_135b,65502,65507,8572,59295,65502,65500,6682,38913,65503,65503,59085,62335,65504,65504,10376,37430
1681842323.6769903,od_135b,65502,65500,8569,59260,65501,65504,6617,38738,65504,65504,56503,62197,65503,65502,10357,37516
1681842335.747177,od_135b,65500,65507,8542,59310,65500,65501,6741,38872,65502,65503,57642,62216,65501,65499,10364,37484
1681842347.814888,od_135b,65500,65505,8459,59294,65502,65502,6629,39047,65503,65503,59030,62353,65501,65499,10380,37510
1681842359.8830886,od_135b,65503,65505,8540,59286,65503,65504,6725,38751,65505,65503,55312,62341,65505,65505,10418,37497
1681842372.0270762,od_135b,65505,65505,8520,59271,65502,65499,6535,39274,65507,65505,56536,62484,65502,65503,10396,37539
1681842384.0952249,od_135b,65504,65504,8587,59266,65503,65506,6674,38804,65505,65504,56088,62444,65503,65501,10371,37532
1681842396.1657426,od_135b,65504,65505,8547,59277,65503,65504,6612,39236,65503,65504,57824,62532,65502,65502,10414,37534
1681842408.2338195,od_135b,65503,65506,8552,59260,65500,65504,6677,38837,65502,65500,57773,62329,65498,65501,10436,37700
1681842420.3025694,od_135b,65503,65505,8448,59261,65503,65503,6718,38842,65502,65503,56382,62282,65502,65501,10451,37620
1681842432.3735833,od_135b,65500,65499,8553,59230,65502,65505,6709,38951,65505,65502,54942,62395,65505,65502,10431,37570
1681842444.4489057,od_135b,65504,65505,8576,59238,65501,65503,6614,39035,65506,65505,54092,62323,65504,65504,10427,37592
1681842456.525505,od_135b,65503,65503,8586,59217,65503,65506,6540,39054,65501,65503,56574,61733,65505,65500,10433,37567
1681842468.5937285,od_135b,65504,65507,8581,59214,65506,65506,6623,38988,65502,65501,54223,61342,65504,65504,10462,37426
1681842480.6637158,od_135b,65502,65505,8587,59213,65504,65505,6608,38927,65508,65505,59715,61454,65505,65504,10438,37506
1681842492.7255194,od_135b,65503,65504,8550,59218,65505,65503,6631,38632,65503,65503,55463,61136,65504,65503,10434,37519
1681842504.7937424,od_135b,65504,65508,8580,59214,65503,65503,6560,38829,65504,65502,55640,61954,65503,65504,10445,37540
1681842516.8659282,od_135b,65505,65507,8517,59187,65504,65502,6724,38658,65505,65506,57705,60090,65504,65501,10420,37651
1681842528.9350407,od_135b,65508,65509,8481,59149,65505,65504,6617,38785,65507,65503,56911,62011,65502,65501,10443,37502
1681842541.0232482,od_135b,65503,65505,8441,59149,65500,65505,6596,38960,65507,65504,58235,61807,65501,65500,10436,37434
1681842553.0913234,od_135b,65502,65503,8501,59125,65503,65505,6542,38827,65506,65503,56878,61973,65503,65503,10448,37454
1681842565.1609654,od_135b,65504,65504,8537,59115,65501,65505,6468,38939,65507,65507,59375,61728,65506,65505,10450,37450
1681842577.225043,od_135b,65506,65505,8555,59083,65506,65504,6408,39102,65505,65507,58265,62035,65505,65504,10438,37459
1681842589.2938254,od_135b,65502,65504,8460,59064,65503,65503,6567,39110,65504,65504,58962,61733,65504,65501,10454,37438
1681842601.3663986,od_135b,65503,65505,8083,59039,65502,65502,6542,38759,65503,65504,56463,62009,65504,65506,10479,37345
1681842613.4342906,od_135b,65503,65508,8026,59050,65506,65503,6688,38663,65502,65505,54024,61812,65504,65502,10460,37295
1681842625.525436,od_135b,65503,65507,7996,59058,65506,65505,6408,38851,65503,65505,59507,61899,65503,65504,10473,37457
1681842637.59354,od_135b,65504,65502,8118,59071,65504,65506,6542,39033,65507,65506,56420,61654,65502,65503,10463,37432
1681842649.66368,od_135b,65503,65506,7897,59072,65504,65508,6711,38935,65504,65504,56584,61634,65507,65503,10462,37423
1681842661.7290938,od_135b,65504,65507,8032,59089,65509,65508,6479,39181,65507,65509,57196,62029,65503,65503,10457,37296
1681842673.7976062,od_135b,65505,65506,7792,59070,65505,65503,6572,38638,65503,65503,58399,61408,65505,65506,10484,37251
1681842685.8679447,od_135b,65506,65506,8335,59083,65503,65508,6506,38927,65507,65504,55711,61845,65504,65503,10460,37302
1681842697.9378245,od_135b,65506,65507,8344,58990,65504,65505,6427,38808,65505,65503,56524,61852,65504,65504,10500,37272
1681842710.0219066,od_135b,65506,65507,8402,59019,65501,65504,6489,38918,65505,65505,57856,62021,65505,65503,10507,37382
1681842722.090027,od_135b,65507,65507,8566,58993,65504,65505,6637,39237,65506,65506,53859,62079,65505,65504,10537,37330
1681842734.1597064,od_135b,65507,65506,8570,58986,65503,65505,6595,38838,65504,65505,55647,61491,65506,65502,10635,37491
1681842746.2241828,od_135b,65501,65507,8449,59000,65502,65503,6603,38975,65507,65505,52857,61655,65500,65504,10589,37358
1681842758.2928505,od_135b,65504,65503,8569,59012,65505,65504,6569,39122,65505,65508,56655,61442,65504,65503,10507,37338
1681842770.3877094,od_135b,65503,65506,8546,58973,65508,65506,6521,38942,65505,65506,55101,61234,65506,65503,10484,37269
1681842782.452442,od_135b,65499,65507,8348,58920,65509,65503,6405,39068,65503,65508,58296,61429,65506,65505,10471,37264
1681842794.5217564,od_135b,65501,65506,8476,58914,65506,65502,6596,39153,65504,65508,56896,60883,65503,65504,10475,37220
1681842806.5900893,od_135b,65502,65506,8447,58920,65501,65502,6523,38757,65507,65508,56567,62582,65504,65501,10498,37231
1681842818.6597493,od_135b,65504,65507,8205,58926,65506,65506,6356,38932,65508,65510,58608,62584,65502,65502,10515,37276
1681842830.7244713,od_135b,65503,65506,8487,58922,65504,65503,6541,38894,65504,65509,56418,60580,65505,65505,10506,37202
1681842842.833588,od_135b,65505,65503,8704,58942,65503,65508,6336,39054,65508,65510,57907,61360,65505,65503,10491,37240
1681842854.9072874,od_135b,65502,65506,8559,58887,65506,65506,6602,39062,65507,65507,54652,61695,65505,65505,10519,37327
1681842866.9725595,od_135b,65506,65508,8383,58930,65503,65506,6412,39006,65508,65506,57217,62544,65505,65506,10528,37304
1681842879.0444674,od_135b,65505,65505,8355,58934,65502,65504,6346,38747,65503,65504,58028,62706,65505,65503,10525,37281
1681842891.1133864,od_135b,65505,65506,8414,58914,65505,65505,6348,38936,65505,65507,58768,61821,65501,65504,10554,37238
1681842903.1930099,od_135b,65503,65506,8276,58885,65508,65508,6373,38896,65507,65509,55015,62088,65503,65504,10571,37291
1681842915.2615225,od_135b,65503,65503,8428,58856,65504,65502,6287,39103,65507,65507,55427,61743,65506,65500,10564,37311
1681842927.3299325,od_135b,65505,65507,8384,58832,65508,65504,6307,38871,65506,65505,55543,62644,65508,65507,10578,37300
1681842939.3999999,od_135b,65505,65506,8340,58827,65508,65507,6402,38933,65506,65506,57828,62683,65508,65504,10584,37359
1681842951.469704,od_135b,65507,65507,8143,58776,65504,65508,6246,38820,65506,65507,54770,62597,65505,65504,10578,37342
1681842963.5722191,od_135b,65503,65505,8120,58764,65503,65505,6479,38759,65508,65506,53825,62619,65502,65504,10563,37368
1681842975.6402628,od_135b,65506,65504,8366,58766,65507,65506,6390,38813,65504,65506,53435,62696,65503,65500,10610,37449
1681842987.7100186,od_135b,65506,65507,8263,58765,65501,65505,6214,38943,65506,65507,56242,62683,65509,65505,10641,37476
1681842999.7783482,od_135b,65507,65507,8350,58769,65504,65505,6370,38920,65505,65505,55261,62520,65505,65503,10615,37508
1681843011.848877,od_135b,65504,65507,8438,58853,65508,65506,6385,38842,65507,65506,52732,62721,65508,65505,10637,37446
1681843023.9212713,od_135b,65505,65507,8208,58855,65506,65508,6377,39171,65508,65508,54462,62627,65507,65508,10639,37496
1681843035.989625,od_135b,65505,65505,8442,58858,65506,65507,6161,38847,65507,65508,57475,62619,65506,65505,10628,37485
1681843048.0621192,od_135b,65506,65507,8292,58785,65504,65505,6293,38664,65509,65512,53890,62985,65506,65505,10634,37439
1681843060.130392,od_135b,65505,65508,8119,58736,65505,65507,6283,38627,65506,65510,57754,62718,65506,65502,10606,37436
1681843072.1997066,od_135b,65505,65506,8248,58780,65507,65509,6276,38966,65507,65508,55703,62699,65509,65507,10630,37474
1681843084.2643633,od_135b,65504,65508,8308,58717,65506,65503,6337,38625,65503,65505,58499,62799,65509,65505,10614,37470
1681843096.3334422,od_135b,65505,65509,8191,58701,65504,65503,6299,38741,65505,65505,55784,62896,65503,65502,10659,37495
1681843108.401662,od_135b,65507,65508,8258,58684,65502,65504,6305,38751,65505,65507,55322,62608,65504,65505,10647,37506
1681843120.469514,od_135b,65505,65506,8081,58682,65502,65507,6307,38717,65504,65507,54882,62537,65503,65504,10647,37512
1681843132.5403755,od_135b,65510,65509,8015,58726,65507,65508,6364,38388,65509,65508,58024,62493,65507,65507,10654,37457
1681843144.60854,od_135b,65505,65508,7995,58714,65506,65507,6286,38464,65506,65505,55934,62567,65504,65504,10667,37464
1681843156.6680284,od_135b,65505,65505,8038,58703,65504,65504,6322,38675,65504,65508,56198,62506,65504,65504,10687,37462
1681843168.7383354,od_135b,65508,65508,8023,58764,65506,65509,6328,38780,65508,65506,57060,62624,65506,65506,10698,37492
1681843180.8069007,od_135b,65506,65507,8381,58760,65506,65505,6194,39072,65507,65505,56039,62670,65507,65501,10702,37523
1681843192.8788977,od_135b,65506,65506,8119,58674,65505,65507,6385,39078,65508,65508,54043,62804,65504,65507,10699,37348
1681843204.9472291,od_135b,65506,65509,8227,58701,65507,65507,6108,38663,65503,65509,54846,62829,65506,65504,10718,37316
1681843217.0220962,od_135b,65503,65505,8050,58704,65507,65506,6301,38724,65506,65507,53096,62665,65506,65505,10716,37473
1681843229.0900095,od_135b,65504,65508,7975,58674,65505,65503,6324,38867,65507,65507,50723,62479,65506,65503,10716,37425
1681843241.158437,od_135b,65504,65508,7369,58672,65505,65505,6211,38665,65506,65506,56220,62512,65510,65504,10699,37456
1681843253.229024,od_135b,65509,65507,7356,58677,65508,65507,6212,38877,65505,65507,53594,62580,65506,65509,10742,37436
1681843265.29583,od_135b,65506,65508,7434,58664,65507,65509,6090,38521,65508,65509,54248,62466,65508,65503,10716,37360
1681843277.4043937,od_135b,65506,65507,7522,58645,65504,65506,6147,38731,65507,65510,59127,62779,65507,65507,10681,37340
1681843289.473636,od_135b,65502,65505,7132,58615,65507,65508,6192,38895,65507,65508,54311,62568,65507,65505,10700,37275
1681843301.5465567,od_135b,65505,65506,7385,58630,65505,65506,6274,38400,65507,65508,54361,62446,65506,65504,10718,37366
1681843313.614471,od_135b,65505,65508,7577,58608,65506,65505,6201,38404,65506,65509,54566,62331,65506,65506,10691,37410
1681843325.6828449,od_135b,65506,65508,7413,58604,65504,65506,6323,38602,65508,65510,56182,62414,65508,65506,10667,37331
1681843337.7529993,od_135b,65507,65508,7143,58613,65507,65506,6236,38374,65510,65509,54858,62484,65506,65505,10717,37392
1681843349.8212073,od_135b,65510,65510,7340,58678,65505,65506,6209,38441,65507,65510,54633,62651,65505,65504,10711,37289
1681843361.8941455,od_135b,65508,65508,7364,58634,65503,65507,6119,38476,65506,65506,54080,62474,65507,65507,10682,37227
1681843373.960446,od_135b,65506,65507,7247,58595,65505,65504,6359,38440,65508,65510,59032,62721,65506,65506,10692,37371
1681843386.0311935,od_135b,65505,65508,7227,58559,65505,65507,6219,38471,65507,65504,59071,62598,65505,65504,10714,37362
1681843398.0996873,od_135b,65506,65510,7576,58545,65506,65504,6097,38584,65508,65509,49402,62588,65508,65507,10677,37193
1681843410.1682842,od_135b,65509,65508,7731,58558,65507,65507,6286,38512,65507,65506,55157,62853,65506,65506,10710,37296
1681843422.238431,od_135b,65506,65509,7630,58519,65505,65505,6220,38458,65507,65509,53945,62531,65509,65508,10717,37329
1681843434.323772,od_135b,65506,65507,7204,58510,65509,65507,6181,38393,65506,65508,50200,62576,65507,65507,10697,37333
1681843446.3944607,od_135b,65509,65508,7362,58511,65507,65510,6236,38229,65508,65509,55869,62622,65509,65511,10711,37334
1681843458.4612725,od_135b,65509,65509,7554,58496,65507,65509,6364,38495,65509,65511,54274,62526,65505,65505,10691,37268
1681843470.529609,od_135b,65508,65509,7102,58489,65507,65509,6388,38385,65509,65510,53434,62343,65507,65505,10679,37366
1681843482.5979118,od_135b,65507,65510,7323,58463,65510,65507,6139,38483,65509,65511,55106,62443,65508,65505,10700,37031
1681843494.6659222,od_135b,65508,65511,7319,58442,65508,65510,6078,38600,65509,65512,57855,62361,65508,65512,10696,37201
1681843506.7342594,od_135b,65509,65510,7173,58414,65509,65510,6195,38135,65508,65511,54735,62472,65511,65508,10704,37290
1681843518.8035226,od_135b,65508,65509,7418,58418,65508,65510,6159,38011,65508,65509,55294,62212,65509,65508,10710,37355
1681843530.8776088,od_135b,65509,65510,7404,58442,65506,65509,6110,38447,65510,65513,54954,62416,65510,65510,10683,37341
1681843542.9479587,od_135b,65507,65510,7671,58397,65505,65507,6165,38315,65509,65509,52466,62277,65509,65507,10715,36695
1681843555.0245364,od_135b,65507,65508,7271,58407,65508,65511,6187,38273,65508,65510,55428,62506,65504,65505,10757,37364
1681843567.0930274,od_135b,65509,65510,7360,58438,65508,65508,6228,38315,65512,65510,56894,62269,65508,65507,10725,37349
1681843579.1612964,od_135b,65507,65510,7220,58454,65509,65510,6120,38467,65510,65512,53225,62207,65508,65511,10724,37141
1681843591.2295604,od_135b,65509,65511,7358,58414,65512,65511,6046,38436,65508,65511,54936,62429,65505,65509,10741,37337
1681843603.3002641,od_135b,65506,65509,7513,58413,65507,65507,6091,38810,65511,65511,53124,62577,65507,65505,10753,37316
1681843615.3709004,od_135b,65509,65509,7279,58440,65508,65507,6174,38536,65510,65510,55261,62373,65510,65509,10768,37348
1681843627.4369953,od_135b,65510,65512,7150,58398,65508,65508,6080,38380,65509,65510,55235,62280,65509,65508,10756,37397
1681843639.5223558,od_135b,65506,65509,7234,58390,65507,65510,6030,38426,65509,65511,56179,62295,65508,65508,10782,37346
1681843651.5854275,od_135b,65508,65507,7208,58366,65507,65506,6081,38346,65509,65509,54467,62296,65508,65505,10746,37232
1681843663.653548,od_135b,65508,65509,7350,58390,65510,65508,6104,38742,65508,65508,53287,62373,65509,65509,10760,37204
1681843675.7204921,od_135b,65509,65511,7489,58419,65508,65508,6177,38601,65508,65510,55788,62419,65509,65508,10756,37201
1681843687.7894397,od_135b,65511,65509,7463,58389,65507,65510,6186,38811,65508,65508,53265,62280,65510,65507,10734,37251
1681843699.8626692,od_135b,65506,65508,6931,58413,65509,65508,6198,38513,65510,65510,54396,62386,65508,65505,10726,37196
1681843711.9283862,od_135b,65510,65510,7209,58426,65509,65509,6162,38851,65508,65510,54740,62458,65509,65509,10735,37176
1681843724.0328858,od_135b,65511,65513,7317,58442,65505,65508,6160,38798,65510,65510,52722,62320,65510,65507,10766,37120
1681843736.1013672,od_135b,65510,65511,7223,58403,65510,65507,6051,38669,65510,65509,52766,62283,65508,65507,10711,37182
1681843748.1680698,od_135b,65506,65507,7482,58414,65509,65509,6080,38283,65509,65509,52896,62407,65508,65508,10725,37198
1681843760.2362962,od_135b,65506,65510,7206,58421,65509,65509,6256,38538,65508,65507,53582,62392,65506,65509,10746,37031
1681843772.305349,od_135b,65506,65509,7398,58433,65509,65510,6091,38618,65512,65511,52432,62367,65509,65510,10730,37229
1681843784.3757825,od_135b,65508,65512,7281,58428,65509,65506,6276,38797,65508,65510,55115,62375,65508,65507,10702,37218
1681843796.4398055,od_135b,65510,65512,7489,58433,65511,65510,6162,38278,65510,65511,56027,62377,65509,65506,10695,37130
1681843808.52289,od_135b,65506,65509,7170,58413,65507,65506,6147,38852,65511,65507,55204,62330,65509,65508,10727,36739
1681843820.5933514,od_135b,65510,65510,7275,58445,65508,65510,6158,38654,65510,65509,54238,62185,65509,65508,10717,37087
1681843832.6602411,od_135b,65507,65509,7401,58429,65507,65510,6105,38526,65510,65510,54612,62386,65508,65510,10722,37046
1681843844.7283232,od_135b,65508,65505,7109,58428,65510,65507,6133,38568,65509,65509,53743,62410,65509,65508,10717,37078
1681843856.7964766,od_135b,65508,65511,7152,58465,65509,65510,6155,38354,65507,65509,56538,62344,65509,65508,10687,37096
1681843868.8681135,od_135b,65510,65509,7242,58443,65509,65509,6133,38622,65510,65509,53560,62055,65509,65507,10701,37066
1681843880.9389641,od_135b,65509,65509,7057,58452,65508,65509,6022,38847,65511,65511,50555,61939,65507,65507,10722,37097
1681843893.0216098,od_135b,65509,65512,7440,58458,65509,65510,6138,39044,65509,65509,49930,62001,65509,65506,10723,37052
1681843905.0897033,od_135b,65513,65512,7190,58480,65507,65509,6117,38857,65512,65511,52192,61699,65510,65510,10733,37086
1681843917.1509047,od_135b,65512,65514,7419,58510,65507,65509,6210,38781,65513,65513,46464,61247,65509,65511,10695,36945
1681843929.2165005,od_135b,65509,65512,7107,58498,65509,65510,6042,38747,65511,65510,55611,62366,65510,65507,10718,37101
1681843941.2845795,od_135b,65508,65509,7231,58440,65509,65511,6121,38907,65513,65513,51846,62396,65508,65509,10687,36979
1681843953.357053,od_135b,65508,65511,7476,58454,65512,65510,6186,38654,65510,65511,53089,61660,65511,65509,10820,36960
1681843965.4201572,od_135b,65508,65510,7106,58443,65511,65510,6111,38650,65510,65510,52636,62398,65511,65509,10706,36760
1681843977.5243716,od_135b,65511,65510,7315,58398,65511,65511,6202,38698,65512,65511,53314,61741,65508,65506,10719,36940
1681843989.5943024,od_135b,65509,65513,7281,58392,65508,65508,6124,38328,65511,65512,51214,62373,65508,65508,10743,37088
1681844001.6636004,od_135b,65508,65509,7135,58341,65505,65510,6023,38993,65509,65509,55630,62316,65508,65505,10761,36997
1681844013.733268,od_135b,65507,65511,7136,58343,65507,65507,6041,38621,65512,65510,55418,61934,65510,65509,10745,37168
1681844025.7963014,od_135b,65508,65510,7363,58375,65509,65509,6199,38686,65508,65509,49260,62528,65508,65508,10775,37154
1681844037.869392,od_135b,65508,65511,7207,58366,65508,65511,6030,38803,65511,65510,53057,62378,65508,65506,10795,37128
1681844049.9374115,od_135b,65507,65511,7013,58323,65507,65509,6145,38675,65511,65511,52895,62252,65510,65509,10807,37225
1681844062.0226243,od_135b,65509,65513,7334,58313,65509,65508,6239,38855,65511,65512,54387,62330,65508,65509,10814,37261
1681844074.0910134,od_135b,65508,65509,7259,58289,65509,65511,6067,38571,65509,65510,53650,62299,65510,65509,10775,37040
1681844086.1594214,od_135b,65514,65513,7443,58367,65510,65509,6248,38325,65509,65512,50383,62296,65510,65512,10783,36830
1681844098.2298124,od_135b,65511,65512,7077,58327,65510,65507,6168,38690,65508,65509,50854,62290,65507,65508,10760,36695
1681844110.297553,od_135b,65505,65511,7010,58306,65508,65509,6014,38503,65510,65511,51726,61775,65507,65508,10792,37282
1681844122.387964,od_135b,65508,65511,7322,58323,65508,65506,6289,38321,65510,65508,50247,62008,65508,65508,10784,37358
1681844134.4523344,od_135b,65509,65510,7068,58348,65510,65509,6175,38714,65510,65509,51690,61902,65508,65509,10801,37262
1681844146.526118,od_135b,65509,65511,7341,58343,65509,65507,6175,38765,65508,65509,52793,61927,65509,65510,10806,37235
1681844158.5962029,od_135b,65507,65510,7161,58380,65508,65508,5989,38743,65509,65512,50693,61137,65510,65509,10800,37056
1681844170.6645727,od_135b,65504,65497,7110,58397,65508,65507,6237,38709,65508,65508,51296,59981,65507,65507,10766,36921
1681844182.7333221,od_135b,65506,65510,7227,58364,65509,65510,6150,38334,65509,65509,50947,61881,65509,65507,10787,37235
1681844194.807703,od_135b,65510,65509,6891,58372,65510,65510,6150,38432,65509,65508,50671,60332,65511,65506,10789,37221
1681844206.8721719,od_135b,65508,65509,7083,58453,65508,65508,5998,38439,65508,65510,51473,61271,65510,65509,10820,37250
1681844218.9474947,od_135b,65508,65509,7224,58402,65511,65509,6044,38717,65508,65510,54136,61313,65508,65506,10799,37191
1681844231.0224047,od_135b,65508,65508,7321,58354,65510,65511,6062,38606,65511,65511,51206,61912,65511,65507,10807,37148
1681844243.093701,od_135b,65510,65509,7329,58378,65510,65511,6051,38749,65510,65510,50865,61745,65508,65510,10800,37176
1681844255.1659062,od_135b,65514,65512,7312,58320,65508,65510,6050,38718,65510,65512,56406,61961,65511,65510,10820,37125
1681844267.2341824,od_135b,65507,65509,6997,58376,65507,65509,5981,38639,65510,65508,53252,61932,65510,65509,10816,36827
1681844279.3251784,od_135b,65509,65510,6943,58322,65508,65509,6140,38728,65510,65512,46431,61287,65508,65507,10771,37192
1681844291.3922694,od_135b,65507,65511,7030,58315,65509,65509,6098,38563,65510,65510,53237,61404,65509,65510,10767,37306
1681844303.460407,od_135b,65507,65506,7472,58302,65509,65507,6049,38800,65510,65510,49870,61705,65509,65506,10806,37281
1681844315.5331028,od_135b,65511,65511,7607,58271,65512,65510,6007,38442,65509,65507,47094,61776,65508,65508,10811,37226
1681844327.602622,od_135b,65508,65511,7133,58247,65507,65509,6044,38573,65513,65512,56295,62003,65507,65508,10835,36709
1681844339.6681902,od_135b,65509,65511,7391,58279,65511,65507,6142,38201,65511,65510,53466,61763,65507,65508,10847,37020
1681844351.7364428,od_135b,65510,65509,7896,58333,65509,65511,6122,38539,65509,65508,53364,61477,65510,65510,10827,37357
1681844363.804548,od_135b,65510,65513,7636,58333,65511,65511,6121,38372,65512,65513,47442,61524,65512,65511,10870,37375
1681844375.8774586,od_135b,65507,65509,7538,58324,65509,65509,6072,38402,65510,65509,56328,61842,65507,65508,10829,37319
1681844387.945532,od_135b,65509,65510,6999,58339,65507,65509,5968,38240,65510,65510,50316,62257,65508,65510,10810,37322
1681844400.0228407,od_135b,65508,65507,7274,58323,65508,65504,6092,38217,65513,65508,46592,62128,65508,65509,10799,37323
1681844412.092159,od_135b,65506,65509,7112,58263,65508,65510,6002,38174,65509,65509,50372,61707,65506,65505,10822,37329
1681844424.1616755,od_135b,65509,65511,7086,58243,65507,65506,5893,38225,65509,65510,52419,62264,65508,65506,10785,37353
1681844436.2298586,od_135b,65509,65509,7216,58260,65508,65511,5998,38387,65510,65509,54828,61669,65508,65509,10840,37417
1681844448.2986069,od_135b,65511,65511,7416,58407,65511,65511,6043,38495,65509,65510,54061,61653,65509,65508,10838,37266
1681844460.3717327,od_135b,65509,65510,7156,58430,65508,65512,6020,38414,65508,65510,61193,61792,65509,65510,10804,37099
1681844472.4405591,od_135b,65509,65510,6970,58408,65510,65510,6154,38716,65509,65511,60836,61496,65509,65508,10821,37211
1681844484.5260503,od_135b,65508,65510,7331,58419,65507,65510,6015,38673,65507,65508,58428,61749,65507,65507,10813,36634
1681844496.5945234,od_135b,65511,65508,7271,58413,65509,65508,5985,38731,65508,65510,63746,61503,65508,65509,10827,37306
1681844508.6648517,od_135b,65505,65507,7213,58422,65506,65506,6091,38524,65511,65509,57075,61439,65509,65507,10841,37365
1681844520.7334049,od_135b,65508,65511,7042,58453,65506,65507,6071,38376,65511,65508,52984,61739,65506,65504,10837,37337
1681844532.8017535,od_135b,65505,65509,7398,58518,65510,65510,6170,38773,65507,65510,63114,62090,65508,65506,10842,37279
1681844544.8643863,od_135b,65508,65510,7518,58478,65509,65511,6045,38851,65511,65509,58279,61765,65509,65506,10868,37050
1681844556.9344957,od_135b,65507,65510,7566,58452,65509,65507,6007,38795,65507,65510,58540,61805,65511,65509,10802,37258
1681844569.0243,od_135b,65506,65510,7735,58446,65508,65508,6046,38821,65510,65508,51530,61752,65507,65508,10827,37218
1681844581.0924306,od_135b,65507,65512,7072,58438,65507,65511,6073,38220,65510,65509,48164,61467,65508,65509,10831,37188
1681844593.1614466,od_135b,65509,65510,7400,58458,65509,65508,6058,38774,65510,65509,58174,61894,65509,65509,10801,36872
1681844605.227467,od_135b,65509,65511,7442,58485,65509,65511,6049,38865,65511,65512,53982,61830,65505,65508,10848,37178
1681844617.2958307,od_135b,65507,65510,7498,58415,65507,65508,5906,38804,65510,65508,53120,61854,65508,65505,10830,37381
1681844629.4115596,od_135b,65507,65508,7291,58404,65512,65509,6025,38666,65508,65509,63278,61670,65509,65507,10873,37374
1681844641.4769819,od_135b,65507,65510,7457,58399,65508,65507,6146,38524,65510,65510,61138,61884,65506,65509,10825,37291
1681844653.5499065,od_135b,65511,65510,7379,58442,65509,65507,6047,38715,65508,65508,53519,61462,65507,65509,10842,37315
1681844665.6215408,od_135b,65507,65507,7335,58418,65506,65509,6025,38191,65509,65509,62399,61503,65509,65507,10845,37287
1681844677.6914246,od_135b,65509,65511,7728,58429,65510,65507,6058,38392,65509,65511,49911,62018,65508,65509,10834,37279
1681844689.759489,od_135b,65508,65507,7617,58451,65507,65507,5968,38444,65509,65510,60305,61578,65507,65509,10846,37299
1681844701.8275604,od_135b,65509,65510,7454,58442,65509,65511,5927,38889,65509,65510,57481,61700,65510,65508,10854,36764
1681844713.8973732,od_135b,65510,65511,7511,58467,65509,65510,6000,38672,65508,65511,55409,61799,65508,65509,10851,36791
1681844725.9645581,od_135b,65509,65510,7575,58438,65507,65509,6037,38795,65510,65507,56953,61760,65510,65509,10845,36132
1681844738.0249329,od_135b,65511,65510,7542,58395,65507,65507,5924,38640,65510,65507,62676,61820,65507,65503,10830,37362
1681844750.0978024,od_135b,65507,65509,7377,58356,65507,65508,6081,38634,65508,65510,63485,61608,65507,65506,10839,37317
1681844762.1659536,od_135b,65508,65510,7611,58364,65507,65509,5959,38893,65508,65511,52472,61713,65510,65511,10855,37333
1681844774.2322474,od_135b,65507,65510,7500,58451,65508,65508,5963,38659,65511,65511,63182,61653,65506,65506,10853,37212
1681844786.3131864,od_135b,65508,65511,7529,58427,65509,65511,6013,38788,65510,65510,63603,61992,65510,65510,10864,36743
1681844798.3816335,od_135b,65508,65510,7191,58432,65509,65511,6065,38910,65510,65512,58404,61945,65508,65509,10834,37031
1681844810.4497635,od_135b,65510,65511,7372,58386,65510,65512,5909,38908,65510,65510,63391,61694,65508,65509,10842,37157
1681844822.5271525,od_135b,65508,65508,7487,58394,65511,65508,6083,38921,65511,65512,63408,61502,65510,65509,10871,37266
1681844834.6572344,od_135b,65509,65512,7388,58416,65513,65511,5933,38987,65511,65512,51893,61750,65508,65510,10866,37021
1681844846.7260356,od_135b,65508,65512,7284,58401,65509,65508,6070,38761,65512,65514,63259,62171,65510,65511,10837,37130
1681844858.794124,od_135b,65508,65511,7572,58391,65508,65510,6102,38999,65509,65511,48818,61392,65512,65508,10824,37181
1681844870.8637075,od_135b,65508,65511,7531,58375,65511,65509,6052,38688,65511,65508,48815,61850,65510,65510,10766,37139
1681844882.9308832,od_135b,65508,65511,7257,58368,65510,65512,5921,38996,65511,65512,51424,62134,65510,65509,10846,37159
1681844894.9963787,od_135b,65509,65511,7186,58369,65510,65511,5940,38891,65510,65509,61135,61460,65510,65508,10808,36927
1681844907.0649507,od_135b,65505,65508,7636,58345,65510,65509,5937,38815,65508,65509,59211,61405,65509,65511,10765,36904
1681844919.1357286,od_135b,65509,65511,7247,58310,65508,65510,6002,38823,65510,65510,55622,61595,65509,65511,10784,36963
1681844931.2016675,od_135b,65508,65509,7234,58323,65507,65508,5996,38287,65510,65513,61013,61499,65509,65509,10784,36992
1681844943.2718658,od_135b,65509,65512,7271,58296,65507,65509,5982,38217,65508,65510,58598,61514,65509,65508,10790,37089
1681844955.3696673,od_135b,65507,65509,7370,58330,65511,65510,6026,38819,65509,65509,57044,62028,65508,65508,10823,37035
1681844967.4368513,od_135b,65510,65510,7211,58347,65506,65510,6042,38206,65512,65510,54893,62005,65509,65507,10807,37114
1681844979.504392,od_135b,65510,65508,7181,58355,65508,65510,6022,38521,65511,65508,62307,61598,65510,65505,10811,37181
1681844991.572574,od_135b,65508,65512,7474,58410,65507,65511,6067,38673,65511,65511,63814,62111,65510,65510,10856,37199
1681845003.6432772,od_135b,65508,65506,7294,58436,65508,65509,5955,38595,65511,65509,55710,61899,65509,65508,10853,37178
1681845015.732379,od_135b,65507,65511,7512,58433,65506,65511,5962,38861,65508,65509,46476,61609,65508,65509,10824,36834
1681845027.7922027,od_135b,65509,65511,7516,58409,65508,65511,6013,38709,65507,65510,49228,61681,65510,65507,10861,36101
1681845039.8624575,od_135b,65510,65511,7001,58420,65509,65509,6124,38937,65512,65509,51576,61795,65508,65510,10900,35933
1681845051.9317691,od_135b,65510,65509,7203,58390,65506,65509,5972,38464,65508,65512,52318,61063,65511,65510,10874,36259
1681845063.9957716,od_135b,65511,65511,7236,58411,65509,65510,5968,38917,65509,65511,49382,61267,65510,65509,10881,36349
1681845076.0646029,od_135b,65510,65510,7088,58348,65508,65511,5992,38709,65512,65511,63108,61222,65507,65508,10866,35950
1681845088.1371255,od_135b,65512,65509,7421,58338,65510,65509,5940,38635,65511,65513,46680,60966,65510,65511,10839,37245
1681845100.2054334,od_135b,65509,65510,7023,58314,65508,65509,6025,38847,65512,65513,61586,61304,65509,65508,10881,37170
1681845112.2781527,od_135b,65508,65511,7075,58330,65506,65510,6056,38671,65510,65510,58391,61269,65514,65513,10859,37248
1681845124.3470945,od_135b,65509,65511,7078,58316,65508,65510,6002,38689,65511,65513,63398,61244,65511,65510,10887,37193
1681845136.4592514,od_135b,65511,65510,7154,58304,65508,65511,6024,38805,65508,65511,49274,61197,65509,65507,10880,37210
1681845148.5244303,od_135b,65507,65510,7215,58325,65509,65511,5998,38503,65510,65510,48979,60805,65508,65509,10890,36932
1681845160.5928116,od_135b,65509,65511,7152,58353,65511,65509,6020,38442,65511,65512,52623,61453,65509,65509,10912,36583
1681845172.663106,od_135b,65510,65509,7280,58356,65510,65507,5995,38671,65510,65509,46615,61709,65509,65508,10893,36797
1681845184.7315047,od_135b,65512,65510,7175,58341,65510,65509,5904,38999,65510,65513,59818,61779,65509,65510,10893,36443
1681845196.8002846,od_135b,65508,65508,7586,58333,65508,65507,6005,38731,65509,65512,56237,61956,65509,65508,10923,37229
1681845208.8684537,od_135b,65508,65511,7043,58341,65508,65509,6018,38434,65510,65512,54352,62026,65511,65509,10916,37297
1681845220.9385562,od_135b,65511,65513,7211,58322,65507,65509,5999,38595,65509,65511,47098,61839,65511,65510,10850,37256
1681845233.005256,od_135b,65507,65510,7404,58317,65511,65511,6031,38382,65512,65511,49509,61413,65510,65511,10830,37237
1681845245.0739884,od_135b,65509,65511,7258,58310,65509,65509,5922,38734,65509,65510,56315,61507,65511,65509,10915,37306
1681845257.1449523,od_135b,65509,65511,7388,58326,65510,65509,5936,38702,65510,65509,48904,61674,65512,65509,10910,37242
1681845269.2154112,od_135b,65511,65511,6915,58329,65510,65511,6013,38755,65510,65512,56549,61313,65510,65511,10880,37132
1681845281.2834983,od_135b,65510,65511,7308,58283,65510,65509,6026,38723,65512,65511,52736,61894,65510,65507,10825,37205
1681845293.3810284,od_135b,65508,65510,7284,58303,65509,65508,5910,38895,65509,65509,55892,61558,65508,65506,10874,37213
1681845305.4433308,od_135b,65508,65511,7136,58256,65507,65507,6030,38661,65507,65507,51521,61695,65507,65507,10861,37189
1681845317.5085943,od_135b,65507,65512,7630,58252,65510,65508,5951,38396,65510,65508,60533,61310,65508,65507,10915,37215
1681845329.5762432,od_135b,65508,65509,7268,58249,65509,65509,5950,38452,65508,65508,56946,61234,65504,65504,10859,37179
1681845341.6363907,od_135b,65512,65511,7089,58194,65508,65507,5962,38524,65511,65509,60543,61419,65509,65507,10850,37360
1681845353.70657,od_135b,65507,65513,7394,58181,65510,65508,5889,38546,65508,65506,57340,61635,65509,65506,10915,37280
1681845365.7724545,od_135b,65508,65512,7114,58205,65507,65509,5983,38537,65509,65510,50820,61722,65508,65507,10862,37260
1681845377.840525,od_135b,65510,65511,6855,58239,65508,65509,5933,38308,65511,65511,63219,61944,65509,65508,10914,37268
1681845389.9088428,od_135b,65507,65509,7089,58274,65509,65510,5954,38173,65511,65511,63603,61658,65510,65506,10909,37298
1681845401.9777484,od_135b,65507,65510,6928,58210,65508,65508,5878,38640,65508,65511,51003,61849,65508,65508,10900,37289
1681845414.0442967,od_135b,65509,65509,7132,58262,65508,65509,5982,38709,65510,65513,53277,61961,65509,65508,10870,37330
1681845426.1184196,od_135b,65511,65510,7131,58281,65509,65511,5990,38174,65511,65510,49783,61818,65511,65510,10891,37500
1681845438.1867404,od_135b,65510,65512,6847,58250,65509,65510,5961,38321,65513,65513,48122,61904,65509,65508,10902,37248
1681845450.2637737,od_135b,65509,65510,7410,58235,65509,65505,5976,38448,65510,65511,56469,61610,65511,65505,10920,36857
1681845462.3318121,od_135b,65511,65511,7316,58209,65511,65509,5997,38018,65509,65510,56396,62107,65510,65508,10894,36302
1681845474.400947,od_135b,65508,65511,7045,58173,65510,65508,5787,38438,65511,65512,62967,61919,65509,65508,10889,36624
1681845486.4684489,od_135b,65508,65508,7001,58140,65508,65510,5969,38194,65510,65511,47231,61983,65513,65511,10838,36634
1681845498.5358098,od_135b,65510,65512,7396,58174,65511,65510,5958,38476,65510,65512,48024,61824,65510,65510,10835,36111
1681845510.6003172,od_135b,65509,65510,7176,58130,65508,65509,5963,38215,65510,65511,63511,61820,65512,65510,10897,36181
1681845522.6681519,od_135b,65511,65512,7438,58157,65507,65507,5861,38503,65507,65512,53336,61674,65509,65510,10881,35288
1681845534.737036,od_135b,65509,65510,6941,58229,65506,65508,5969,38412,65510,65512,43511,61673,65509,65507,10844,36572
1681845546.805452,od_135b,65509,65508,7365,58240,65508,65510,5979,38160,65510,65512,54717,61614,65511,65510,10865,35686
1681845558.8737085,od_135b,65509,65510,7067,58205,65510,65511,5941,38326,65510,65510,62123,61854,65509,65507,10895,36279
1681845570.9402747,od_135b,65505,65510,6962,58190,65510,65508,5979,38328,65510,65512,53028,61680,65510,65508,10908,37204
1681845583.0237198,od_135b,65508,65510,7293,58164,65509,65510,5977,38420,65510,65511,53919,61747,65511,65509,10890,37325
1681845595.088576,od_135b,65510,65511,7254,58188,65508,65510,5962,38734,65511,65513,64111,61655,65511,65511,10905,37471
1681845607.1614387,od_135b,65509,65510,7124,58185,65511,65509,5960,38541,65509,65509,63105,61546,65510,65507,10884,37402
1681845619.2296138,od_135b,65509,65511,8198,58155,65510,65510,5957,38447,65509,65509,60541,61372,65509,65510,10891,37418
1681845631.2997398,od_135b,65508,65508,7348,58125,65508,65510,5920,38236,65510,65508,53266,61593,65509,65509,10925,37574
1681845643.3711734,od_135b,65510,65512,7163,58181,65508,65508,5877,38614,65509,65510,52245,61605,65510,65508,10958,37574
1681845655.4369082,od_135b,65509,65511,7237,58167,65507,65508,5914,38156,65510,65511,63955,61848,65510,65507,10894,37419
1681845667.5248845,od_135b,65508,65511,7460,58177,65508,65510,5987,37879,65511,65511,52043,61667,65509,65507,10893,37411
1681845679.5945668,od_135b,65510,65512,6909,58217,65510,65510,5916,38033,65508,65511,51351,61659,65507,65506,10902,37415
1681845691.6626682,od_135b,65509,65511,7291,58190,65510,65512,5931,38021,65511,65514,54813,61629,65513,65511,10894,37343
1681845703.7310085,od_135b,65508,65508,7426,58220,65509,65511,6044,38053,65511,65512,44057,61671,65505,65509,10869,37289
1681845715.801382,od_135b,65507,65511,7375,58254,65508,65509,5945,38450,65508,65512,45289,61426,65509,65507,10907,37338
1681845727.8695548,od_135b,65510,65509,7664,58290,65510,65511,6068,38208,65507,65507,56037,61886,65505,65508,10922,37529
1681845739.9366121,od_135b,65509,65511,7369,58210,65509,65507,5919,38227,65509,65511,58662,61542,65508,65489,10866,37196
1681845752.0235474,od_135b,65507,65508,7241,58141,65508,65506,5894,38441,65510,65508,63611,61565,65507,65507,10907,37262
1681845764.0879114,od_135b,65508,65510,7372,58152,65507,65509,5933,38020,65510,65509,63056,61757,65510,65509,10903,37236
1681845776.156097,od_135b,65510,65513,7486,58197,65508,65508,5995,38310,65508,65509,62000,61631,65509,65508,10877,37402
1681845788.2241235,od_135b,65505,65509,7743,58239,65508,65506,5919,38226,65510,65508,63270,61161,65512,65509,10874,37374
1681845800.284831,od_135b,65508,65507,7196,58231,65506,65508,6002,38414,65510,65510,41920,61554,65509,65507,10857,37323
1681845812.356114,od_135b,65508,65507,7237,58275,65510,65508,5940,38313,65507,65510,48359,61512,65507,65506,10889,36605
1681845824.4203577,od_135b,65508,65511,7322,58285,65507,65510,5965,38278,65510,65510,60931,61840,65510,65508,10842,36268
1681845836.5263295,od_135b,65508,65510,7406,58317,65510,65510,5978,38534,65507,65508,53459,61455,65509,65507,10769,36002
1681845848.592345,od_135b,65509,65509,7148,58270,65507,65509,5909,38137,65509,65510,54086,61503,65512,65508,10897,35358
1681845860.6604025,od_135b,65508,65510,7011,58324,65508,65509,5929,38677,65513,65510,57927,61535,65507,65507,10851,35669
1681845872.728645,od_135b,65509,65509,7387,58308,65506,65507,5917,38348,65511,65509,55196,61901,65511,65509,10852,35469
1681845884.7979174,od_135b,65507,65510,7509,58328,65508,65507,5928,38232,65509,65510,49686,61585,65506,65506,10861,36258
1681845896.8709557,od_135b,65508,65512,7030,58352,65507,65508,5895,38876,65510,65509,63636,61556,65510,65508,10863,36066
1681845908.9374504,od_135b,65505,65506,7221,58363,65507,65509,6033,38491,65510,65507,52095,61443,65505,65504,10893,36926
1681845921.0209558,od_135b,65506,65507,7299,58334,65504,65509,5961,38728,65506,65509,63655,61479,65505,65504,10892,37066
1681845933.0933094,od_135b,65506,65510,7037,58350,65511,65508,5954,38444,65510,65512,62611,61618,65508,65507,10855,37077
1681845945.1648674,od_135b,65506,65508,7011,58303,65505,65506,5884,38693,65509,65511,55506,61537,65511,65507,10842,36177
1681845957.2368338,od_135b,65509,65509,7356,58309,65507,65508,5932,38459,65511,65510,51897,61353,65510,65510,10853,36783
1681845969.305378,od_135b,65510,65512,7192,58352,65511,65512,5957,38673,65511,65510,63160,61627,65508,65510,10885,37062
1681845981.4113429,od_135b,65509,65513,7239,58336,65510,65510,5977,38771,65511,65511,60157,61750,65510,65510,10890,37292
1681845993.476392,od_135b,65509,65509,7383,58318,65511,65508,5876,38582,65509,65512,54513,61332,65510,65509,10835,37105
1681846005.546273,od_135b,65508,65510,7242,58378,65510,65511,6006,38616,65508,65509,62920,61652,65510,65509,10892,36678
1681846017.608216,od_135b,65509,65513,7294,58388,65508,65508,5899,38576,65509,65511,58213,61541,65510,65511,10853,36865
1681846029.6685853,od_135b,65508,65508,7118,58380,65511,65510,5895,38808,65511,65510,48942,61341,65510,65511,10900,36947
1681846041.7379286,od_135b,65510,65511,6893,58358,65506,65507,5938,38375,65509,65510,54560,61565,65511,65511,10830,37004
1681846053.806069,od_135b,65508,65511,7418,58374,65507,65508,5914,38570,65510,65510,63673,61385,65511,65511,10805,36471
1681846065.8762872,od_135b,65509,65511,6920,58381,65510,65509,5967,38579,65509,65510,63428,61839,65510,65510,10819,36292
1681846077.9475765,od_135b,65510,65512,7353,58350,65507,65509,6027,38508,65508,65511,51421,61767,65510,65511,10829,37048
1681846090.0228467,od_135b,65510,65512,7373,58272,65509,65511,5975,38165,65510,65512,57624,61261,65511,65509,10856,37099
1681846102.0957174,od_135b,65509,65510,7312,58288,65509,65508,5911,38122,65511,65512,50310,61609,65511,65511,10857,37074
1681846114.1603277,od_135b,65507,65510,7541,58377,65508,65507,6006,38477,65511,65510,58210,61784,65511,65507,10835,36380
1681846126.2322493,od_135b,65507,65510,7221,58376,65509,65508,5906,38328,65509,65512,51584,61560,65508,65508,10850,37103
1681846138.3132014,od_135b,65510,65508,7207,58354,65511,65508,5894,38343,65509,65510,57560,61577,65506,65508,10887,37294
1681846150.3837035,od_135b,65508,65511,6877,58343,65509,65511,5927,38310,65511,65510,54910,61879,65507,65507,10938,37152
1681846162.45238,od_135b,65509,65510,7163,58327,65509,65509,5947,38189,65509,65510,63246,61788,65507,65508,10811,37135
1681846174.5216484,od_135b,65508,65508,7269,58358,65508,65507,5999,38332,65508,65510,44995,61801,65509,65510,10901,37158
1681846186.590338,od_135b,65508,65510,7455,58349,65510,65508,6131,38123,65511,65510,63505,61332,65508,65508,10936,37141
1681846198.660873,od_135b,65508,65510,7431,58416,65508,65510,5901,38149,65511,65512,45615,61446,65510,65508,10881,36422
1681846210.7280924,od_135b,65507,65509,7284,58387,65509,65510,5986,38258,65509,65510,44697,61496,65508,65509,10925,37068
1681846222.7965014,od_135b,65506,65509,6969,58400,65507,65506,5977,38907,65509,65508,51124,61587,65507,65509,10952,37218
1681846234.8644495,od_135b,65509,65509,7187,58390,65508,65508,5939,38434,65507,65509,50718,60828,65510,65509,10932,37149
1681846246.9354696,od_135b,65507,65510,7056,58352,65506,65510,5949,38847,65509,65510,63517,60967,65510,65507,10907,36943
1681846259.0251288,od_135b,65510,65512,7057,58399,65506,65509,5956,38482,65510,65510,47764,61145,65511,65512,10949,36881
1681846271.0957763,od_135b,65506,65510,6942,58408,65505,65508,6006,38557,65510,65509,53401,62264,65508,65508,10890,37120
1681846283.1661725,od_135b,65509,65510,6866,58370,65505,65508,6013,38480,65505,65509,52973,62230,65508,65508,10857,37108
1681846295.2372193,od_135b,65512,65512,7183,58354,65509,65510,5896,38377,65508,65510,52884,62162,65509,65510,10942,37125
1681846307.3058434,od_135b,65509,65509,6997,58342,65508,65506,5905,38071,65508,65508,56090,62548,65507,65509,10924,37164
1681846319.3741567,od_135b,65508,65510,7097,58330,65507,65507,5972,38226,65510,65511,61872,62671,65509,65508,10919,37182
1681846331.4483907,od_135b,65508,65511,7322,58349,65508,65505,6012,37871,65508,65508,51441,62050,65510,65509,10885,37086
1681846343.5458934,od_135b,65510,65509,7106,58365,65508,65508,6027,38231,65509,65509,61810,62678,65510,65508,10836,37210
1681846355.6147573,od_135b,65511,65511,7013,58401,65509,65508,5997,38363,65508,65512,53578,62564,65509,65508,10907,37212
1681846367.6855135,od_135b,65511,65511,7179,58409,65509,65510,5959,38025,65509,65510,49196,62498,65510,65510,10899,37228
1681846379.7540116,od_135b,65509,65511,6968,58401,65506,65508,5999,38416,65510,65512,47379,62519,65509,65507,10904,37211
1681846391.8221753,od_135b,65512,65510,6817,58361,65508,65508,5915,38243,65510,65512,47089,62550,65510,65507,10897,37237
1681846403.9011724,od_135b,65509,65512,7031,58354,65509,65512,5958,37855,65510,65512,48943,61214,65511,65508,10875,37241
1681846415.968545,od_135b,65511,65511,7027,58350,65513,65512,5923,38006,65512,65511,47547,60752,65511,65513,10899,37182
1681846428.0369346,od_135b,65513,65514,6914,58342,65510,65509,5865,37600,65513,65511,49434,61515,65513,65510,10898,37117
1681846440.1089573,od_135b,65509,65510,7530,58297,65510,65510,5957,37977,65512,65512,52552,61483,65509,65508,10870,37166
1681846452.1791563,od_135b,65509,65510,7263,58304,65508,65509,5940,37800,65511,65510,55762,61134,65512,65508,10814,37419
1681846464.284502,od_135b,65509,65512,7132,58315,65511,65511,5945,38042,65513,65513,61002,59961,65513,65510,10873,37190
1681846476.353082,od_135b,65511,65514,7151,58286,65507,65510,5907,37694,65512,65511,62501,60564,65511,65512,10849,37112
1681846488.4222765,od_135b,65512,65515,6944,58334,65510,65512,5871,37634,65512,65512,48231,61027,65510,65510,10895,37257
1681846500.4882622,od_135b,65510,65512,6900,58303,65508,65510,5951,37850,65509,65508,49394,61345,65510,65509,10900,37144
1681846512.5557902,od_135b,65508,65511,6998,58352,65509,65509,5941,38087,65512,65511,60896,61959,65508,65509,10888,36760
1681846524.6454835,od_135b,65508,65509,7269,58232,65509,65509,5924,37934,65510,65511,62951,61873,65510,65511,10851,36500
1681846536.7123556,od_135b,65507,65510,7156,58185,65508,65508,5833,37807,65511,65511,63160,61996,65510,65510,10823,36731
1681846548.7804255,od_135b,65507,65511,6995,58178,65509,65511,5897,37924,65510,65509,50347,61770,65508,65509,10874,36135
1681846560.8483655,od_135b,65506,65508,6876,58248,65507,65506,5943,37981,65511,65511,60618,61824,65510,65508,10815,35855
1681846572.9184577,od_135b,65510,65508,6995,58291,65509,65509,5947,38151,65511,65511,51398,61946,65511,65508,10842,36095
1681846584.984368,od_135b,65506,65511,6917,58317,65508,65508,5912,37688,65509,65510,56730,61904,65509,65506,10900,36677
1681846597.0529916,od_135b,65506,65508,6789,58306,65507,65508,5913,38232,65509,65511,43456,62164,65512,65508,10905,35428
1681846609.123652,od_135b,65508,65510,7047,58300,65508,65507,5846,37879,65510,65510,58474,61807,65507,65508,10886,35871
1681846621.1938658,od_135b,65507,65509,7067,58261,65507,65510,5899,38057,65507,65508,62900,61660,65508,65505,10852,36656
1681846633.266128,od_135b,65507,65514,6864,58269,65508,65510,5841,37936,65509,65508,51977,62211,65508,65510,10856,37215
1681846645.398238,od_135b,65508,65511,7580,58250,65510,65511,5882,37526,65510,65509,53168,61941,65507,65507,10856,37183
1681846657.4664557,od_135b,65512,65511,6987,58249,65508,65511,5948,37534,65511,65507,52355,62118,65510,65506,10872,36793
1681846669.5323524,od_135b,65511,65513,6982,58297,65507,65509,5872,37659,65510,65510,54801,61876,65510,65509,10792,36517
1681846681.6008399,od_135b,65509,65510,7059,58312,65513,65511,6006,37523,65510,65512,55483,61813,65509,65510,10844,37188
1681846693.67124,od_135b,65509,65512,7100,58323,65510,65509,5941,37993,65510,65510,53065,61905,65512,65509,10835,37165
1681846705.7362635,od_135b,65511,65512,6791,58320,65510,65512,6049,37837,65512,65510,52022,61956,65512,65510,10811,37045
1681846717.805161,od_135b,65510,65511,7100,58320,65511,65511,5911,38165,65512,65512,52277,61849,65510,65510,10831,37016
1681846729.873511,od_135b,65510,65511,6975,58315,65509,65510,5866,37591,65511,65513,50243,62068,65509,65511,10873,37053
1681846741.946488,od_135b,65509,65510,7511,58305,65510,65508,5860,37792,65511,65512,52235,61722,65508,65510,10762,36950
1681846754.014799,od_135b,65510,65511,7873,58291,65510,65509,5901,37811,65511,65510,48089,61884,65511,65507,10883,37435
1681846766.0836844,od_135b,65510,65512,7932,58278,65509,65509,5979,37445,65509,65510,50348,61373,65508,65508,10826,36637
1681846778.1554887,od_135b,65509,65510,7579,58289,65509,65509,5901,38052,65509,65509,49879,61270,65507,65510,10829,36133
1681846790.2240965,od_135b,65509,65510,7737,58212,65508,65509,5919,37927,65509,65510,49405,61910,65509,65506,10901,37197
1681846802.3467124,od_135b,65507,65511,7733,58189,65508,65510,5856,37584,65508,65505,50574,61943,65508,65510,10830,37241
1681846814.407652,od_135b,65510,65510,7875,58176,65507,65509,5894,37498,65510,65511,47289,61643,65508,65507,10890,37290
1681846826.4722466,od_135b,65508,65511,7743,58171,65508,65506,5881,37823,65509,65509,46119,61950,65509,65509,10883,36879
1681846838.5405686,od_135b,65508,65510,7811,58169,65508,65511,5788,37798,65510,65509,52196,61783,65510,65507,10872,36575
1681846850.608853,od_135b,65509,65510,7467,58171,65508,65512,5908,37662,65511,65511,47951,61875,65509,65508,10835,37013
1681846862.6792765,od_135b,65510,65512,7779,58198,65511,65510,5984,37601,65510,65512,46510,61999,65510,65508,10898,37171
1681846874.7474358,od_135b,65510,65513,7648,58214,65511,65512,5883,37743,65512,65514,53806,61676,65512,65510,10904,37237
1681846886.8154917,od_135b,65511,65512,7639,58172,65510,65510,5933,37682,65510,65510,49232,62012,65510,65509,10855,37339
1681846898.8834462,od_135b,65510,65512,7838,58209,65512,65512,5902,37851,65510,65510,47880,62115,65509,65510,10891,37010
1681846910.953916,od_135b,65509,65512,7532,58235,65509,65509,5889,37980,65512,65511,52939,61959,65508,65508,10922,37129
1681846923.0206034,od_135b,65510,65511,7552,58270,65512,65510,5891,37841,65512,65511,47001,61808,65510,65509,10912,37142
1681846935.0889525,od_135b,65507,65509,7709,58275,65508,65511,5944,38138,65509,65510,49455,61785,65510,65506,10902,37143
1681846947.1598418,od_135b,65509,65512,7787,58338,65511,65509,5942,37847,65510,65511,51380,62093,65511,65507,10900,37105
1681846959.2307415,od_135b,65510,65512,7642,58333,65506,65509,5813,38309,65511,65512,51077,62055,65511,65509,10900,37076
1681846971.3034284,od_135b,65511,65511,7493,58288,65511,65512,5984,38028,65510,65511,52525,61704,65509,65510,10943,37066
1681846983.3713346,od_135b,65511,65514,7852,58319,65511,65511,5887,37892,65510,65511,48030,62037,65511,65509,10955,37104
1681846995.44193,od_135b,65510,65510,7294,58332,65510,65509,5977,37787,65510,65511,62503,62082,65512,65510,10827,37080
1681847007.5084996,od_135b,65509,65510,7647,58317,65510,65513,5901,37699,65512,65511,47699,61863,65510,65508,10791,36954
1681847019.576896,od_135b,65510,65512,7642,58313,65511,65510,5870,37298,65511,65512,63545,62174,65511,65508,10858,37112
1681847031.645338,od_135b,65510,65512,7844,58348,65511,65511,5962,37884,65511,65511,46086,62300,65510,65508,10845,36319
1681847043.715596,od_135b,65510,65508,7619,58363,65509,65511,5949,38146,65510,65511,47202,62190,65511,65509,10866,35703
1681847055.7813838,od_135b,65506,65510,7623,58321,65510,65511,5924,37594,65509,65510,42299,62060,65509,65509,10854,35296
1681847067.8497896,od_135b,65510,65511,7954,58343,65509,65509,5932,38159,65509,65509,45206,61797,65509,65508,10770,35970
1681847079.9178824,od_135b,65508,65510,7573,58341,65510,65510,5955,37394,65509,65510,50574,62050,65511,65509,10854,35880
1681847091.9842484,od_135b,65509,65512,7496,58346,65510,65510,5940,37795,65509,65509,45543,62162,65510,65509,10836,34198
1681847104.0549715,od_135b,65511,65513,7544,58325,65512,65512,5950,38103,65512,65512,51560,62127,65512,65512,10854,35922
1681847116.1259286,od_135b,65511,65512,7631,58321,65510,65510,5887,37504,65513,65513,53324,62328,65510,65510,10869,36668
1681847128.1946573,od_135b,65510,65509,7517,58356,65510,65510,5987,38142,65511,65513,46798,62409,65511,65509,10828,37104
1681847140.2627017,od_135b,65510,65510,7306,58397,65512,65511,5849,37891,65513,65514,46198,61868,65513,65510,10850,37056
1681847152.3322928,od_135b,65513,65513,7361,58376,65510,65512,5978,38375,65513,65511,53391,61904,65513,65512,10836,36781
1681847164.40089,od_135b,65512,65514,7412,58391,65510,65513,5889,37850,65510,65510,44939,61773,65511,65514,10832,37067
1681847176.4685473,od_135b,65511,65514,7572,58338,65511,65511,5801,37729,65511,65513,52185,62061,65513,65510,10797,37016
1681847188.5370507,od_135b,65508,65509,7369,58353,65511,65513,5879,37995,65512,65510,50068,62015,65510,65512,10854,37125
1681847200.6074464,od_135b,65511,65514,7660,58343,65511,65512,5877,37761,65514,65514,48914,61478,65509,65511,10857,37078
1681847212.6681561,od_135b,65510,65512,7542,58358,65510,65511,5901,38081,65512,65511,47500,61710,65510,65512,10813,37109
1681847224.7363312,od_135b,65512,65512,7543,58364,65511,65511,5913,37596,65510,65511,53786,61711,65510,65512,10872,37165
1681847236.8044617,od_135b,65511,65513,7600,58360,65508,65510,5888,37189,65510,65512,44718,62012,65509,65510,10874,37160
1681847248.8744605,od_135b,65512,65512,7321,58348,65510,65509,5833,37565,65514,65516,53353,61808,65511,65509,10922,36313
1681847260.9408512,od_135b,65511,65510,7633,58323,65514,65513,5818,37671,65513,65513,47117,61797,65511,65511,10839,36409
1681847273.0221353,od_135b,65509,65511,7493,58326,65510,65507,5843,38085,65510,65509,44297,61906,65510,65509,10855,37167
1681847285.087063,od_135b,65511,65512,7265,58236,65511,65507,5780,37576,65510,65510,50472,62018,65510,65511,10791,37144
1681847297.1583562,od_135b,65507,65511,7351,58232,65510,65509,5822,37728,65510,65509,46320,61836,65508,65508,10886,37316
1681847309.229089,od_135b,65509,65509,7613,58295,65510,65509,5859,38023,65507,65510,45301,61650,65510,65508,10903,37387
1681847321.2976155,od_135b,65508,65508,7436,58266,65509,65509,5869,37488,65508,65510,48965,62152,65508,65508,10903,37434
1681847333.4046679,od_135b,65510,65512,7379,58260,65506,65505,5806,37712,65510,65510,56247,62520,65511,65508,10851,37430
1681847345.472464,od_135b,65509,65511,6934,58284,65507,65509,5878,37600,65512,65510,47901,62473,65508,65510,10914,37248
1681847357.5409598,od_135b,65509,65509,6863,58290,65510,65509,5944,37595,65507,65508,61891,62316,65509,65509,10895,36853
1681847369.6110709,od_135b,65509,65509,6749,58239,65509,65509,5808,37973,65507,65511,49466,62144,65510,65509,10876,36426
1681847381.6793334,od_135b,65504,65509,6758,58254,65508,65507,5913,37787,65510,65509,54822,62023,65506,65505,10811,37310
1681847393.7474558,od_135b,65508,65509,6775,58319,65509,65507,5881,37493,65510,65511,60942,62340,65508,65510,10836,37245
1681847405.817248,od_135b,65508,65509,6943,58240,65508,65507,5832,37371,65508,65508,46562,62169,65507,65507,10886,37283
1681847417.8874547,od_135b,65508,65509,6739,58223,65509,65510,5899,37431,65511,65511,50136,62406,65509,65509,10886,37277
1681847429.9529204,od_135b,65507,65511,6521,58235,65507,65511,5848,37339,65509,65509,62652,62418,65508,65506,10885,37325
1681847442.022181,od_135b,65507,65507,6888,58239,65509,65508,5855,37616,65510,65510,49855,62527,65511,65508,10886,37293
1681847454.0936756,od_135b,65511,65512,6935,58271,65507,65509,5834,37532,65508,65508,49742,62537,65509,65508,10855,37238
1681847466.1581476,od_135b,65508,65510,6692,58223,65510,65509,5891,37794,65510,65510,62762,62379,65510,65510,10832,37275
1681847478.2295134,od_135b,65509,65513,6714,58257,65508,65509,5872,37628,65510,65511,48487,62436,65509,65508,10900,37291
1681847490.2881417,od_135b,65511,65510,6860,58242,65507,65510,5966,38066,65509,65511,53231,61616,65510,65511,10873,37370
1681847502.3568323,od_135b,65509,65511,6859,58246,65509,65510,5944,38422,65510,65509,52744,61763,65507,65509,10862,37342
1681847514.423283,od_135b,65509,65511,6763,58229,65506,65508,5818,37905,65509,65509,60393,62147,65509,65507,10881,36000
1681847526.5236843,od_135b,65509,65508,6507,58329,65510,65512,5895,37796,65510,65508,50215,61434,65507,65508,10822,36195
1681847538.5914962,od_135b,65506,65510,6691,58333,65507,65507,5862,38582,65507,65510,53761,61904,65508,65508,10869,36391
1681847550.6581373,od_135b,65509,65510,6727,58259,65508,65507,5864,37965,65509,65511,48684,61505,65507,65509,10867,37133
1681847562.7261002,od_135b,65507,65508,7020,58260,65507,65509,5768,38037,65507,65508,48739,61863,65509,65509,10778,37198
1681847574.794279,od_135b,65510,65511,6858,58243,65507,65509,5856,38228,65509,65510,48037,61516,65509,65508,10781,37255
1681847586.8562632,od_135b,65508,65509,6674,58306,65508,65507,5854,37649,65509,65509,50315,61667,65507,65508,10818,37091
1681847598.9202406,od_135b,65509,65510,6776,58313,65508,65510,5879,38168,65508,65510,52450,61846,65508,65509,10792,37215
1681847611.0255928,od_135b,65509,65511,6700,58261,65509,65506,5779,38054,65507,65510,47715,61568,65508,65508,10794,37231
1681847623.0975645,od_135b,65508,65508,7040,58245,65507,65508,5889,37229,65511,65510,48156,61538,65508,65506,10775,37189
1681847635.1677139,od_135b,65509,65509,6885,58268,65504,65509,5837,37878,65508,65510,62257,61438,65511,65506,10829,37284
1681847647.2351055,od_135b,65508,65509,6684,58266,65508,65507,5844,37917,65508,65512,52560,61784,65507,65512,10862,37285
1681847659.3039844,od_135b,65509,65509,6612,58310,65508,65510,5898,37930,65510,65512,51887,61610,65507,65504,10796,37268
1681847671.372173,od_135b,65505,65510,6692,58298,65509,65512,5890,37453,65508,65510,58752,61565,65510,65510,10791,37221
1681847683.4477272,od_135b,65506,65508,7276,58314,65510,65510,5881,37813,65508,65510,44972,62062,65506,65508,10862,37267
1681847695.5233693,od_135b,65507,65510,6667,58319,65508,65506,5786,38066,65509,65507,61945,61540,65508,65507,10870,37236
1681847707.5941176,od_135b,65507,65509,6570,58287,65507,65509,5920,38128,65508,65510,49274,61638,65509,65511,10834,37175
1681847719.6625948,od_135b,65507,65509,6755,58269,65511,65510,5813,37978,65509,65505,49398,61656,65509,65503,10841,37195
1681847731.7332933,od_135b,65508,65509,6866,58261,65506,65508,5809,38047,65510,65509,48104,61866,65508,65505,10823,37209
1681847743.8012128,od_135b,65506,65509,6734,58249,65507,65509,5874,37923,65505,65508,49795,61902,65508,65506,10810,37204
1681847755.869376,od_135b,65506,65510,6989,58239,65507,65509,5862,37788,65509,65507,49232,61745,65507,65507,10743,37195
1681847767.9368818,od_135b,65505,65510,6770,58197,65507,65509,5917,37884,65506,65507,53097,61666,65509,65508,10796,37237
1681847780.0227914,od_135b,65505,65506,6409,58203,65505,65504,5958,37557,65507,65510,63253,61688,65507,65505,10768,37175
1681847792.1072838,od_135b,65505,65508,6787,58218,65504,65506,5796,37947,65509,65506,55263,61773,65505,65505,10780,37155
1681847804.1681948,od_135b,65506,65510,6633,58199,65507,65509,5824,37069,65510,65508,53231,61960,65509,65507,10825,36590
1681847816.2384505,od_135b,65509,65507,6793,58196,65507,65507,5883,37225,65506,65508,51226,61760,65510,65506,10758,35809
1681847828.306915,od_135b,65508,65508,6971,58190,65507,65509,5751,37395,65509,65509,62915,61732,65509,65504,10778,36158
1681847840.3751504,od_135b,65504,65509,6707,58223,65507,65506,5805,37250,65509,65509,54739,61721,65507,65504,10757,36416
1681847852.4403458,od_135b,65506,65509,6782,58276,65506,65505,5857,37417,65507,65509,56240,61983,65506,65504,10793,34574
1681847864.5218341,od_135b,65506,65507,6819,58251,65507,65507,5852,37554,65511,65509,63840,61929,65511,65510,10761,34214
1681847876.5900204,od_135b,65507,65508,6774,58207,65506,65507,5880,37900,65508,65510,52359,61522,65508,65507,10732,36166
1681847888.658356,od_135b,65505,65509,6635,58227,65506,65507,5815,36934,65508,65510,50967,61470,65505,65504,10725,35681
1681847900.727726,od_135b,65509,65509,6750,58239,65506,65508,5887,37472,65508,65511,59337,61761,65510,65506,10758,37095
1681847912.791379,od_135b,65506,65506,6804,58202,65504,65507,5767,37507,65507,65508,59867,61447,65506,65506,10660,37216
1681847924.860063,od_135b,65506,65507,6675,58144,65503,65508,5868,37290,65505,65507,48591,61689,65502,65503,10680,37195
1681847936.9243727,od_135b,65508,65508,7006,58213,65508,65506,5766,37271,65507,65507,49441,61563,65508,65507,10687,37152
1681847949.0234149,od_135b,65507,65509,6814,58199,65507,65508,5903,37539,65509,65507,63849,61562,65506,65505,10696,37166
1681847961.0938854,od_135b,65507,65510,6547,58212,65505,65508,5877,37583,65510,65508,58110,61592,65508,65506,10687,37156
1681847973.1622965,od_135b,65510,65510,6708,58186,65504,65506,5876,37899,65508,65507,48141,61672,65508,65508,10757,37269
1681847985.235495,od_135b,65507,65509,6746,58194,65506,65506,5838,37942,65508,65505,55972,61703,65507,65508,10679,37169
1681847997.3038292,od_135b,65506,65510,6738,58136,65507,65509,5801,37698,65510,65512,62260,61616,65506,65504,10756,36639
1681848009.3720458,od_135b,65506,65508,6830,58106,65507,65510,5847,37186,65505,65510,43371,61643,65506,65508,10750,36276
1681848021.4374762,od_135b,65508,65509,6627,58073,65508,65508,5749,36862,65508,65511,46196,61491,65510,65506,10778,37074
1681848033.526546,od_135b,65508,65510,6684,58106,65511,65510,5759,37280,65508,65509,62747,61615,65508,65509,10841,37196
1681848045.595148,od_135b,65508,65510,6938,58086,65510,65510,5901,37348,65512,65511,63680,61675,65510,65509,10841,37187
1681848057.6633651,od_135b,65510,65512,6853,58173,65507,65510,5822,37386,65510,65511,47829,61936,65511,65510,10773,37068
1681848069.7337658,od_135b,65509,65508,6836,58191,65509,65508,5790,37351,65508,65510,61233,61441,65510,65509,10844,37010
1681848081.7964053,od_135b,65510,65511,6752,58174,65506,65509,5798,37396,65509,65507,47556,61196,65509,65510,10767,37014
1681848093.8648577,od_135b,65509,65512,6648,58181,65507,65510,5856,37359,65510,65508,48008,61654,65510,65508,10847,37030
1681848105.9346437,od_135b,65509,65510,6770,58216,65506,65509,5751,37743,65507,65510,60514,61116,65507,65506,10803,37058
1681848118.0234284,od_135b,65509,65511,6613,58261,65508,65510,5769,37619,65508,65510,53374,61274,65509,65510,10745,37024
1681848130.094441,od_135b,65509,65511,6787,58244,65508,65506,5895,38001,65511,65512,55771,61332,65508,65508,10783,36968
1681848142.1625679,od_135b,65510,65511,6511,58191,65509,65510,5902,37549,65511,65512,50099,61014,65511,65508,10880,34079
1681848154.2507563,od_135b,65505,65507,6721,58228,65508,65508,5877,38030,65507,65511,42198,61827,65507,65505,10837,34224
1681848166.31866,od_135b,65508,65508,6790,58228,65508,65510,5906,37579,65512,65511,62173,62222,65507,65508,10889,33652
1681848178.3871317,od_135b,65507,65509,6653,58169,65508,65508,5868,37630,65505,65507,46251,61587,65504,65501,10902,33102
1681848190.4523482,od_135b,65506,65508,6646,58180,65507,65510,5836,37605,65508,65508,56660,61555,65509,65507,10865,33469
1681848202.52374,od_135b,65507,65509,6614,58247,65508,65511,5860,37725,65509,65509,63715,61655,65509,65507,10881,34077
1681848214.629205,od_135b,65508,65509,6502,58236,65507,65511,5862,38023,65508,65508,53218,61573,65509,65508,10922,33262
1681848226.6975074,od_135b,65508,65509,6591,58234,65509,65507,5833,37829,65507,65507,53839,61525,65510,65507,10831,32800
1681848238.7665608,od_135b,65509,65509,6757,58246,65508,65509,5860,37677,65511,65510,48884,61397,65508,65506,10867,33145
1681848250.8374596,od_135b,65509,65507,6681,58215,65507,65508,5815,37838,65509,65509,46257,61542,65510,65508,10883,32225
1681848262.9059863,od_135b,65511,65510,6745,58190,65507,65507,5819,37658,65509,65511,53914,61585,65510,65509,10860,32578
1681848274.9724767,od_135b,65506,65511,6534,58206,65505,65508,5873,37611,65508,65508,51853,61633,65508,65508,10894,33427
1681848287.0427828,od_135b,65506,65510,6822,58215,65507,65508,5799,37333,65508,65510,57003,61503,65507,65507,10817,34732
1681848299.1146953,od_135b,65509,65508,6891,58247,65507,65506,5845,37368,65508,65506,52084,61546,65507,65508,10866,34805
1681848311.1829681,od_135b,65506,65507,6572,58289,65506,65507,5903,37607,65510,65507,59505,61132,65507,65508,10869,34056
1681848323.2558093,od_135b,65506,65509,6708,58284,65508,65509,5931,37404,65508,65506,63910,61358,65508,65509,10848,34203
1681848335.362048,od_135b,65505,65512,6557,58304,65508,65508,5800,37745,65508,65511,63890,61345,65507,65508,10868,34357
1681848347.420374,od_135b,65508,65509,7126,58258,65507,65508,5814,37829,65511,65510,62822,61548,65510,65506,10850,34512
1681848359.489382,od_135b,65507,65510,6895,58255,65507,65506,5886,37950,65510,65507,63519,62267,65504,65504,10842,34423
1681848371.5532744,od_135b,65510,65510,6825,58247,65507,65506,5817,37244,65508,65510,59471,61990,65506,65507,10831,34349
1681848383.622111,od_135b,65510,65510,6619,58270,65507,65506,5849,37026,65509,65510,50541,60931,65508,65509,10824,34339
1681848395.721476,od_135b,65505,65507,6989,58219,65506,65508,5934,37977,65506,65508,57102,61159,65508,65506,10775,34372
1681848407.784993,od_135b,65506,65506,6865,58197,65506,65507,5994,37928,65506,65506,60914,62228,65507,65505,10807,33759
1681848419.855717,od_135b,65505,65506,6643,58160,65507,65507,5811,37161,65509,65508,62023,62053,65506,65509,10773,34499
1681848431.9237652,od_135b,65507,65508,6639,58123,65505,65510,5865,36792,65506,65510,61997,61826,65507,65507,10807,34351
1681848443.993325,od_135b,65507,65506,6614,58104,65505,65508,5905,37287,65508,65504,60228,61605,65509,65509,10827,34185
1681848456.0605793,od_135b,65506,65508,6671,58107,65507,65506,5850,37420,65503,65505,63454,60242,65508,65507,10823,34699
1681848468.13238,od_135b,65506,65504,6601,58108,65505,65506,5860,37624,65508,65508,61988,61001,65505,65504,10867,34714
1681848480.1965818,od_135b,65507,65510,6687,58158,65504,65505,5806,37103,65508,65508,62364,60550,65508,65505,10802,34050
1681848492.267061,od_135b,65510,65510,6700,58153,65508,65511,5885,37899,65506,65509,54192,61851,65510,65506,10776,34095
1681848504.3322842,od_135b,65505,65510,6642,58130,65507,65508,5840,36696,65510,65508,50694,61767,65509,65507,10813,34551
1681848516.4452987,od_135b,65509,65510,6574,58151,65507,65508,5834,37234,65509,65510,52795,61775,65509,65509,10803,34463
1681848528.5136392,od_135b,65509,65507,6920,58184,65508,65507,5837,37497,65509,65512,57248,61440,65510,65508,10812,34472
1681848540.5816407,od_135b,65507,65507,6784,58183,65505,65507,5885,37224,65508,65509,42160,61352,65510,65508,10890,34724
1681848552.6482272,od_135b,65507,65510,6617,58116,65507,65509,5894,37444,65506,65507,61620,61601,65506,65502,10912,34729
1681848564.7171187,od_135b,65506,65509,6705,58126,65508,65508,5899,37488,65506,65507,45267,61997,65507,65506,10898,34631
1681848576.7857451,od_135b,65508,65509,6525,58098,65507,65505,5914,36920,65508,65508,51954,61526,65508,65505,10840,34199
1681848588.8542378,od_135b,65508,65508,6993,58118,65504,65505,5880,36724,65509,65508,62415,61643,65507,65507,10848,34754
1681848600.9225202,od_135b,65508,65509,6667,58081,65507,65509,5959,36697,65508,65508,63485,62016,65507,65506,10876,34393
1681848612.9894297,od_135b,65506,65508,6483,58098,65506,65508,5879,37382,65511,65509,53585,61613,65508,65505,10823,34837
1681848625.049847,od_135b,65508,65508,6662,58139,65507,65507,5916,37136,65505,65507,59273,61542,65507,65505,10830,34594
1681848637.1198394,od_135b,65507,65506,6675,58127,65506,65508,5885,37115,65508,65507,56999,61115,65508,65506,10770,34204
1681848649.188032,od_135b,65505,65509,6433,58119,65509,65508,5880,37484,65508,65509,44405,61016,65506,65505,10834,34663
1681848661.2597132,od_135b,65508,65506,6774,58100,65509,65507,5789,37831,65508,65508,63389,61349,65507,65506,10868,34630
1681848673.3216615,od_135b,65508,65511,6582,58158,65506,65506,5820,37290,65507,65508,58812,61419,65510,65509,10827,34831
1681848685.4278822,od_135b,65506,65509,6657,58102,65505,65508,5887,39552,65510,65511,43299,61770,65510,65508,10871,34834
1681848697.4978244,od_135b,65506,65508,6633,58087,65506,65509,5889,40054,65509,65509,53577,61672,65510,65507,10844,34830
1681848709.5659435,od_135b,65509,65510,6695,58162,65508,65508,5798,39669,65504,65509,61791,61476,65507,65504,10869,34761
1681848721.6365426,od_135b,65506,65510,6663,58188,65510,65507,5881,39076,65509,65509,53537,61596,65508,65508,10872,34304
1681848733.7051833,od_135b,65507,65509,6512,58176,65509,65509,5878,38768,65510,65507,47738,61722,65506,65509,10830,34502
1681848745.7756813,od_135b,65509,65511,6644,58238,65507,65508,5894,38761,65510,65509,61266,61833,65510,65508,10844,34438
1681848757.8471584,od_135b,65508,65511,6601,58198,65504,65507,5770,38675,65506,65509,46212,61585,65508,65506,10870,34252
1681848769.918269,od_135b,65508,65508,6577,58171,65506,65507,5850,38702,65506,65508,59910,61529,65508,65505,10795,34721
1681848781.9843216,od_135b,65509,65511,6732,58121,65505,65509,5841,38769,65510,65509,51099,61043,65507,65506,10862,34478
1681848794.0547457,od_135b,65507,65508,6543,58121,65506,65507,5971,38358,65509,65508,47226,58832,65509,65504,10839,34716
1681848806.1267369,od_135b,65504,65511,6598,58122,65506,65508,5858,38822,65505,65510,63285,58249,65508,65506,10891,34507
1681848818.1950755,od_135b,65508,65509,6868,58094,65509,65511,5833,38576,65507,65505,50146,61688,65506,65504,10829,34856
1681848830.2653294,od_135b,65503,65506,6684,58081,65507,65508,5915,38667,65507,65508,45641,61758,65507,65509,10899,34781
1681848842.3661633,od_135b,65505,65504,6482,58075,65502,65507,5891,38674,65508,65512,57786,61495,65508,65507,10861,34843
1681848854.4282515,od_135b,65506,65508,6453,58092,65504,65508,5892,38391,65508,65509,62864,59688,65509,65509,10902,34723
1681848866.497532,od_135b,65506,65506,6772,58090,65507,65507,5830,38325,65508,65509,46580,62070,65509,65507,10908,34650
1681848878.5657368,od_135b,65507,65509,6580,58076,65507,65506,5904,38518,65510,65510,50651,61746,65507,65507,10833,34778
1681848890.6341705,od_135b,65509,65510,6451,58119,65508,65508,5896,38100,65506,65507,57120,61839,65508,65508,10872,34256
1681848902.7023826,od_135b,65506,65511,6819,58110,65506,65508,5857,38343,65510,65509,56966,61784,65507,65509,10865,34970
1681848914.7726316,od_135b,65506,65508,6461,58071,65508,65509,5820,38360,65507,65508,62431,61567,65509,65509,10785,34854
1681848926.8404477,od_135b,65508,65507,6639,58115,65507,65507,5875,38238,65509,65508,53544,61978,65508,65509,10800,34738
1681848938.9084713,od_135b,65506,65509,6502,58171,65506,65505,5883,38634,65511,65509,62744,62078,65507,65507,10744,34816
1681848950.9764147,od_135b,65506,65506,6739,58126,65507,65508,5860,38558,65507,65504,48881,61819,65508,65506,10788,34837
1681848963.0466998,od_135b,65506,65509,6519,58099,65506,65507,5823,38468,65506,65506,61799,61700,65506,65506,10727,34878
1681848975.1176345,od_135b,65507,65508,6740,58140,65508,65511,5832,38436,65507,65509,50217,61159,65505,65505,10765,34860
1681848987.186026,od_135b,65508,65509,6616,58130,65506,65506,5829,38829,65508,65507,63435,61891,65507,65506,10820,34769
1681848999.2523005,od_135b,65506,65508,6534,58118,65506,65509,5903,38509,65506,65509,46129,61949,65505,65507,10790,34771
1681849011.3215034,od_135b,65506,65510,6340,58139,65506,65507,5905,38565,65507,65507,56335,61787,65509,65505,10735,34889
1681849023.3896666,od_135b,65508,65508,6673,58129,65508,65510,5926,38460,65508,65508,55053,61438,65507,65505,10784,34924
1681849035.4563684,od_135b,65508,65511,6447,58124,65505,65507,5852,37993,65508,65508,55362,61554,65508,65510,10800,34815
1681849047.523706,od_135b,65504,65509,6623,58160,65507,65509,5822,38596,65508,65506,52456,61003,65505,65504,10793,34850
1681849059.5940526,od_135b,65509,65513,6399,58192,65510,65511,5941,38639,65508,65509,50742,61205,65509,65510,10767,34742
1681849071.6624048,od_135b,65503,65507,6583,58227,65507,65508,5932,38478,65511,65509,61873,61717,65510,65510,10781,34486
1681849083.7305946,od_135b,65510,65512,6734,58253,65510,65511,5856,38859,65509,65509,54790,61911,65507,65507,10803,34478
1681849095.798959,od_135b,65508,65511,6407,58213,65508,65509,5961,38788,65510,65511,57205,62210,65508,65510,10788,34710
1681849107.8693802,od_135b,65509,65510,6721,58266,65510,65510,5885,38508,65512,65511,61366,62330,65509,65506,10819,34808
1681849119.9368742,od_135b,65512,65510,6552,58263,65508,65510,5833,38487,65510,65511,45958,62128,65509,65511,10831,35021
1681849132.0236692,od_135b,65511,65511,6884,58291,65510,65510,5861,38538,65513,65513,52438,62264,65510,65509,10762,34705
1681849144.09571,od_135b,65512,65512,6639,58273,65510,65511,5899,38474,65511,65510,51813,62492,65509,65510,10832,34885
1681849156.1639392,od_135b,65510,65511,6463,58323,65510,65510,5954,38509,65511,65511,49078,61530,65512,65511,10842,34935
1681849168.2373557,od_135b,65510,65508,6617,58274,65508,65509,5924,38086,65512,65512,41717,61550,65509,65510,10794,34824
1681849180.3069537,od_135b,65509,65510,6558,58254,65509,65510,5937,38539,65510,65511,49783,61865,65509,65509,10854,34842
1681849192.3774698,od_135b,65509,65512,6430,58237,65511,65510,5849,38410,65510,65511,44290,61745,65511,65510,10822,34792
1681849204.444522,od_135b,65510,65512,6413,58278,65511,65512,5817,38376,65511,65510,47172,61943,65509,65509,10815,34743
1681849216.5223324,od_135b,65512,65514,6485,58245,65511,65513,5816,38146,65512,65511,61821,61867,65512,65512,10746,34800
1681849228.5917225,od_135b,65512,65512,6523,58256,65512,65513,5849,38889,65511,65512,53334,61797,65512,65511,10732,34822
1681849240.656409,od_135b,65510,65511,6476,58265,65509,65510,5877,38520,65510,65513,62835,61453,65512,65512,10753,34211
1681849252.7249393,od_135b,65508,65512,6572,58256,65510,65510,5917,38628,65512,65512,63474,61612,65509,65509,10789,34658
1681849264.7998798,od_135b,65510,65512,6732,58251,65509,65510,5813,38455,65511,65512,55324,61582,65509,65509,10800,34570
1681849276.8601284,od_135b,65509,65512,6701,58212,65510,65512,5830,38622,65511,65511,55094,61803,65508,65509,10774,34352
1681849288.929779,od_135b,65511,65513,6708,58223,65510,65509,5844,39267,65511,65510,50682,61659,65508,65510,10806,34588
1681849301.0240414,od_135b,65509,65511,6552,58236,65508,65510,5862,38875,65511,65512,48555,62237,65510,65510,10783,34599
1681849313.0945106,od_135b,65510,65512,6741,58261,65510,65510,5889,38875,65510,65510,62720,61768,65508,65511,10796,34811
1681849325.1677003,od_135b,65510,65512,6668,58311,65512,65511,5852,39048,65512,65514,53330,62004,65512,65509,10844,34697
1681849337.232483,od_135b,65511,65514,6570,58328,65510,65508,5825,38596,65512,65511,62026,62101,65512,65510,10779,34790
1681849349.3010347,od_135b,65511,65511,6590,58356,65510,65511,5937,38730,65512,65511,47211,61980,65511,65510,10788,34863
1681849361.369416,od_135b,65511,65513,6620,58328,65511,65514,5902,38728,65513,65514,59241,62044,65511,65512,10758,34661
1681849373.4377415,od_135b,65512,65512,6658,58317,65510,65510,5935,38600,65513,65512,45369,61856,65511,65509,10857,34655
1681849385.523156,od_135b,65511,65513,6559,58337,65511,65512,5856,38865,65512,65511,42335,61922,65506,65509,10852,34913
1681849397.5911589,od_135b,65510,65512,6853,58340,65509,65511,6014,38453,65510,65513,44973,61768,65512,65510,10733,34864
1681849409.6606255,od_135b,65509,65511,6488,58288,65511,65509,5860,38453,65509,65511,62064,61766,65511,65511,10844,34567
1681849421.7266314,od_135b,65509,65513,7530,58320,65511,65510,5967,38473,65508,65511,43669,62084,65510,65510,10861,34818
1681849433.7946877,od_135b,65511,65513,7579,58363,65509,65512,5937,38117,65514,65513,58579,61795,65513,65513,10747,34774
1681849445.8673608,od_135b,65509,65510,7323,58387,65509,65510,5899,38513,65511,65513,61504,61910,65513,65510,10754,34787
1681849457.9381285,od_135b,65511,65514,7177,58366,65510,65512,5856,38802,65513,65512,44813,61633,65510,65508,10716,34759
1681849470.0222473,od_135b,65511,65513,7440,58371,65511,65511,5971,38452,65512,65511,45529,61939,65511,65511,10628,34791
1681849482.0904002,od_135b,65512,65512,7359,58360,65512,65512,5934,38437,65512,65511,61465,61448,65512,65512,10746,34634
1681849494.159723,od_135b,65511,65512,7011,58376,65509,65511,5833,38274,65511,65512,59679,61751,65509,65508,10784,34811
1681849506.2224762,od_135b,65511,65514,6645,58411,65509,65509,5879,38634,65510,65511,63769,61682,65510,65512,10816,34603
1681849518.2900069,od_135b,65509,65511,6647,58438,65509,65510,5941,38621,65511,65510,63349,61493,65510,65510,10860,34540
1681849530.3877506,od_135b,65511,65511,7164,58420,65510,65512,5955,38863,65509,65512,53362,61744,65511,65509,10879,34831
1681849542.4576812,od_135b,65509,65510,6863,58420,65510,65512,5939,39025,65511,65513,54067,60976,65512,65511,10868,34729
1681849554.5296824,od_135b,65512,65510,6453,58444,65512,65511,5908,38976,65511,65510,58400,61909,65508,65510,10905,34290
1681849566.5979393,od_135b,65510,65512,6718,58411,65511,65510,5939,38675,65513,65512,59132,62066,65510,65512,10926,34857
1681849578.6662047,od_135b,65510,65509,6780,58385,65510,65507,5801,38446,65510,65510,54585,62028,65509,65511,10887,34836
1681849590.7365046,od_135b,65505,65509,6536,58377,65511,65511,5909,38466,65511,65510,63549,61847,65508,65508,10878,34904
1681849602.804447,od_135b,65509,65512,6766,58391,65510,65511,5877,38405,65511,65512,57829,62061,65509,65511,10862,34361
1681849614.8800547,od_135b,65508,65511,6954,58407,65512,65513,5887,38487,65509,65512,48350,61809,65508,65509,10837,34139
1681849626.9497468,od_135b,65510,65510,6602,58388,65510,65512,5850,38524,65506,65507,59896,61762,65510,65511,10791,34713
1681849639.0244193,od_135b,65507,65510,6698,58372,65510,65509,5973,38692,65509,65511,51345,61513,65510,65510,10759,34742
1681849651.092419,od_135b,65510,65509,6715,58355,65508,65511,5849,38643,65509,65512,63033,62910,65510,65508,10838,34678
1681849663.160557,od_135b,65511,65509,6556,58402,65508,65511,5916,38537,65511,65509,49393,61822,65511,65510,10887,34487
1681849675.2304232,od_135b,65510,65510,6545,58362,65508,65511,5954,38762,65509,65511,48608,62184,65510,65511,10909,34745
1681849687.2966661,od_135b,65508,65510,6561,58386,65509,65513,5948,38880,65509,65513,63940,61862,65511,65510,10869,34740
1681849699.3682737,od_135b,65508,65509,6598,58378,65509,65510,5849,38760,65511,65512,59999,61935,65509,65510,10824,34657
1681849711.4368181,od_135b,65509,65512,6662,58403,65507,65508,5908,38740,65511,65511,59054,61946,65510,65510,10847,34988
1681849723.5224044,od_135b,65510,65511,6631,58402,65507,65509,5946,38899,65508,65509,62637,62445,65511,65509,10812,34794
1681849735.5959406,od_135b,65507,65509,6388,58435,65510,65508,5907,38877,65511,65511,63311,61610,65511,65512,10908,35005
1681849747.664014,od_135b,65509,65509,6475,58390,65510,65510,5887,38597,65510,65513,63026,61750,65511,65508,10882,34949
1681849759.733823,od_135b,65506,65511,6870,58377,65510,65511,5886,38706,65509,65510,56124,61340,65507,65508,10876,34747
1681849771.798471,od_135b,65510,65511,6478,58356,65510,65512,5863,38689,65510,65511,63448,61534,65508,65506,10898,34842
1681849783.870332,od_135b,65511,65510,6514,58358,65508,65510,5911,38849,65509,65507,60775,61747,65510,65508,10846,34872
1681849795.936946,od_135b,65508,65509,6501,58343,65507,65507,6033,38720,65507,65510,49657,62110,65511,65508,10747,34643
1681849808.0230503,od_135b,65506,65508,6481,58361,65507,65507,6060,39190,65511,65509,60536,61864,65509,65507,10897,34814
1681849820.0913205,od_135b,65508,65510,6477,58341,65507,65511,6031,39023,65511,65509,47658,61611,65510,65509,10883,34887
1681849832.1618462,od_135b,65511,65513,6573,58326,65510,65511,5905,38695,65510,65513,59439,61988,65510,65509,10933,34903
1681849844.2298565,od_135b,65510,65510,6491,58309,65508,65510,5925,38772,65510,65509,62539,61784,65510,65508,10906,34741
1681849856.2980125,od_135b,65509,65510,6432,58328,65507,65508,5858,38823,65511,65511,47318,62003,65510,65507,10893,34849
1681849868.367269,od_135b,65508,65509,6543,58335,65508,65508,5996,38578,65506,65506,44799,62191,65510,65509,10824,34690
1681849880.434703,od_135b,65507,65510,6454,58354,65508,65509,5867,38437,65511,65512,59900,61683,65507,65508,10827,34134
1681849892.5224674,od_135b,65507,65510,6574,58353,65506,65507,6014,38436,65508,65510,49454,61851,65509,65508,10895,34166
1681849904.5864933,od_135b,65510,65512,6622,58368,65507,65507,6090,38310,65510,65511,61443,61572,65511,65511,10869,34399
1681849916.6548471,od_135b,65509,65511,6560,58368,65509,65511,5978,38260,65511,65510,45543,61822,65510,65509,10824,34695
1681849928.7231357,od_135b,65509,65511,6481,58396,65508,65511,6082,38299,65511,65510,62508,61967,65510,65508,10861,34705
1681849940.7910728,od_135b,65507,65508,6678,58378,65504,65507,5939,38184,65506,65508,45455,62070,65509,65507,10611,34631
1681849952.864871,od_135b,65511,65511,6736,58356,65508,65510,5807,37799,65510,65509,58960,61912,65507,65507,10889,34744
1681849964.9342194,od_135b,65509,65512,6642,58376,65509,65508,6014,38240,65509,65509,49910,62097,65504,65506,10766,34681
1681849977.0216777,od_135b,65507,65508,6592,58384,65509,65509,5983,38278,65509,65511,43221,62000,65508,65508,10753,34834
1681849989.091671,od_135b,65509,65509,6459,58392,65507,65508,6038,37879,65506,65507,63942,62151,65507,65509,10841,34934
1681850001.1596916,od_135b,65510,65511,6550,58389,65508,65511,6071,38138,65510,65510,63296,61850,65509,65510,10817,34913
1681850013.2277925,od_135b,65508,65510,6399,58393,65506,65505,5960,38382,65510,65509,49073,61849,65509,65507,10899,34791
1681850025.295823,od_135b,65509,65510,6516,58392,65509,65512,6031,38150,65508,65508,57421,61781,65509,65506,10805,34592
1681850037.4175234,od_135b,65509,65510,6550,58410,65509,65510,5949,38398,65510,65511,61788,62012,65509,65511,10929,34872
1681850049.485349,od_135b,65509,65511,6447,58399,65510,65510,5961,38239,65509,65510,60961,61906,65510,65509,10917,34747
1681850061.5547943,od_135b,65510,65511,6617,58395,65508,65510,5989,38452,65510,65511,52668,62191,65509,65508,10897,34599
1681850073.6229079,od_135b,65510,65510,6427,58364,65509,65508,5984,37929,65509,65511,63283,61889,65509,65510,10911,34768
1681850085.691076,od_135b,65508,65512,6484,58340,65510,65509,5903,38087,65509,65511,54200,61689,65508,65508,10899,34740
1681850097.759132,od_135b,65508,65511,6512,58296,65508,65508,5935,38150,65510,65509,52460,61957,65511,65510,10904,33794
1681850109.829553,od_135b,65506,65509,6712,58311,65508,65509,6042,38391,65511,65512,61197,62090,65511,65509,10922,34608
1681850121.902278,od_135b,65509,65510,6546,58312,65509,65511,5929,38436,65511,65511,63318,62103,65511,65508,10898,34674
1681850133.9677136,od_135b,65507,65510,6601,58350,65511,65514,6026,38000,65512,65513,61386,61720,65511,65509,10924,34328
1681850146.0418296,od_135b,65507,65508,6664,58357,65511,65509,6092,38020,65511,65512,61403,61486,65509,65510,10933,34428
1681850158.1051798,od_135b,65509,65512,6563,58314,65511,65509,6038,38602,65512,65513,45134,61816,65510,65511,10791,34762
1681850170.168244,od_135b,65510,65512,6783,58337,65510,65511,6053,38640,65509,65510,63742,61797,65510,65511,10861,34512
