time;SS1;SS2;SS3;SS4;SS5;SS6;SS7;SS8;SS9;SS10;SS11;SS12;SS13;SS14;SS15;SS16
0.0;5430.0;3438.0;3451.0;3380.0;2756.0;3281.0;3006.0;3539.0;65520.0;65520.0;65520.0;65520.0;65520.0;65520.0;65520.0;65520.0
1.0346004962921143;9860.0;3729.0;4080.0;3300.0;2408.0;3176.0;2876.0;3864.0;65520.0;65520.0;65520.0;65520.0;65520.0;65520.0;65520.0;65520.0
2.064809560775757;3753.0;3691.0;3435.0;3396.0;2793.0;3510.0;2987.0;6627.0;65520.0;65520.0;65520.0;65520.0;65520.0;65520.0;65520.0;65520.0
3.0961406230926514;3390.0;3550.0;2387.0;3593.0;2332.0;3348.0;2875.0;3617.0;65520.0;65520.0;65520.0;65520.0;65520.0;65520.0;65520.0;65520.0
4.126099348068237;6112.0;3334.0;4401.0;3572.0;2670.0;3142.0;2804.0;4030.0;65520.0;65520.0;65520.0;65520.0;65520.0;65520.0;65520.0;65520.0
5.161114454269409;3774.0;3552.0;3040.0;3171.0;3267.0;3206.0;3022.0;3576.0;65520.0;65520.0;65520.0;65520.0;65520.0;65520.0;65520.0;65520.0
6.1917808055877686;6182.0;3030.0;2294.0;3484.0;2635.0;3475.0;3118.0;3633.0;65520.0;65520.0;65520.0;65520.0;65520.0;65520.0;65520.0;65520.0
7.222882032394409;6744.0;3252.0;3654.0;3078.0;2304.0;3400.0;2892.0;3720.0;65520.0;65520.0;65520.0;65520.0;65520.0;65520.0;65520.0;65520.0
8.252681732177734;4041.0;3713.0;3016.0;2825.0;2896.0;3355.0;3091.0;3616.0;65520.0;65520.0;65520.0;65520.0;65520.0;65520.0;65520.0;65520.0
9.282562255859375;3465.0;2440.0;3171.0;3166.0;2953.0;3100.0;2894.0;3816.0;65520.0;65520.0;65520.0;65520.0;65520.0;65520.0;65520.0;65520.0
10.317211627960205;3937.0;3889.0;3020.0;3056.0;3388.0;3388.0;2948.0;3555.0;65520.0;65520.0;65520.0;65520.0;65520.0;65520.0;65520.0;65520.0
11.347500562667847;3640.0;3561.0;3233.0;2633.0;3017.0;3121.0;2811.0;4238.0;65520.0;65520.0;65520.0;65520.0;65520.0;65520.0;65520.0;65520.0
12.377425193786621;4304.0;3544.0;3857.0;3233.0;3254.0;3462.0;2936.0;4326.0;65520.0;65520.0;65520.0;65520.0;65520.0;65520.0;65520.0;65520.0
13.407568216323853;5012.0;2729.0;5212.0;2576.0;2688.0;3345.0;2918.0;3326.0;65520.0;65520.0;65520.0;65520.0;65520.0;65520.0;65520.0;65520.0
14.438310146331787;3708.0;3076.0;3328.0;2854.0;3108.0;3467.0;3048.0;3803.0;65520.0;65520.0;65520.0;65520.0;65520.0;65520.0;65520.0;65520.0
15.470722675323486;4195.0;5393.0;2936.0;3033.0;3019.0;3348.0;3009.0;3641.0;65520.0;65520.0;65520.0;65520.0;65520.0;65520.0;65520.0;65520.0
16.500808238983154;3657.0;3446.0;3782.0;2808.0;2212.0;3499.0;3052.0;3313.0;65520.0;65520.0;65520.0;65520.0;65520.0;65520.0;65520.0;65520.0
17.53031349182129;4403.0;3467.0;3155.0;2958.0;3288.0;3494.0;3056.0;3449.0;65520.0;65520.0;65520.0;65520.0;65520.0;65520.0;65520.0;65520.0
18.561365127563477;4275.0;2916.0;2092.0;2702.0;2572.0;3302.0;2934.0;3673.0;65520.0;65520.0;65520.0;65520.0;65520.0;65520.0;65520.0;65520.0
19.59171772003174;6672.0;3972.0;2817.0;2980.0;3100.0;3112.0;2990.0;3467.0;65520.0;65520.0;65520.0;65520.0;65520.0;65520.0;65520.0;65520.0
20.62432336807251;3489.0;3203.0;3352.0;2918.0;2798.0;3494.0;2897.0;3312.0;65520.0;65520.0;65520.0;65520.0;65520.0;65520.0;65520.0;65520.0
21.654861450195312;3528.0;3704.0;2939.0;2745.0;2937.0;3448.0;2977.0;3475.0;65520.0;65520.0;65520.0;65520.0;65520.0;65520.0;65520.0;65520.0
22.699920654296875;3563.0;6494.0;3012.0;2875.0;3281.0;3264.0;3041.0;3563.0;65520.0;65520.0;65520.0;65520.0;65520.0;65520.0;65520.0;65520.0
23.730056762695312;3553.0;3468.0;2558.0;2936.0;2988.0;2792.0;2964.0;3438.0;65520.0;65520.0;65520.0;65520.0;65520.0;65520.0;65520.0;65520.0
24.760217428207397;3817.0;3622.0;4025.0;2880.0;2860.0;3529.0;2924.0;3473.0;65520.0;65520.0;65520.0;65520.0;65520.0;65520.0;65520.0;65520.0
25.79423999786377;3612.0;3291.0;3272.0;2822.0;3104.0;3267.0;3096.0;3988.0;65520.0;65520.0;65520.0;65520.0;65520.0;65520.0;65520.0;65520.0
26.82617735862732;3771.0;3305.0;2019.0;2812.0;2996.0;3420.0;2472.0;3587.0;65520.0;65520.0;65520.0;65520.0;65520.0;65520.0;65520.0;65520.0
27.85620617866516;3416.0;3646.0;2761.0;2675.0;2979.0;3299.0;2955.0;3524.0;65520.0;65520.0;65520.0;65520.0;65520.0;65520.0;65520.0;65520.0
28.886313676834106;3622.0;3355.0;3347.0;2766.0;3059.0;3280.0;2852.0;3588.0;65520.0;65520.0;65520.0;65520.0;65520.0;65520.0;65520.0;65520.0
29.91661238670349;3120.0;4211.0;2868.0;2673.0;2616.0;3470.0;3083.0;3731.0;65520.0;65520.0;65520.0;65520.0;65520.0;65520.0;65520.0;65520.0
30.95189619064331;3814.0;2600.0;3142.0;2611.0;2996.0;3331.0;2635.0;3702.0;65520.0;65520.0;65520.0;65520.0;65520.0;65520.0;65520.0;65520.0
31.981972217559814;3363.0;3337.0;3174.0;2836.0;2934.0;3694.0;2681.0;3564.0;65520.0;65520.0;65520.0;65520.0;65520.0;65520.0;65520.0;65520.0
33.01360368728638;3464.0;3694.0;2124.0;2766.0;3521.0;3465.0;3006.0;3684.0;65520.0;65520.0;65520.0;65520.0;65520.0;65520.0;65520.0;65520.0
34.043813943862915;3478.0;3236.0;2684.0;2686.0;2748.0;3084.0;2790.0;3577.0;65520.0;65520.0;65520.0;65520.0;65520.0;65520.0;65520.0;65520.0
35.073859214782715;3243.0;3161.0;2664.0;2910.0;3128.0;3755.0;3068.0;3675.0;65520.0;65520.0;65520.0;65520.0;65520.0;65520.0;65520.0;65520.0
36.10931658744812;2833.0;3620.0;2961.0;2553.0;3041.0;3403.0;3224.0;3662.0;65520.0;65520.0;65520.0;65520.0;65520.0;65520.0;65520.0;65520.0
37.139739751815796;3508.0;3425.0;2665.0;2883.0;2966.0;3200.0;3022.0;3747.0;65520.0;65520.0;65520.0;65520.0;65520.0;65520.0;65520.0;65520.0
38.16963768005371;3992.0;3985.0;2198.0;2979.0;3284.0;3262.0;3012.0;4123.0;65520.0;65520.0;65520.0;65520.0;65520.0;65520.0;65520.0;65520.0
39.20021176338196;4475.0;3203.0;3016.0;2900.0;2801.0;3241.0;3027.0;3470.0;65520.0;65520.0;65520.0;65520.0;65520.0;65520.0;65520.0;65520.0
40.23030996322632;3878.0;3980.0;2955.0;2790.0;2936.0;3142.0;2928.0;3563.0;65520.0;65520.0;65520.0;65520.0;65520.0;65520.0;65520.0;65520.0
41.26248383522034;4185.0;2833.0;2526.0;2747.0;3155.0;3372.0;3025.0;3504.0;65520.0;65520.0;65520.0;65520.0;65520.0;65520.0;65520.0;65520.0
42.321515798568726;3926.0;3033.0;2593.0;2761.0;3129.0;3176.0;2729.0;3739.0;65520.0;65520.0;65520.0;65520.0;65520.0;65520.0;65520.0;65520.0
43.352468729019165;3508.0;3720.0;2729.0;2489.0;2662.0;3268.0;3008.0;3488.0;65520.0;65520.0;65520.0;65520.0;65520.0;65520.0;65520.0;65520.0
44.38244986534119;3888.0;3276.0;3164.0;2832.0;2926.0;3236.0;2966.0;3763.0;65520.0;65520.0;65520.0;65520.0;65520.0;65520.0;65520.0;65520.0
45.41243124008179;3345.0;3904.0;2734.0;2710.0;2971.0;3235.0;3089.0;3408.0;65520.0;65520.0;65520.0;65520.0;65520.0;65520.0;65520.0;65520.0
46.44506764411926;3265.0;3147.0;2907.0;2798.0;2952.0;3204.0;2784.0;3364.0;65520.0;65520.0;65520.0;65520.0;65520.0;65520.0;65520.0;65520.0
47.475669622421265;3368.0;3057.0;3480.0;2872.0;3094.0;3243.0;3000.0;3520.0;65520.0;65520.0;65520.0;65520.0;65520.0;65520.0;65520.0;65520.0
48.50554943084717;2302.0;3249.0;3288.0;2900.0;2544.0;2526.0;2796.0;3251.0;65520.0;65520.0;65520.0;65520.0;65520.0;65520.0;65520.0;65520.0
49.53554582595825;4022.0;3260.0;2748.0;2624.0;3182.0;3105.0;3027.0;3438.0;65520.0;65520.0;65520.0;65520.0;65520.0;65520.0;65520.0;65520.0
50.56630897521973;3137.0;3366.0;2793.0;2771.0;2950.0;3222.0;3092.0;3579.0;65520.0;65520.0;65520.0;65520.0;65520.0;65520.0;65520.0;65520.0
51.600650787353516;3635.0;3350.0;3390.0;2724.0;3137.0;3854.0;2561.0;3235.0;65520.0;65520.0;65520.0;65520.0;65520.0;65520.0;65520.0;65520.0
52.630738973617554;3521.0;3083.0;3576.0;2859.0;2761.0;3747.0;2668.0;3992.0;65520.0;65520.0;65520.0;65520.0;65520.0;65520.0;65520.0;65520.0
53.66062879562378;4144.0;3785.0;3292.0;2889.0;2731.0;2942.0;2916.0;4212.0;65520.0;65520.0;65520.0;65520.0;65520.0;65520.0;65520.0;65520.0
54.691831827163696;3497.0;3508.0;2851.0;2976.0;2497.0;3233.0;2905.0;3864.0;65520.0;65520.0;65520.0;65520.0;65520.0;65520.0;65520.0;65520.0
55.72194957733154;3025.0;3540.0;2424.0;2836.0;2934.0;3104.0;2932.0;3712.0;65520.0;65520.0;65520.0;65520.0;65520.0;65520.0;65520.0;65520.0
56.75614547729492;3256.0;3584.0;3601.0;2795.0;2270.0;3091.0;2940.0;3436.0;65520.0;65520.0;65520.0;65520.0;65520.0;65520.0;65520.0;65520.0
57.78689527511597;4046.0;3932.0;3092.0;2888.0;2273.0;2990.0;3020.0;4110.0;65520.0;65520.0;65520.0;65520.0;65520.0;65520.0;65520.0;65520.0
58.82112717628479;3459.0;3547.0;2337.0;2728.0;2900.0;3195.0;2960.0;3651.0;65520.0;65520.0;65520.0;65520.0;65520.0;65520.0;65520.0;65520.0
59.85179901123047;3395.0;3393.0;2832.0;2996.0;2286.0;3108.0;2649.0;3692.0;65520.0;65520.0;65520.0;65520.0;65520.0;65520.0;65520.0;65520.0
60.88755178451538;3206.0;3697.0;3166.0;2928.0;1526.0;3078.0;2995.0;3776.0;65520.0;65520.0;65520.0;65520.0;65520.0;65520.0;65520.0;65520.0
61.92681312561035;3070.0;2497.0;3534.0;2806.0;2961.0;3169.0;2702.0;3451.0;65520.0;65520.0;65520.0;65520.0;65520.0;65520.0;65520.0;65520.0
62.95679426193237;3476.0;3563.0;1987.0;2849.0;2566.0;3598.0;2654.0;3598.0;65520.0;65520.0;65520.0;65520.0;65520.0;65520.0;65520.0;65520.0
63.98645281791687;3456.0;4048.0;3211.0;2884.0;2110.0;3488.0;2585.0;4185.0;65520.0;65520.0;65520.0;65520.0;65520.0;65520.0;65520.0;65520.0
65.09449172019958;3177.0;3134.0;2532.0;2753.0;2836.0;3454.0;3048.0;4724.0;65520.0;65520.0;65520.0;65520.0;65520.0;65520.0;65520.0;65520.0
66.13374018669128;4092.0;3452.0;4492.0;2750.0;2564.0;3396.0;2856.0;4144.0;65520.0;65520.0;65520.0;65520.0;65520.0;65520.0;65520.0;65520.0
67.17832922935486;3472.0;4246.0;3395.0;2779.0;2704.0;3056.0;2828.0;3724.0;65520.0;65520.0;65520.0;65520.0;65520.0;65520.0;65520.0;65520.0
68.35432147979736;2998.0;3464.0;1956.0;2801.0;3140.0;3377.0;2969.0;3993.0;65520.0;65520.0;65520.0;65520.0;65520.0;65520.0;65520.0;65520.0
69.38635873794556;3814.0;3680.0;3913.0;2860.0;2560.0;3144.0;3084.0;3784.0;65520.0;65520.0;65520.0;65520.0;65520.0;65520.0;65520.0;65520.0
70.41651582717896;3718.0;2643.0;2782.0;3110.0;2798.0;3371.0;2785.0;4123.0;65520.0;65520.0;65520.0;65520.0;65520.0;65520.0;65520.0;65520.0
71.56116986274719;3464.0;3065.0;3078.0;2934.0;2849.0;3560.0;3131.0;3988.0;65520.0;65520.0;65520.0;65520.0;65520.0;65520.0;65520.0;65520.0
72.60146880149841;3308.0;4252.0;2779.0;2832.0;2862.0;3036.0;2942.0;3438.0;65520.0;65520.0;65520.0;65520.0;65520.0;65520.0;65520.0;65520.0
73.64327645301819;3742.0;3539.0;2534.0;2971.0;2841.0;3043.0;3040.0;3660.0;65520.0;65520.0;65520.0;65520.0;65520.0;65520.0;65520.0;65520.0
74.67834448814392;3561.0;3278.0;2172.0;3040.0;2508.0;3321.0;2760.0;3694.0;65520.0;65520.0;65520.0;65520.0;65520.0;65520.0;65520.0;65520.0
75.70966076850891;3564.0;4262.0;3424.0;2876.0;1886.0;2779.0;2380.0;3454.0;65520.0;65520.0;65520.0;65520.0;65520.0;65520.0;65520.0;65520.0
76.74789762496948;3971.0;3465.0;2571.0;2656.0;2764.0;3273.0;2854.0;3619.0;65520.0;65520.0;65520.0;65520.0;65520.0;65520.0;65520.0;65520.0
77.78841948509216;3128.0;3364.0;3156.0;2900.0;3073.0;3160.0;2908.0;3864.0;65520.0;65520.0;65520.0;65520.0;65520.0;65520.0;65520.0;65520.0
78.82231712341309;3507.0;3892.0;2787.0;2713.0;2155.0;3179.0;2582.0;3683.0;65520.0;65520.0;65520.0;65520.0;65520.0;65520.0;65520.0;65520.0
79.85255002975464;3672.0;3088.0;2456.0;2675.0;2723.0;3520.0;2638.0;3454.0;65520.0;65520.0;65520.0;65520.0;65520.0;65520.0;65520.0;65520.0
80.88303518295288;3753.0;3742.0;3731.0;2707.0;3227.0;3473.0;2841.0;4008.0;65520.0;65520.0;65520.0;65520.0;65520.0;65520.0;65520.0;65520.0
81.93557095527649;3220.0;3708.0;2196.0;2681.0;3048.0;3096.0;2601.0;3470.0;65520.0;65520.0;65520.0;65520.0;65520.0;65520.0;65520.0;65520.0
82.96995997428894;3564.0;3475.0;2723.0;2752.0;2651.0;3377.0;2897.0;3366.0;65520.0;65520.0;65520.0;65520.0;65520.0;65520.0;65520.0;65520.0
83.9999270439148;4905.0;3728.0;2708.0;3019.0;3126.0;3323.0;2843.0;3356.0;65520.0;65520.0;65520.0;65520.0;65520.0;65520.0;65520.0;65520.0
85.0306670665741;2883.0;3771.0;2505.0;2771.0;2564.0;3144.0;2889.0;3288.0;65520.0;65520.0;65520.0;65520.0;65520.0;65520.0;65520.0;65520.0
86.06173181533813;2908.0;3147.0;4038.0;3048.0;3126.0;3062.0;2984.0;3692.0;65520.0;65520.0;65520.0;65520.0;65520.0;65520.0;65520.0;65520.0
87.09158849716187;3136.0;3870.0;2305.0;2934.0;2467.0;3337.0;2828.0;3414.0;65520.0;65520.0;65520.0;65520.0;65520.0;65520.0;65520.0;65520.0
88.12574100494385;3075.0;2851.0;3265.0;2788.0;3056.0;3475.0;2798.0;3465.0;65520.0;65520.0;65520.0;65520.0;65520.0;65520.0;65520.0;65520.0
89.15644598007202;2800.0;3102.0;2540.0;2656.0;2643.0;3374.0;2892.0;3523.0;65520.0;65520.0;65520.0;65520.0;65520.0;65520.0;65520.0;65520.0
90.18654727935791;3284.0;2651.0;3897.0;2795.0;2188.0;3272.0;3011.0;3649.0;65520.0;65520.0;65520.0;65520.0;65520.0;65520.0;65520.0;65520.0
91.21655082702637;3697.0;3276.0;2811.0;2803.0;2617.0;2649.0;2985.0;3624.0;65520.0;65520.0;65520.0;65520.0;65520.0;65520.0;65520.0;65520.0
92.24648547172546;3494.0;3646.0;2670.0;2985.0;2643.0;3020.0;2881.0;3520.0;65520.0;65520.0;65520.0;65520.0;65520.0;65520.0;65520.0;65520.0
93.28008604049683;3128.0;3643.0;2444.0;2848.0;1782.0;3140.0;2964.0;3899.0;65520.0;65520.0;65520.0;65520.0;65520.0;65520.0;65520.0;65520.0
94.31969332695007;2686.0;3790.0;2960.0;2656.0;3150.0;3528.0;3008.0;3076.0;65520.0;65520.0;65520.0;65520.0;65520.0;65520.0;65520.0;65520.0
95.34958839416504;3001.0;3611.0;2323.0;2680.0;2441.0;3230.0;2889.0;2822.0;65520.0;65520.0;65520.0;65520.0;65520.0;65520.0;65520.0;65520.0
96.38034152984619;3032.0;2953.0;2672.0;2920.0;2136.0;3840.0;3108.0;3632.0;65520.0;65520.0;65520.0;65520.0;65520.0;65520.0;65520.0;65520.0
97.41057252883911;3336.0;4036.0;3076.0;2673.0;2942.0;3136.0;2659.0;3371.0;65520.0;65520.0;65520.0;65520.0;65520.0;65520.0;65520.0;65520.0
98.445152759552;3158.0;3324.0;2534.0;2796.0;2406.0;3264.0;3016.0;3563.0;65520.0;65520.0;65520.0;65520.0;65520.0;65520.0;65520.0;65520.0
99.47521376609802;3102.0;3307.0;3542.0;2888.0;2801.0;3284.0;3088.0;3904.0;65520.0;65520.0;65520.0;65520.0;65520.0;65520.0;65520.0;65520.0
100.50625014305115;2780.0;4308.0;3041.0;2774.0;2185.0;3260.0;2683.0;3441.0;65520.0;65520.0;65520.0;65520.0;65520.0;65520.0;65520.0;65520.0
101.53629446029663;3592.0;2718.0;4072.0;2884.0;2084.0;2848.0;2908.0;3462.0;65520.0;65520.0;65520.0;65520.0;65520.0;65520.0;65520.0;65520.0
102.56616950035095;3492.0;3657.0;3364.0;2971.0;1774.0;3324.0;2942.0;3552.0;65520.0;65520.0;65520.0;65520.0;65520.0;65520.0;65520.0;65520.0
103.60424399375916;3569.0;4492.0;2576.0;2684.0;2910.0;3609.0;2956.0;3411.0;65520.0;65520.0;65520.0;65520.0;65520.0;65520.0;65520.0;65520.0
104.63529539108276;3600.0;3265.0;2993.0;3092.0;2961.0;3054.0;2212.0;3539.0;65520.0;65520.0;65520.0;65520.0;65520.0;65520.0;65520.0;65520.0
105.66534304618835;2134.0;3358.0;2155.0;2601.0;2537.0;3238.0;2809.0;3198.0;65520.0;65520.0;65520.0;65520.0;65520.0;65520.0;65520.0;65520.0
106.69545531272888;3627.0;3152.0;2803.0;2939.0;1846.0;3516.0;2988.0;4403.0;65520.0;65520.0;65520.0;65520.0;65520.0;65520.0;65520.0;65520.0
107.72631859779358;3744.0;4446.0;2808.0;2404.0;3225.0;3254.0;2542.0;3468.0;65520.0;65520.0;65520.0;65520.0;65520.0;65520.0;65520.0;65520.0
108.75833010673523;3072.0;2569.0;3603.0;2900.0;1833.0;3600.0;2835.0;3404.0;65520.0;65520.0;65520.0;65520.0;65520.0;65520.0;65520.0;65520.0
109.78845071792603;3473.0;3334.0;3283.0;2830.0;2284.0;3014.0;3137.0;3720.0;65520.0;65520.0;65520.0;65520.0;65520.0;65520.0;65520.0;65520.0
110.8185830116272;2651.0;3440.0;2139.0;2993.0;2860.0;3212.0;2846.0;3019.0;65520.0;65520.0;65520.0;65520.0;65520.0;65520.0;65520.0;65520.0
111.8496572971344;3428.0;3068.0;2880.0;2907.0;2251.0;3595.0;2652.0;3544.0;65520.0;65520.0;65520.0;65520.0;65520.0;65520.0;65520.0;65520.0
112.87989902496338;3692.0;3936.0;2753.0;2662.0;2444.0;3044.0;3051.0;3974.0;65520.0;65520.0;65520.0;65520.0;65520.0;65520.0;65520.0;65520.0
113.91404557228088;3020.0;3203.0;2787.0;2942.0;2016.0;3249.0;2913.0;3606.0;65520.0;65520.0;65520.0;65520.0;65520.0;65520.0;65520.0;65520.0
114.94412636756897;3128.0;3208.0;3315.0;2780.0;3160.0;3116.0;2779.0;3705.0;65520.0;65520.0;65520.0;65520.0;65520.0;65520.0;65520.0;65520.0
115.97441577911377;2822.0;3910.0;2291.0;3014.0;2524.0;3368.0;2478.0;3624.0;65520.0;65520.0;65520.0;65520.0;65520.0;65520.0;65520.0;65520.0
117.07271885871887;3707.0;3427.0;3595.0;2948.0;2772.0;3030.0;2819.0;3998.0;65520.0;65520.0;65520.0;65520.0;65520.0;65520.0;65520.0;65520.0
118.10287189483643;2924.0;3196.0;2193.0;3100.0;2577.0;3216.0;2872.0;3556.0;65520.0;65520.0;65520.0;65520.0;65520.0;65520.0;65520.0;65520.0
119.13704943656921;3566.0;3344.0;3016.0;2958.0;2953.0;3288.0;2878.0;4112.0;65520.0;65520.0;65520.0;65520.0;65520.0;65520.0;65520.0;65520.0
120.16776609420776;3588.0;3219.0;2894.0;2745.0;2889.0;3193.0;2764.0;3259.0;65520.0;65520.0;65520.0;65520.0;65520.0;65520.0;65520.0;65520.0
121.19872426986694;3038.0;3148.0;3110.0;2846.0;2227.0;3104.0;2916.0;3684.0;65520.0;65520.0;65520.0;65520.0;65520.0;65520.0;65520.0;65520.0
122.22882676124573;10441.0;3646.0;3108.0;2769.0;2758.0;3664.0;2716.0;3510.0;65520.0;65520.0;65520.0;65520.0;65520.0;65520.0;65520.0;65520.0
123.25898838043213;3550.0;3462.0;2411.0;2945.0;2819.0;3529.0;2907.0;3275.0;65520.0;65520.0;65520.0;65520.0;65520.0;65520.0;65520.0;65520.0
124.29270005226135;5072.0;3009.0;2438.0;2486.0;2142.0;3249.0;2587.0;3697.0;65520.0;65520.0;65520.0;65520.0;65520.0;65520.0;65520.0;65520.0
125.32230305671692;3329.0;3680.0;2644.0;3043.0;2457.0;3118.0;2883.0;3323.0;65520.0;65520.0;65520.0;65520.0;65520.0;65520.0;65520.0;65520.0
126.35259175300598;2955.0;3147.0;2800.0;2628.0;2712.0;3156.0;2998.0;3896.0;65520.0;65520.0;65520.0;65520.0;65520.0;65520.0;65520.0;65520.0
127.38271307945251;3001.0;4076.0;3456.0;2582.0;2140.0;3281.0;2808.0;3990.0;65520.0;65520.0;65520.0;65520.0;65520.0;65520.0;65520.0;65520.0
128.41382145881653;2696.0;3308.0;3084.0;2920.0;2099.0;3368.0;2892.0;3796.0;65520.0;65520.0;65520.0;65520.0;65520.0;65520.0;65520.0;65520.0
129.44880652427673;3475.0;3676.0;4017.0;2603.0;2393.0;3150.0;2646.0;3739.0;65520.0;65520.0;65520.0;65520.0;65520.0;65520.0;65520.0;65520.0
130.47864937782288;3116.0;3644.0;3454.0;2734.0;2656.0;2988.0;2862.0;3315.0;65520.0;65520.0;65520.0;65520.0;65520.0;65520.0;65520.0;65520.0
131.5086600780487;3443.0;3632.0;2337.0;2947.0;2489.0;2908.0;2857.0;3785.0;65520.0;65520.0;65520.0;65520.0;65520.0;65520.0;65520.0;65520.0
132.5399432182312;3860.0;3102.0;2668.0;2929.0;3088.0;3387.0;2982.0;3926.0;65520.0;65520.0;65520.0;65520.0;65520.0;65520.0;65520.0;65520.0
133.5699405670166;3708.0;3252.0;3052.0;2838.0;2382.0;2915.0;2808.0;3377.0;65520.0;65520.0;65520.0;65520.0;65520.0;65520.0;65520.0;65520.0
134.60495328903198;4070.0;4227.0;3025.0;2704.0;2825.0;3155.0;2878.0;3785.0;65520.0;65520.0;65520.0;65520.0;65520.0;65520.0;65520.0;65520.0
135.63603591918945;3827.0;3897.0;2126.0;2649.0;2625.0;3529.0;2940.0;3542.0;65520.0;65520.0;65520.0;65520.0;65520.0;65520.0;65520.0;65520.0
136.66635274887085;3995.0;3443.0;2265.0;3008.0;2576.0;3377.0;2438.0;3457.0;65520.0;65520.0;65520.0;65520.0;65520.0;65520.0;65520.0;65520.0
137.6963291168213;3644.0;3840.0;2846.0;2945.0;2750.0;3241.0;3046.0;3590.0;65520.0;65520.0;65520.0;65520.0;65520.0;65520.0;65520.0;65520.0
138.72672486305237;3670.0;3372.0;3140.0;2915.0;2412.0;3260.0;2937.0;3936.0;65520.0;65520.0;65520.0;65520.0;65520.0;65520.0;65520.0;65520.0
139.82677674293518;3336.0;3020.0;3798.0;2737.0;2622.0;3552.0;2982.0;3900.0;65520.0;65520.0;65520.0;65520.0;65520.0;65520.0;65520.0;65520.0
140.85782051086426;2729.0;3489.0;3060.0;2792.0;2652.0;3332.0;2988.0;3721.0;65520.0;65520.0;65520.0;65520.0;65520.0;65520.0;65520.0;65520.0
141.88801336288452;3771.0;3531.0;3470.0;2816.0;2870.0;3361.0;2950.0;3526.0;65520.0;65520.0;65520.0;65520.0;65520.0;65520.0;65520.0;65520.0
142.9179172515869;3619.0;3705.0;2705.0;3020.0;2692.0;3028.0;2892.0;3452.0;65520.0;65520.0;65520.0;65520.0;65520.0;65520.0;65520.0;65520.0
143.94815230369568;3595.0;3272.0;2755.0;2896.0;2936.0;3097.0;2720.0;4712.0;65520.0;65520.0;65520.0;65520.0;65520.0;65520.0;65520.0;65520.0
144.98354649543762;2342.0;3220.0;1990.0;2857.0;3361.0;3371.0;2873.0;4398.0;65520.0;65520.0;65520.0;65520.0;65520.0;65520.0;65520.0;65520.0
146.01414346694946;3262.0;3396.0;4155.0;2880.0;2032.0;3147.0;2926.0;3777.0;65520.0;65520.0;65520.0;65520.0;65520.0;65520.0;65520.0;65520.0
147.04435396194458;2940.0;3886.0;2155.0;2888.0;3230.0;3256.0;2923.0;3833.0;65520.0;65520.0;65520.0;65520.0;65520.0;65520.0;65520.0;65520.0
148.1018214225769;3027.0;2934.0;2934.0;3033.0;2864.0;2836.0;2688.0;3510.0;65520.0;65520.0;65520.0;65520.0;65520.0;65520.0;65520.0;65520.0
149.13186478614807;2376.0;3582.0;2070.0;3001.0;2491.0;3393.0;3092.0;4168.0;65520.0;65520.0;65520.0;65520.0;65520.0;65520.0;65520.0;65520.0
150.1661458015442;5702.0;3035.0;1950.0;2776.0;3227.0;3780.0;2515.0;3448.0;65520.0;65520.0;65520.0;65520.0;65520.0;65520.0;65520.0;65520.0
151.19712233543396;3393.0;3838.0;3216.0;2678.0;2643.0;3012.0;2782.0;3476.0;65520.0;65520.0;65520.0;65520.0;65520.0;65520.0;65520.0;65520.0
152.22728943824768;3088.0;3356.0;3289.0;2968.0;2811.0;3312.0;3016.0;3449.0;65520.0;65520.0;65520.0;65520.0;65520.0;65520.0;65520.0;65520.0
153.25714564323425;3846.0;3561.0;2633.0;2756.0;2227.0;3112.0;2920.0;4132.0;65520.0;65520.0;65520.0;65520.0;65520.0;65520.0;65520.0;65520.0
154.28713989257812;2736.0;3177.0;2308.0;2793.0;2801.0;3318.0;2536.0;3382.0;65520.0;65520.0;65520.0;65520.0;65520.0;65520.0;65520.0;65520.0
155.33331203460693;3358.0;3403.0;2633.0;2846.0;2532.0;3444.0;2856.0;3806.0;65520.0;65520.0;65520.0;65520.0;65520.0;65520.0;65520.0;65520.0
156.36389636993408;3292.0;3681.0;2049.0;2889.0;2438.0;3486.0;3057.0;3576.0;65520.0;65520.0;65520.0;65520.0;65520.0;65520.0;65520.0;65520.0
157.3939175605774;2217.0;2936.0;3142.0;3019.0;2369.0;3326.0;2897.0;3396.0;65520.0;65520.0;65520.0;65520.0;65520.0;65520.0;65520.0;65520.0
158.42485070228577;2422.0;3603.0;1998.0;2896.0;2913.0;3292.0;2491.0;4020.0;65520.0;65520.0;65520.0;65520.0;65520.0;65520.0;65520.0;65520.0
159.45492386817932;3555.0;3772.0;2872.0;3027.0;3080.0;3153.0;2747.0;3652.0;65520.0;65520.0;65520.0;65520.0;65520.0;65520.0;65520.0;65520.0
160.49578285217285;2985.0;3140.0;2275.0;2817.0;2342.0;3348.0;3000.0;3635.0;65520.0;65520.0;65520.0;65520.0;65520.0;65520.0;65520.0;65520.0
161.52671575546265;2612.0;4985.0;2131.0;2472.0;2491.0;3417.0;3048.0;3732.0;65520.0;65520.0;65520.0;65520.0;65520.0;65520.0;65520.0;65520.0
162.56937980651855;3219.0;3446.0;3740.0;3153.0;2982.0;2966.0;2864.0;3961.0;65520.0;65520.0;65520.0;65520.0;65520.0;65520.0;65520.0;65520.0
163.59955143928528;3915.0;2985.0;2676.0;2715.0;2470.0;3689.0;2908.0;3590.0;65520.0;65520.0;65520.0;65520.0;65520.0;65520.0;65520.0;65520.0
164.62949204444885;3433.0;4065.0;2777.0;2774.0;2664.0;2971.0;3019.0;3491.0;65520.0;65520.0;65520.0;65520.0;65520.0;65520.0;65520.0;65520.0
165.66543078422546;4960.0;3481.0;3278.0;2753.0;2560.0;3659.0;2804.0;4076.0;65520.0;65520.0;65520.0;65520.0;65520.0;65520.0;65520.0;65520.0
166.69554662704468;3955.0;3323.0;2608.0;2787.0;3224.0;3323.0;2878.0;3830.0;65520.0;65520.0;65520.0;65520.0;65520.0;65520.0;65520.0;65520.0
167.72537064552307;3646.0;3646.0;2675.0;2910.0;2348.0;3352.0;2796.0;3736.0;65520.0;65520.0;65520.0;65520.0;65520.0;65520.0;65520.0;65520.0
168.75636911392212;3587.0;3284.0;3593.0;2544.0;2721.0;3080.0;2848.0;3558.0;65520.0;65520.0;65520.0;65520.0;65520.0;65520.0;65520.0;65520.0
169.78712272644043;4214.0;4262.0;3164.0;2891.0;2862.0;3254.0;2926.0;3800.0;65520.0;65520.0;65520.0;65520.0;65520.0;65520.0;65520.0;65520.0
170.83435797691345;4019.0;3804.0;2225.0;2611.0;2348.0;3483.0;2990.0;3529.0;65520.0;65520.0;65520.0;65520.0;65520.0;65520.0;65520.0;65520.0
171.86481714248657;4286.0;3166.0;3987.0;2905.0;2780.0;3280.0;2564.0;4140.0;65520.0;65520.0;65520.0;65520.0;65520.0;65520.0;65520.0;65520.0
172.8959424495697;4476.0;3880.0;2456.0;2950.0;2392.0;3129.0;2883.0;3403.0;65520.0;65520.0;65520.0;65520.0;65520.0;65520.0;65520.0;65520.0
173.92585635185242;2971.0;2896.0;2664.0;2848.0;2939.0;3350.0;2734.0;3598.0;65520.0;65520.0;65520.0;65520.0;65520.0;65520.0;65520.0;65520.0
174.95582270622253;3179.0;3604.0;3651.0;2739.0;2688.0;3336.0;3024.0;4180.0;65520.0;65520.0;65520.0;65520.0;65520.0;65520.0;65520.0;65520.0
175.99030876159668;4292.0;3633.0;2897.0;2814.0;2288.0;3380.0;2636.0;3356.0;65520.0;65520.0;65520.0;65520.0;65520.0;65520.0;65520.0;65520.0
177.02101707458496;3718.0;3532.0;3064.0;2865.0;2632.0;3212.0;2865.0;3542.0;65520.0;65520.0;65520.0;65520.0;65520.0;65520.0;65520.0;65520.0
178.05033111572266;3564.0;3166.0;2520.0;2966.0;2286.0;3225.0;2987.0;3600.0;65520.0;65520.0;65520.0;65520.0;65520.0;65520.0;65520.0;65520.0
179.0804738998413;4486.0;2795.0;3190.0;2955.0;2624.0;3345.0;2844.0;3089.0;65520.0;65520.0;65520.0;65520.0;65520.0;65520.0;65520.0;65520.0
180.1120228767395;3153.0;3820.0;3240.0;2812.0;2657.0;3347.0;2638.0;3371.0;65520.0;65520.0;65520.0;65520.0;65520.0;65520.0;65520.0;65520.0
181.14500379562378;3432.0;3292.0;3235.0;2800.0;2745.0;3212.0;3036.0;3752.0;65520.0;65520.0;65520.0;65520.0;65520.0;65520.0;65520.0;65520.0
182.17569780349731;3488.0;3980.0;3588.0;2841.0;2897.0;3048.0;2755.0;3702.0;65520.0;65520.0;65520.0;65520.0;65520.0;65520.0;65520.0;65520.0
183.20629692077637;2563.0;3072.0;2544.0;2780.0;2062.0;3294.0;2576.0;3107.0;65520.0;65520.0;65520.0;65520.0;65520.0;65520.0;65520.0;65520.0
184.23766326904297;3795.0;3494.0;3369.0;2515.0;3171.0;3144.0;2780.0;4228.0;65520.0;65520.0;65520.0;65520.0;65520.0;65520.0;65520.0;65520.0
185.3221356868744;3388.0;3828.0;3689.0;2620.0;2843.0;2958.0;2864.0;3449.0;65520.0;65520.0;65520.0;65520.0;65520.0;65520.0;65520.0;65520.0
186.35482239723206;8073.0;2718.0;3792.0;2945.0;2108.0;3300.0;3116.0;3832.0;65520.0;65520.0;65520.0;65520.0;65520.0;65520.0;65520.0;65520.0
187.38480138778687;3665.0;3169.0;2988.0;2897.0;2049.0;3672.0;2257.0;3680.0;65520.0;65520.0;65520.0;65520.0;65520.0;65520.0;65520.0;65520.0
188.41500616073608;5347.0;4483.0;1892.0;2809.0;3324.0;2908.0;2894.0;3540.0;65520.0;65520.0;65520.0;65520.0;65520.0;65520.0;65520.0;65520.0
189.44628858566284;4248.0;3128.0;2427.0;2556.0;1840.0;3254.0;2979.0;3305.0;65520.0;65520.0;65520.0;65520.0;65520.0;65520.0;65520.0;65520.0
190.47652983665466;5596.0;3473.0;2056.0;2923.0;2344.0;3292.0;3020.0;3758.0;65520.0;65520.0;65520.0;65520.0;65520.0;65520.0;65520.0;65520.0
191.51211500167847;3214.0;3448.0;2646.0;3078.0;2520.0;3046.0;2848.0;3113.0;65520.0;65520.0;65520.0;65520.0;65520.0;65520.0;65520.0;65520.0
192.54376745224;3457.0;2849.0;3976.0;3041.0;3043.0;3249.0;2740.0;3240.0;65520.0;65520.0;65520.0;65520.0;65520.0;65520.0;65520.0;65520.0
193.57574605941772;4091.0;4488.0;3083.0;2710.0;2529.0;3326.0;2972.0;3814.0;65520.0;65520.0;65520.0;65520.0;65520.0;65520.0;65520.0;65520.0
194.60581874847412;4596.0;3281.0;2843.0;2974.0;2806.0;3123.0;2889.0;3635.0;65520.0;65520.0;65520.0;65520.0;65520.0;65520.0;65520.0;65520.0
195.6360387802124;3598.0;3252.0;2400.0;2595.0;3238.0;2908.0;2777.0;3672.0;65520.0;65520.0;65520.0;65520.0;65520.0;65520.0;65520.0;65520.0
196.67225122451782;3468.0;3766.0;2990.0;2830.0;1838.0;3206.0;3067.0;3587.0;65520.0;65520.0;65520.0;65520.0;65520.0;65520.0;65520.0;65520.0
197.70214557647705;3793.0;3588.0;3468.0;2979.0;2619.0;3470.0;2811.0;3369.0;65520.0;65520.0;65520.0;65520.0;65520.0;65520.0;65520.0;65520.0
198.73215985298157;3083.0;3001.0;3265.0;2851.0;3006.0;3171.0;2622.0;3302.0;65520.0;65520.0;65520.0;65520.0;65520.0;65520.0;65520.0;65520.0
199.7621169090271;3323.0;4497.0;2609.0;2867.0;2323.0;3219.0;2688.0;3246.0;65520.0;65520.0;65520.0;65520.0;65520.0;65520.0;65520.0;65520.0
200.7933223247528;2864.0;3118.0;2785.0;2721.0;2876.0;3062.0;2918.0;3772.0;65520.0;65520.0;65520.0;65520.0;65520.0;65520.0;65520.0;65520.0
201.82571864128113;5886.0;3104.0;2363.0;2878.0;2833.0;3054.0;3011.0;3460.0;65520.0;65520.0;65520.0;65520.0;65520.0;65520.0;65520.0;65520.0
202.8557369709015;3808.0;3688.0;3134.0;2961.0;2780.0;3363.0;2932.0;3571.0;65520.0;65520.0;65520.0;65520.0;65520.0;65520.0;65520.0;65520.0
203.88619661331177;3942.0;3444.0;3331.0;3070.0;3153.0;3366.0;2560.0;3833.0;65520.0;65520.0;65520.0;65520.0;65520.0;65520.0;65520.0;65520.0
204.91732907295227;6552.0;3099.0;3400.0;2907.0;2073.0;3152.0;2619.0;3464.0;65520.0;65520.0;65520.0;65520.0;65520.0;65520.0;65520.0;65520.0
205.94720935821533;4524.0;3769.0;2457.0;3040.0;2433.0;3460.0;2844.0;3190.0;65520.0;65520.0;65520.0;65520.0;65520.0;65520.0;65520.0;65520.0
206.9824628829956;10958.0;3644.0;3571.0;2641.0;3214.0;3233.0;3011.0;3968.0;65520.0;65520.0;65520.0;65520.0;65520.0;65520.0;65520.0;65520.0
208.07705402374268;3372.0;3172.0;3435.0;2630.0;2448.0;3422.0;2556.0;3435.0;65520.0;65520.0;65520.0;65520.0;65520.0;65520.0;65520.0;65520.0
209.10766696929932;3275.0;3566.0;2480.0;2910.0;3216.0;3267.0;2926.0;3704.0;65520.0;65520.0;65520.0;65520.0;65520.0;65520.0;65520.0;65520.0
210.13845801353455;3430.0;3524.0;3110.0;3014.0;2744.0;3067.0;2921.0;3651.0;65520.0;65520.0;65520.0;65520.0;65520.0;65520.0;65520.0;65520.0
211.16833806037903;3360.0;3580.0;2280.0;2926.0;2632.0;2998.0;3009.0;3420.0;65520.0;65520.0;65520.0;65520.0;65520.0;65520.0;65520.0;65520.0
212.20078253746033;3107.0;3329.0;2856.0;2892.0;3460.0;3196.0;2952.0;3766.0;65520.0;65520.0;65520.0;65520.0;65520.0;65520.0;65520.0;65520.0
213.23179697990417;3739.0;3392.0;3212.0;2971.0;2724.0;3248.0;3008.0;3116.0;65520.0;65520.0;65520.0;65520.0;65520.0;65520.0;65520.0;65520.0
214.26179122924805;3017.0;3656.0;3819.0;2515.0;2595.0;3489.0;2843.0;3481.0;65520.0;65520.0;65520.0;65520.0;65520.0;65520.0;65520.0;65520.0
215.29178261756897;3172.0;3219.0;2289.0;2419.0;2886.0;3657.0;2896.0;3611.0;65520.0;65520.0;65520.0;65520.0;65520.0;65520.0;65520.0;65520.0
216.3217568397522;2923.0;4960.0;2870.0;2873.0;2931.0;3307.0;2948.0;3564.0;65520.0;65520.0;65520.0;65520.0;65520.0;65520.0;65520.0;65520.0
217.3570671081543;3339.0;3612.0;3284.0;2883.0;2745.0;3324.0;2776.0;3072.0;65520.0;65520.0;65520.0;65520.0;65520.0;65520.0;65520.0;65520.0
218.3870701789856;3102.0;3116.0;3128.0;2926.0;2411.0;2976.0;2832.0;3705.0;65520.0;65520.0;65520.0;65520.0;65520.0;65520.0;65520.0;65520.0
219.4171290397644;3302.0;11824.0;2729.0;2835.0;2523.0;3204.0;2851.0;3560.0;65520.0;65520.0;65520.0;65520.0;65520.0;65520.0;65520.0;65520.0
220.4482765197754;2966.0;3008.0;2760.0;2998.0;3268.0;3308.0;2795.0;3814.0;65520.0;65520.0;65520.0;65520.0;65520.0;65520.0;65520.0;65520.0
221.47992968559265;3158.0;3260.0;2809.0;2995.0;2315.0;2908.0;2958.0;3545.0;65520.0;65520.0;65520.0;65520.0;65520.0;65520.0;65520.0;65520.0
222.51246809959412;2731.0;5800.0;5881.0;3051.0;3241.0;3502.0;3006.0;3620.0;65520.0;65520.0;65520.0;65520.0;65520.0;65520.0;65520.0;65520.0
223.54253149032593;2531.0;3440.0;2430.0;2715.0;2625.0;3123.0;2961.0;4172.0;65520.0;65520.0;65520.0;65520.0;65520.0;65520.0;65520.0;65520.0
224.57349944114685;3403.0;2528.0;4004.0;2955.0;2808.0;3464.0;2700.0;3488.0;65520.0;65520.0;65520.0;65520.0;65520.0;65520.0;65520.0;65520.0
225.6037085056305;3129.0;3451.0;3993.0;2756.0;3035.0;3158.0;2812.0;3716.0;65520.0;65520.0;65520.0;65520.0;65520.0;65520.0;65520.0;65520.0
226.63721990585327;3385.0;2993.0;2372.0;2827.0;2931.0;3041.0;3020.0;3598.0;65520.0;65520.0;65520.0;65520.0;65520.0;65520.0;65520.0;65520.0
227.67030215263367;3763.0;2736.0;3067.0;3054.0;3017.0;3118.0;2902.0;3056.0;65520.0;65520.0;65520.0;65520.0;65520.0;65520.0;65520.0;65520.0
228.7014183998108;3852.0;3268.0;3278.0;2932.0;2688.0;3230.0;2782.0;3696.0;65520.0;65520.0;65520.0;65520.0;65520.0;65520.0;65520.0;65520.0
229.73151540756226;4307.0;3654.0;2265.0;2996.0;2827.0;3128.0;2924.0;3419.0;65520.0;65520.0;65520.0;65520.0;65520.0;65520.0;65520.0;65520.0
230.82447361946106;2377.0;2798.0;3297.0;2993.0;2902.0;2625.0;3099.0;3656.0;65520.0;65520.0;65520.0;65520.0;65520.0;65520.0;65520.0;65520.0
231.85454845428467;3473.0;5024.0;2451.0;3027.0;1798.0;3608.0;2600.0;3747.0;65520.0;65520.0;65520.0;65520.0;65520.0;65520.0;65520.0;65520.0
232.8894112110138;2188.0;3419.0;3200.0;2873.0;2043.0;2729.0;2912.0;3273.0;65520.0;65520.0;65520.0;65520.0;65520.0;65520.0;65520.0;65520.0
233.92044830322266;4680.0;4288.0;2286.0;2961.0;2497.0;3302.0;2704.0;3579.0;65520.0;65520.0;65520.0;65520.0;65520.0;65520.0;65520.0;65520.0
234.95064330101013;3483.0;3200.0;2656.0;2982.0;2184.0;3152.0;3097.0;4769.0;65520.0;65520.0;65520.0;65520.0;65520.0;65520.0;65520.0;65520.0
235.98061990737915;4148.0;3128.0;2083.0;2758.0;2396.0;2894.0;2336.0;3366.0;65520.0;65520.0;65520.0;65520.0;65520.0;65520.0;65520.0;65520.0
237.01092553138733;2968.0;3428.0;3811.0;3024.0;2588.0;3488.0;2825.0;3438.0;65520.0;65520.0;65520.0;65520.0;65520.0;65520.0;65520.0;65520.0
238.04462361335754;3006.0;3268.0;2308.0;2905.0;2614.0;3068.0;2992.0;3609.0;65520.0;65520.0;65520.0;65520.0;65520.0;65520.0;65520.0;65520.0
239.07461047172546;3065.0;3865.0;3416.0;2931.0;3244.0;3164.0;2848.0;3502.0;65520.0;65520.0;65520.0;65520.0;65520.0;65520.0;65520.0;65520.0
240.1045150756836;3056.0;3369.0;3249.0;2950.0;2704.0;3492.0;2945.0;3368.0;65520.0;65520.0;65520.0;65520.0;65520.0;65520.0;65520.0;65520.0
241.13557291030884;2833.0;3238.0;1740.0;2689.0;2336.0;3628.0;2937.0;4113.0;65520.0;65520.0;65520.0;65520.0;65520.0;65520.0;65520.0;65520.0
242.16574907302856;3153.0;3107.0;3337.0;2852.0;2707.0;3340.0;2656.0;3624.0;65520.0;65520.0;65520.0;65520.0;65520.0;65520.0;65520.0;65520.0
243.200688123703;2780.0;3403.0;2790.0;2804.0;2542.0;3435.0;2699.0;3921.0;65520.0;65520.0;65520.0;65520.0;65520.0;65520.0;65520.0;65520.0
244.23082995414734;3164.0;3145.0;2513.0;2812.0;2361.0;3129.0;2830.0;4139.0;65520.0;65520.0;65520.0;65520.0;65520.0;65520.0;65520.0;65520.0
245.26186871528625;3158.0;4105.0;2712.0;3033.0;2464.0;3372.0;2811.0;3502.0;65520.0;65520.0;65520.0;65520.0;65520.0;65520.0;65520.0;65520.0
246.29201483726501;2708.0;3067.0;2043.0;2596.0;3292.0;3166.0;3192.0;3854.0;65520.0;65520.0;65520.0;65520.0;65520.0;65520.0;65520.0;65520.0
247.32201051712036;3772.0;4323.0;3017.0;2939.0;1662.0;3428.0;2822.0;4705.0;65520.0;65520.0;65520.0;65520.0;65520.0;65520.0;65520.0;65520.0
248.35439252853394;2763.0;4396.0;3419.0;3132.0;2508.0;3572.0;2956.0;3513.0;65520.0;65520.0;65520.0;65520.0;65520.0;65520.0;65520.0;65520.0
249.38530921936035;3344.0;4728.0;2244.0;2523.0;2936.0;3049.0;2720.0;3417.0;65520.0;65520.0;65520.0;65520.0;65520.0;65520.0;65520.0;65520.0
250.4152753353119;2977.0;3240.0;2710.0;2992.0;1712.0;3292.0;3000.0;3704.0;65520.0;65520.0;65520.0;65520.0;65520.0;65520.0;65520.0;65520.0
251.4451630115509;3379.0;3249.0;2963.0;2931.0;2232.0;3433.0;2796.0;3860.0;65520.0;65520.0;65520.0;65520.0;65520.0;65520.0;65520.0;65520.0
252.47616362571716;3712.0;3246.0;2289.0;2790.0;2454.0;3292.0;2772.0;3888.0;65520.0;65520.0;65520.0;65520.0;65520.0;65520.0;65520.0;65520.0
253.57604241371155;3118.0;3524.0;3464.0;2976.0;3158.0;3185.0;2774.0;3752.0;65520.0;65520.0;65520.0;65520.0;65520.0;65520.0;65520.0;65520.0
254.60711526870728;4480.0;3457.0;1873.0;2835.0;2385.0;3342.0;2742.0;3612.0;65520.0;65520.0;65520.0;65520.0;65520.0;65520.0;65520.0;65520.0
255.6371204853058;4510.0;3880.0;4280.0;2732.0;2692.0;3230.0;2929.0;3505.0;65520.0;65520.0;65520.0;65520.0;65520.0;65520.0;65520.0;65520.0
256.6703853607178;4081.0;5001.0;2924.0;2846.0;2769.0;3264.0;2841.0;3318.0;65520.0;65520.0;65520.0;65520.0;65520.0;65520.0;65520.0;65520.0
257.7014605998993;4310.0;4272.0;3654.0;2816.0;2673.0;3000.0;2804.0;3174.0;65520.0;65520.0;65520.0;65520.0;65520.0;65520.0;65520.0;65520.0
258.73660492897034;3376.0;3104.0;3502.0;2942.0;2753.0;3168.0;3024.0;3713.0;65520.0;65520.0;65520.0;65520.0;65520.0;65520.0;65520.0;65520.0
259.7666726112366;3574.0;3201.0;3297.0;2990.0;2905.0;3452.0;2907.0;3916.0;65520.0;65520.0;65520.0;65520.0;65520.0;65520.0;65520.0;65520.0
260.7966651916504;4041.0;4083.0;2115.0;2912.0;2382.0;3260.0;2905.0;3699.0;65520.0;65520.0;65520.0;65520.0;65520.0;65520.0;65520.0;65520.0
261.8279004096985;3012.0;3340.0;2217.0;2700.0;3104.0;3299.0;2948.0;2929.0;65520.0;65520.0;65520.0;65520.0;65520.0;65520.0;65520.0;65520.0
262.8578779697418;3396.0;3483.0;2360.0;3017.0;2372.0;3443.0;2923.0;3038.0;65520.0;65520.0;65520.0;65520.0;65520.0;65520.0;65520.0;65520.0
263.89229583740234;3294.0;3617.0;4014.0;3056.0;3312.0;2830.0;2865.0;3662.0;65520.0;65520.0;65520.0;65520.0;65520.0;65520.0;65520.0;65520.0
264.9223256111145;3784.0;3153.0;2526.0;2876.0;1785.0;3094.0;2836.0;3532.0;65520.0;65520.0;65520.0;65520.0;65520.0;65520.0;65520.0;65520.0
265.9525842666626;3315.0;3601.0;2857.0;2913.0;2726.0;3467.0;2563.0;3750.0;65520.0;65520.0;65520.0;65520.0;65520.0;65520.0;65520.0;65520.0
266.98258662223816;3582.0;3472.0;3262.0;3057.0;3283.0;3305.0;2460.0;3385.0;65520.0;65520.0;65520.0;65520.0;65520.0;65520.0;65520.0;65520.0
268.02383732795715;4526.0;3504.0;2188.0;3040.0;2787.0;3278.0;2811.0;3600.0;65520.0;65520.0;65520.0;65520.0;65520.0;65520.0;65520.0;65520.0
269.06008744239807;4004.0;3084.0;2320.0;2836.0;2979.0;3491.0;2817.0;3932.0;65520.0;65520.0;65520.0;65520.0;65520.0;65520.0;65520.0;65520.0
270.09015250205994;4683.0;3584.0;3372.0;2739.0;2088.0;2832.0;2817.0;3648.0;65520.0;65520.0;65520.0;65520.0;65520.0;65520.0;65520.0;65520.0
271.1201858520508;3091.0;4457.0;2208.0;2764.0;2867.0;2902.0;2883.0;3115.0;65520.0;65520.0;65520.0;65520.0;65520.0;65520.0;65520.0;65520.0
272.1503517627716;3617.0;2556.0;2822.0;3108.0;2457.0;3459.0;2974.0;3862.0;65520.0;65520.0;65520.0;65520.0;65520.0;65520.0;65520.0;65520.0
273.1806790828705;4169.0;3110.0;2288.0;2929.0;3094.0;3817.0;2614.0;3569.0;65520.0;65520.0;65520.0;65520.0;65520.0;65520.0;65520.0;65520.0
274.21471118927;3819.0;3140.0;3060.0;2923.0;2912.0;3355.0;2724.0;4136.0;65520.0;65520.0;65520.0;65520.0;65520.0;65520.0;65520.0;65520.0
275.2453873157501;3894.0;3390.0;2435.0;2835.0;2734.0;3131.0;2912.0;4028.0;65520.0;65520.0;65520.0;65520.0;65520.0;65520.0;65520.0;65520.0
276.3242497444153;4571.0;3451.0;2291.0;2651.0;2280.0;3416.0;2940.0;3376.0;65520.0;65520.0;65520.0;65520.0;65520.0;65520.0;65520.0;65520.0
277.35429668426514;3444.0;3339.0;2800.0;2841.0;1976.0;3305.0;2851.0;3259.0;65520.0;65520.0;65520.0;65520.0;65520.0;65520.0;65520.0;65520.0
278.3852858543396;4137.0;4364.0;2648.0;2987.0;1969.0;3664.0;3156.0;3704.0;65520.0;65520.0;65520.0;65520.0;65520.0;65520.0;65520.0;65520.0
279.42042231559753;3985.0;3587.0;3230.0;2948.0;3180.0;3193.0;2552.0;3409.0;65520.0;65520.0;65520.0;65520.0;65520.0;65520.0;65520.0;65520.0
280.4505043029785;4116.0;3064.0;3420.0;3020.0;2691.0;3288.0;2846.0;3614.0;65520.0;65520.0;65520.0;65520.0;65520.0;65520.0;65520.0;65520.0
281.48123693466187;3744.0;2966.0;2579.0;2832.0;2729.0;3240.0;2835.0;3684.0;65520.0;65520.0;65520.0;65520.0;65520.0;65520.0;65520.0;65520.0
282.5114493370056;3075.0;3960.0;3478.0;3033.0;2273.0;3484.0;2865.0;3308.0;65520.0;65520.0;65520.0;65520.0;65520.0;65520.0;65520.0;65520.0
283.5420367717743;3220.0;4265.0;3084.0;2454.0;2411.0;2739.0;3014.0;3630.0;65520.0;65520.0;65520.0;65520.0;65520.0;65520.0;65520.0;65520.0
284.57680463790894;3286.0;3075.0;2488.0;3048.0;1553.0;3241.0;2768.0;3644.0;65520.0;65520.0;65520.0;65520.0;65520.0;65520.0;65520.0;65520.0
285.60845613479614;3224.0;2838.0;2992.0;2988.0;2928.0;3587.0;2873.0;3240.0;65520.0;65520.0;65520.0;65520.0;65520.0;65520.0;65520.0;65520.0
286.6390504837036;2616.0;2905.0;2267.0;2996.0;2787.0;2988.0;2819.0;3632.0;65520.0;65520.0;65520.0;65520.0;65520.0;65520.0;65520.0;65520.0
287.66918563842773;3996.0;3947.0;2492.0;2916.0;2772.0;3315.0;2982.0;3417.0;65520.0;65520.0;65520.0;65520.0;65520.0;65520.0;65520.0;65520.0
288.69913268089294;2820.0;2640.0;2035.0;3099.0;3124.0;2385.0;3022.0;3419.0;65520.0;65520.0;65520.0;65520.0;65520.0;65520.0;65520.0;65520.0
289.7359867095947;2443.0;3216.0;2696.0;2734.0;2305.0;3110.0;2838.0;3592.0;65520.0;65520.0;65520.0;65520.0;65520.0;65520.0;65520.0;65520.0
290.7659046649933;3899.0;3609.0;3344.0;2774.0;2817.0;3192.0;2974.0;4067.0;65520.0;65520.0;65520.0;65520.0;65520.0;65520.0;65520.0;65520.0
291.7958619594574;3865.0;3041.0;2360.0;2792.0;2766.0;3430.0;2878.0;3681.0;65520.0;65520.0;65520.0;65520.0;65520.0;65520.0;65520.0;65520.0
292.8263370990753;4448.0;3697.0;3643.0;2894.0;2609.0;3262.0;2873.0;3408.0;65520.0;65520.0;65520.0;65520.0;65520.0;65520.0;65520.0;65520.0
293.85676097869873;3558.0;3596.0;2249.0;2886.0;2078.0;3360.0;2867.0;3384.0;65520.0;65520.0;65520.0;65520.0;65520.0;65520.0;65520.0;65520.0
294.8908362388611;3910.0;3259.0;3094.0;3091.0;2532.0;3228.0;3094.0;3601.0;65520.0;65520.0;65520.0;65520.0;65520.0;65520.0;65520.0;65520.0
295.9209806919098;4358.0;2595.0;2195.0;3112.0;2865.0;3033.0;2676.0;3609.0;65520.0;65520.0;65520.0;65520.0;65520.0;65520.0;65520.0;65520.0
296.9521629810333;3382.0;3318.0;3776.0;2560.0;2784.0;3222.0;2907.0;3814.0;65520.0;65520.0;65520.0;65520.0;65520.0;65520.0;65520.0;65520.0
297.9829297065735;4468.0;3275.0;2828.0;2926.0;2156.0;3489.0;2862.0;4363.0;65520.0;65520.0;65520.0;65520.0;65520.0;65520.0;65520.0;65520.0
299.0743405818939;3169.0;3345.0;3236.0;3057.0;2646.0;3024.0;2987.0;3372.0;65520.0;65520.0;65520.0;65520.0;65520.0;65520.0;65520.0;65520.0
300.1072676181793;2744.0;5372.0;4070.0;2556.0;2404.0;3180.0;2907.0;3684.0;65520.0;65520.0;65520.0;65520.0;65520.0;65520.0;65520.0;65520.0
301.13715648651123;2672.0;3356.0;2051.0;2777.0;3176.0;3224.0;2816.0;3889.0;65520.0;65520.0;65520.0;65520.0;65520.0;65520.0;65520.0;65520.0
302.1682913303375;3260.0;3571.0;3299.0;2934.0;2350.0;3248.0;2851.0;3380.0;65520.0;65520.0;65520.0;65520.0;65520.0;65520.0;65520.0;65520.0
303.19839882850647;4864.0;2755.0;2518.0;2995.0;2814.0;3230.0;2931.0;3643.0;65520.0;65520.0;65520.0;65520.0;65520.0;65520.0;65520.0;65520.0
304.22832584381104;7464.0;3318.0;3246.0;3091.0;2696.0;3220.0;3104.0;3225.0;65520.0;65520.0;65520.0;65520.0;65520.0;65520.0;65520.0;65520.0
305.26237082481384;3696.0;3078.0;2524.0;2827.0;2531.0;3068.0;2483.0;3534.0;65520.0;65520.0;65520.0;65520.0;65520.0;65520.0;65520.0;65520.0
306.29380774497986;3966.0;3153.0;2121.0;3003.0;2390.0;3272.0;2976.0;3510.0;65520.0;65520.0;65520.0;65520.0;65520.0;65520.0;65520.0;65520.0
307.3238265514374;3921.0;3512.0;2436.0;2667.0;3009.0;3190.0;2913.0;3660.0;65520.0;65520.0;65520.0;65520.0;65520.0;65520.0;65520.0;65520.0
308.3538181781769;3363.0;4603.0;2572.0;3038.0;2512.0;3300.0;2950.0;3475.0;65520.0;65520.0;65520.0;65520.0;65520.0;65520.0;65520.0;65520.0
309.3844873905182;3630.0;2172.0;1724.0;3001.0;2331.0;3145.0;2790.0;3574.0;65520.0;65520.0;65520.0;65520.0;65520.0;65520.0;65520.0;65520.0
310.41716957092285;3441.0;3579.0;3755.0;2971.0;2812.0;3067.0;3059.0;3838.0;65520.0;65520.0;65520.0;65520.0;65520.0;65520.0;65520.0;65520.0
311.4471158981323;5003.0;4024.0;2865.0;3004.0;2339.0;2934.0;3049.0;3561.0;65520.0;65520.0;65520.0;65520.0;65520.0;65520.0;65520.0;65520.0
312.4771418571472;3547.0;3260.0;2761.0;2816.0;2584.0;3048.0;2627.0;3521.0;65520.0;65520.0;65520.0;65520.0;65520.0;65520.0;65520.0;65520.0
313.50816202163696;3579.0;4262.0;2320.0;2779.0;3446.0;3385.0;2916.0;3761.0;65520.0;65520.0;65520.0;65520.0;65520.0;65520.0;65520.0;65520.0
314.5383234024048;4083.0;3526.0;3057.0;3025.0;2345.0;3073.0;2804.0;3438.0;65520.0;65520.0;65520.0;65520.0;65520.0;65520.0;65520.0;65520.0
315.57314133644104;3612.0;3736.0;2755.0;2697.0;2411.0;3523.0;2656.0;3612.0;65520.0;65520.0;65520.0;65520.0;65520.0;65520.0;65520.0;65520.0
316.60307025909424;3520.0;4339.0;2307.0;2915.0;2518.0;3531.0;3134.0;3856.0;65520.0;65520.0;65520.0;65520.0;65520.0;65520.0;65520.0;65520.0
317.63401794433594;3428.0;3512.0;2531.0;2868.0;2929.0;3292.0;3094.0;3193.0;65520.0;65520.0;65520.0;65520.0;65520.0;65520.0;65520.0;65520.0
318.6647222042084;3160.0;3148.0;2000.0;2873.0;1934.0;3451.0;3043.0;3363.0;65520.0;65520.0;65520.0;65520.0;65520.0;65520.0;65520.0;65520.0
319.694687128067;2352.0;3121.0;2752.0;2827.0;2560.0;3137.0;3043.0;3889.0;65520.0;65520.0;65520.0;65520.0;65520.0;65520.0;65520.0;65520.0
320.72807931900024;3115.0;3528.0;3432.0;3073.0;2992.0;2816.0;2756.0;3595.0;65520.0;65520.0;65520.0;65520.0;65520.0;65520.0;65520.0;65520.0
321.82475543022156;2934.0;3499.0;2462.0;2972.0;2289.0;3022.0;3070.0;3488.0;65520.0;65520.0;65520.0;65520.0;65520.0;65520.0;65520.0;65520.0
322.85611844062805;2539.0;3107.0;2790.0;3000.0;1814.0;3145.0;2772.0;3576.0;65520.0;65520.0;65520.0;65520.0;65520.0;65520.0;65520.0;65520.0
323.88640809059143;2760.0;2976.0;2393.0;2768.0;2785.0;3235.0;2924.0;3558.0;65520.0;65520.0;65520.0;65520.0;65520.0;65520.0;65520.0;65520.0
324.91659569740295;2974.0;3792.0;2256.0;2870.0;1929.0;3147.0;2792.0;3894.0;65520.0;65520.0;65520.0;65520.0;65520.0;65520.0;65520.0;65520.0
325.9526855945587;2729.0;3256.0;2664.0;3105.0;3251.0;3446.0;2896.0;4065.0;65520.0;65520.0;65520.0;65520.0;65520.0;65520.0;65520.0;65520.0
326.9828836917877;3115.0;3028.0;3142.0;2976.0;2888.0;2900.0;2524.0;3726.0;65520.0;65520.0;65520.0;65520.0;65520.0;65520.0;65520.0;65520.0
328.01396560668945;3289.0;3003.0;2558.0;2641.0;2640.0;3088.0;2856.0;3507.0;65520.0;65520.0;65520.0;65520.0;65520.0;65520.0;65520.0;65520.0
329.0441257953644;3804.0;3558.0;2435.0;2883.0;3161.0;3556.0;2899.0;4011.0;65520.0;65520.0;65520.0;65520.0;65520.0;65520.0;65520.0;65520.0
330.0754339694977;3584.0;2660.0;2982.0;2710.0;2665.0;3096.0;2545.0;3211.0;65520.0;65520.0;65520.0;65520.0;65520.0;65520.0;65520.0;65520.0
331.10801458358765;3744.0;3214.0;3353.0;2817.0;2955.0;3494.0;2777.0;3395.0;65520.0;65520.0;65520.0;65520.0;65520.0;65520.0;65520.0;65520.0
332.1381847858429;3665.0;2824.0;2862.0;3081.0;2507.0;3136.0;3132.0;3313.0;65520.0;65520.0;65520.0;65520.0;65520.0;65520.0;65520.0;65520.0
333.16814732551575;3027.0;3032.0;2555.0;2779.0;2564.0;3182.0;2363.0;3408.0;65520.0;65520.0;65520.0;65520.0;65520.0;65520.0;65520.0;65520.0
334.19917392730713;3401.0;3064.0;2492.0;2976.0;3068.0;3259.0;2913.0;3358.0;65520.0;65520.0;65520.0;65520.0;65520.0;65520.0;65520.0;65520.0
335.229097366333;2976.0;3270.0;3062.0;2892.0;2496.0;3283.0;2836.0;3441.0;65520.0;65520.0;65520.0;65520.0;65520.0;65520.0;65520.0;65520.0
336.2632827758789;2259.0;3377.0;3612.0;2716.0;2937.0;3057.0;2833.0;3318.0;65520.0;65520.0;65520.0;65520.0;65520.0;65520.0;65520.0;65520.0
337.29431223869324;2976.0;2480.0;2896.0;2507.0;2433.0;3148.0;2712.0;3446.0;65520.0;65520.0;65520.0;65520.0;65520.0;65520.0;65520.0;65520.0
338.32474875450134;3209.0;3657.0;2950.0;3008.0;1788.0;3243.0;2942.0;3380.0;65520.0;65520.0;65520.0;65520.0;65520.0;65520.0;65520.0;65520.0
339.3546214103699;2804.0;3569.0;2012.0;3000.0;3132.0;3305.0;2467.0;3515.0;65520.0;65520.0;65520.0;65520.0;65520.0;65520.0;65520.0;65520.0
340.3846411705017;3088.0;3129.0;2984.0;2819.0;2457.0;3016.0;2612.0;3460.0;65520.0;65520.0;65520.0;65520.0;65520.0;65520.0;65520.0;65520.0
341.42087268829346;3328.0;3337.0;3484.0;2920.0;2982.0;3043.0;2760.0;3555.0;65520.0;65520.0;65520.0;65520.0;65520.0;65520.0;65520.0;65520.0
342.45080971717834;4308.0;2915.0;1974.0;2780.0;2563.0;3235.0;3017.0;4046.0;65520.0;65520.0;65520.0;65520.0;65520.0;65520.0;65520.0;65520.0
343.48089385032654;3888.0;3580.0;2632.0;2782.0;2860.0;3235.0;2848.0;3433.0;65520.0;65520.0;65520.0;65520.0;65520.0;65520.0;65520.0;65520.0
344.5761249065399;2516.0;2990.0;2926.0;2921.0;1913.0;3198.0;2457.0;3496.0;65520.0;65520.0;65520.0;65520.0;65520.0;65520.0;65520.0;65520.0
345.6062858104706;1921.0;3156.0;2084.0;2939.0;2984.0;3006.0;2492.0;3230.0;65520.0;65520.0;65520.0;65520.0;65520.0;65520.0;65520.0;65520.0
346.6416697502136;3987.0;3355.0;3112.0;2825.0;2124.0;3008.0;2638.0;3118.0;65520.0;65520.0;65520.0;65520.0;65520.0;65520.0;65520.0;65520.0
347.6717429161072;2859.0;3425.0;3556.0;2833.0;2488.0;3344.0;2824.0;3814.0;65520.0;65520.0;65520.0;65520.0;65520.0;65520.0;65520.0;65520.0
348.7023582458496;7568.0;2955.0;2481.0;3009.0;2710.0;2905.0;2736.0;3284.0;65520.0;65520.0;65520.0;65520.0;65520.0;65520.0;65520.0;65520.0
349.7322781085968;4275.0;3248.0;3001.0;2793.0;2958.0;3236.0;2969.0;3876.0;65520.0;65520.0;65520.0;65520.0;65520.0;65520.0;65520.0;65520.0
350.7634551525116;4584.0;3816.0;3302.0;2860.0;2315.0;3339.0;2899.0;3296.0;65520.0;65520.0;65520.0;65520.0;65520.0;65520.0;65520.0;65520.0
351.7985680103302;4016.0;3860.0;2398.0;3120.0;2656.0;3513.0;2792.0;3104.0;65520.0;65520.0;65520.0;65520.0;65520.0;65520.0;65520.0;65520.0
352.82864713668823;9321.0;3814.0;2278.0;2614.0;2332.0;3136.0;2723.0;3622.0;65520.0;65520.0;65520.0;65520.0;65520.0;65520.0;65520.0;65520.0
353.8597025871277;3680.0;3228.0;2664.0;3078.0;2736.0;3539.0;2334.0;3798.0;65520.0;65520.0;65520.0;65520.0;65520.0;65520.0;65520.0;65520.0
354.8901090621948;3819.0;3531.0;2659.0;2921.0;3380.0;3668.0;2812.0;3126.0;65520.0;65520.0;65520.0;65520.0;65520.0;65520.0;65520.0;65520.0
355.9201362133026;2339.0;3358.0;3267.0;3076.0;2484.0;3099.0;2726.0;2596.0;65520.0;65520.0;65520.0;65520.0;65520.0;65520.0;65520.0;65520.0
356.9550006389618;2814.0;3240.0;2244.0;2872.0;3360.0;2950.0;3060.0;3953.0;65520.0;65520.0;65520.0;65520.0;65520.0;65520.0;65520.0;65520.0
357.9863088130951;2544.0;3494.0;2238.0;2990.0;3000.0;3377.0;2928.0;3892.0;65520.0;65520.0;65520.0;65520.0;65520.0;65520.0;65520.0;65520.0
359.016774892807;3779.0;3056.0;2824.0;2963.0;2096.0;3048.0;3003.0;3496.0;65520.0;65520.0;65520.0;65520.0;65520.0;65520.0;65520.0;65520.0
360.0469660758972;3680.0;3625.0;2067.0;2918.0;3424.0;3024.0;2988.0;3651.0;65520.0;65520.0;65520.0;65520.0;65520.0;65520.0;65520.0;65520.0
361.0770959854126;3787.0;3062.0;2484.0;2969.0;2620.0;3139.0;2422.0;3648.0;65520.0;65520.0;65520.0;65520.0;65520.0;65520.0;65520.0;65520.0
362.112487077713;3924.0;3174.0;2564.0;2811.0;2691.0;3108.0;2849.0;3496.0;65520.0;65520.0;65520.0;65520.0;65520.0;65520.0;65520.0;65520.0
363.1423752307892;3846.0;3182.0;2041.0;2054.0;2316.0;3096.0;2736.0;3172.0;65520.0;65520.0;65520.0;65520.0;65520.0;65520.0;65520.0;65520.0
364.1724262237549;9963.0;3672.0;3225.0;2984.0;2894.0;3248.0;2980.0;3105.0;65520.0;65520.0;65520.0;65520.0;65520.0;65520.0;65520.0;65520.0
365.2036154270172;4168.0;3153.0;2011.0;2617.0;2806.0;3108.0;2777.0;3099.0;65520.0;65520.0;65520.0;65520.0;65520.0;65520.0;65520.0;65520.0
366.23386120796204;3731.0;2801.0;2798.0;2832.0;2427.0;3142.0;3068.0;3329.0;65520.0;65520.0;65520.0;65520.0;65520.0;65520.0;65520.0;65520.0
367.3253035545349;4984.0;3692.0;2702.0;2881.0;2630.0;2752.0;2892.0;3318.0;65520.0;65520.0;65520.0;65520.0;65520.0;65520.0;65520.0;65520.0
368.3552403450012;3988.0;3841.0;4020.0;2940.0;2726.0;3185.0;2878.0;3795.0;65520.0;65520.0;65520.0;65520.0;65520.0;65520.0;65520.0;65520.0
369.384948015213;6044.0;2204.0;2275.0;3177.0;1712.0;3035.0;2996.0;3348.0;65520.0;65520.0;65520.0;65520.0;65520.0;65520.0;65520.0;65520.0
370.41574335098267;3782.0;3598.0;3051.0;3326.0;2795.0;3022.0;2699.0;3172.0;65520.0;65520.0;65520.0;65520.0;65520.0;65520.0;65520.0;65520.0
371.44612550735474;2972.0;3131.0;2320.0;2987.0;2654.0;3510.0;2750.0;3787.0;65520.0;65520.0;65520.0;65520.0;65520.0;65520.0;65520.0;65520.0
372.4767265319824;3784.0;3596.0;2857.0;2820.0;2217.0;3011.0;2980.0;3473.0;65520.0;65520.0;65520.0;65520.0;65520.0;65520.0;65520.0;65520.0
373.5065975189209;2454.0;3726.0;2441.0;2750.0;3177.0;3545.0;2683.0;3363.0;65520.0;65520.0;65520.0;65520.0;65520.0;65520.0;65520.0;65520.0
374.53757667541504;2744.0;3099.0;2748.0;3060.0;2374.0;3225.0;2769.0;3630.0;65520.0;65520.0;65520.0;65520.0;65520.0;65520.0;65520.0;65520.0
375.57350635528564;2532.0;3569.0;2827.0;2832.0;3004.0;3204.0;2987.0;3619.0;65520.0;65520.0;65520.0;65520.0;65520.0;65520.0;65520.0;65520.0
376.64765334129333;2545.0;3902.0;2292.0;2732.0;2403.0;3200.0;2716.0;3630.0;65520.0;65520.0;65520.0;65520.0;65520.0;65520.0;65520.0;65520.0
377.68241238594055;3308.0;3832.0;2516.0;3076.0;1905.0;3382.0;3008.0;4400.0;65520.0;65520.0;65520.0;65520.0;65520.0;65520.0;65520.0;65520.0
378.71248602867126;3416.0;2320.0;3512.0;2828.0;2550.0;3208.0;2494.0;3515.0;65520.0;65520.0;65520.0;65520.0;65520.0;65520.0;65520.0;65520.0
379.742329120636;2947.0;3062.0;3196.0;2776.0;2956.0;2987.0;2769.0;3217.0;65520.0;65520.0;65520.0;65520.0;65520.0;65520.0;65520.0;65520.0
380.7735662460327;3292.0;2680.0;3097.0;2956.0;2609.0;3342.0;2808.0;3702.0;65520.0;65520.0;65520.0;65520.0;65520.0;65520.0;65520.0;65520.0
381.8036575317383;3721.0;3454.0;2201.0;2827.0;2459.0;3139.0;2916.0;3459.0;65520.0;65520.0;65520.0;65520.0;65520.0;65520.0;65520.0;65520.0
382.83774065971375;2542.0;2513.0;2854.0;3065.0;2681.0;3145.0;2993.0;3384.0;65520.0;65520.0;65520.0;65520.0;65520.0;65520.0;65520.0;65520.0
383.868732213974;2641.0;3507.0;3126.0;2800.0;2582.0;2740.0;2768.0;3611.0;65520.0;65520.0;65520.0;65520.0;65520.0;65520.0;65520.0;65520.0
384.8988995552063;3500.0;2587.0;3006.0;3070.0;1662.0;3288.0;2915.0;3636.0;65520.0;65520.0;65520.0;65520.0;65520.0;65520.0;65520.0;65520.0
385.9288122653961;2476.0;4377.0;2155.0;2796.0;2691.0;3102.0;2931.0;3235.0;65520.0;65520.0;65520.0;65520.0;65520.0;65520.0;65520.0;65520.0
386.9586968421936;4108.0;3350.0;2379.0;2827.0;2569.0;3217.0;3014.0;3502.0;65520.0;65520.0;65520.0;65520.0;65520.0;65520.0;65520.0;65520.0
387.9956841468811;3894.0;3025.0;2814.0;3062.0;2398.0;3414.0;2908.0;4329.0;65520.0;65520.0;65520.0;65520.0;65520.0;65520.0;65520.0;65520.0
389.0285310745239;3996.0;3886.0;2192.0;2966.0;3107.0;3224.0;2664.0;3782.0;65520.0;65520.0;65520.0;65520.0;65520.0;65520.0;65520.0;65520.0
390.07071137428284;11281.0;3072.0;3552.0;3081.0;3035.0;3260.0;2828.0;3260.0;65520.0;65520.0;65520.0;65520.0;65520.0;65520.0;65520.0;65520.0
391.1020288467407;3568.0;3902.0;3400.0;2755.0;2392.0;3520.0;2809.0;2841.0;65520.0;65520.0;65520.0;65520.0;65520.0;65520.0;65520.0;65520.0
392.1321806907654;3980.0;3468.0;2518.0;2712.0;3233.0;2803.0;2934.0;3779.0;65520.0;65520.0;65520.0;65520.0;65520.0;65520.0;65520.0;65520.0
393.1663017272949;1966.0;3360.0;2753.0;2846.0;2336.0;3572.0;2953.0;3449.0;65520.0;65520.0;65520.0;65520.0;65520.0;65520.0;65520.0;65520.0
394.1967966556549;3596.0;3363.0;3864.0;2894.0;3036.0;3508.0;2860.0;3433.0;65520.0;65520.0;65520.0;65520.0;65520.0;65520.0;65520.0;65520.0
395.22786140441895;2969.0;3646.0;1940.0;2905.0;3000.0;3081.0;2902.0;3881.0;65520.0;65520.0;65520.0;65520.0;65520.0;65520.0;65520.0;65520.0
396.25781178474426;2500.0;3734.0;2691.0;2360.0;2148.0;3284.0;2966.0;3406.0;65520.0;65520.0;65520.0;65520.0;65520.0;65520.0;65520.0;65520.0
397.28807520866394;3510.0;3409.0;2091.0;2680.0;3163.0;3011.0;2912.0;3726.0;65520.0;65520.0;65520.0;65520.0;65520.0;65520.0;65520.0;65520.0
398.3223075866699;3228.0;3273.0;3492.0;3012.0;2257.0;3091.0;2833.0;3540.0;65520.0;65520.0;65520.0;65520.0;65520.0;65520.0;65520.0;65520.0
399.3524258136749;2624.0;2241.0;2606.0;2886.0;3124.0;2921.0;2942.0;3436.0;65520.0;65520.0;65520.0;65520.0;65520.0;65520.0;65520.0;65520.0
400.38259053230286;2625.0;3380.0;2168.0;2840.0;2582.0;3608.0;2712.0;3385.0;65520.0;65520.0;65520.0;65520.0;65520.0;65520.0;65520.0;65520.0
401.4127788543701;5099.0;3144.0;3390.0;2971.0;3028.0;3297.0;2499.0;3564.0;65520.0;65520.0;65520.0;65520.0;65520.0;65520.0;65520.0;65520.0
402.44412541389465;4012.0;2774.0;3508.0;2844.0;3046.0;3244.0;2636.0;3756.0;65520.0;65520.0;65520.0;65520.0;65520.0;65520.0;65520.0;65520.0
403.47872519493103;4928.0;3712.0;2510.0;2654.0;2657.0;3208.0;2779.0;3609.0;65520.0;65520.0;65520.0;65520.0;65520.0;65520.0;65520.0;65520.0
404.5088109970093;6148.0;3974.0;2595.0;3006.0;3188.0;3259.0;3006.0;3364.0;65520.0;65520.0;65520.0;65520.0;65520.0;65520.0;65520.0;65520.0
405.53942823410034;3654.0;3235.0;3400.0;2782.0;2480.0;3361.0;2889.0;3889.0;65520.0;65520.0;65520.0;65520.0;65520.0;65520.0;65520.0;65520.0
406.5705144405365;4374.0;2652.0;1969.0;2860.0;2404.0;3448.0;2966.0;3084.0;65520.0;65520.0;65520.0;65520.0;65520.0;65520.0;65520.0;65520.0
407.60057830810547;4164.0;3038.0;2628.0;3032.0;2867.0;3265.0;2958.0;3620.0;65520.0;65520.0;65520.0;65520.0;65520.0;65520.0;65520.0;65520.0
408.63471722602844;2904.0;3182.0;2300.0;2844.0;2803.0;3048.0;2820.0;3766.0;65520.0;65520.0;65520.0;65520.0;65520.0;65520.0;65520.0;65520.0
409.6656391620636;2433.0;2825.0;2564.0;2920.0;2620.0;3004.0;2688.0;3657.0;65520.0;65520.0;65520.0;65520.0;65520.0;65520.0;65520.0;65520.0
410.69613671302795;3240.0;3193.0;3478.0;2787.0;2334.0;3153.0;2952.0;3592.0;65520.0;65520.0;65520.0;65520.0;65520.0;65520.0;65520.0;65520.0
411.7261679172516;2782.0;9248.0;2830.0;2945.0;2401.0;3641.0;2841.0;3388.0;65520.0;65520.0;65520.0;65520.0;65520.0;65520.0;65520.0;65520.0
412.82603931427;4192.0;3225.0;3148.0;2814.0;2537.0;3131.0;2964.0;4478.0;65520.0;65520.0;65520.0;65520.0;65520.0;65520.0;65520.0;65520.0
413.8607542514801;3200.0;3072.0;2937.0;3016.0;2548.0;3265.0;2596.0;3620.0;65520.0;65520.0;65520.0;65520.0;65520.0;65520.0;65520.0;65520.0
414.89177322387695;2955.0;2785.0;1944.0;2540.0;2121.0;3060.0;2892.0;3416.0;65520.0;65520.0;65520.0;65520.0;65520.0;65520.0;65520.0;65520.0
415.9218156337738;3262.0;3715.0;2321.0;3000.0;3092.0;3510.0;2929.0;3364.0;65520.0;65520.0;65520.0;65520.0;65520.0;65520.0;65520.0;65520.0
416.9520802497864;3334.0;3068.0;2772.0;2881.0;2987.0;3131.0;2856.0;3494.0;65520.0;65520.0;65520.0;65520.0;65520.0;65520.0;65520.0;65520.0
417.9822425842285;3124.0;3112.0;3356.0;2851.0;2912.0;3393.0;2304.0;3137.0;65520.0;65520.0;65520.0;65520.0;65520.0;65520.0;65520.0;65520.0
419.01789450645447;3388.0;3288.0;3038.0;2811.0;2003.0;2726.0;2390.0;3344.0;65520.0;65520.0;65520.0;65520.0;65520.0;65520.0;65520.0;65520.0
420.087682723999;2457.0;3417.0;2843.0;2811.0;2283.0;3196.0;2832.0;3366.0;65520.0;65520.0;65520.0;65520.0;65520.0;65520.0;65520.0;65520.0
421.1188759803772;3307.0;3419.0;3356.0;2822.0;2793.0;3035.0;2542.0;3353.0;65520.0;65520.0;65520.0;65520.0;65520.0;65520.0;65520.0;65520.0
422.1521646976471;3193.0;2833.0;3356.0;2758.0;1795.0;3308.0;2937.0;3846.0;65520.0;65520.0;65520.0;65520.0;65520.0;65520.0;65520.0;65520.0
423.18228101730347;3072.0;3470.0;2259.0;2955.0;2444.0;3196.0;2966.0;3539.0;65520.0;65520.0;65520.0;65520.0;65520.0;65520.0;65520.0;65520.0
424.2183129787445;3304.0;2774.0;2456.0;2620.0;2425.0;2939.0;2886.0;3840.0;65520.0;65520.0;65520.0;65520.0;65520.0;65520.0;65520.0;65520.0
425.2482979297638;2769.0;4220.0;2816.0;2888.0;2569.0;3358.0;2848.0;3726.0;65520.0;65520.0;65520.0;65520.0;65520.0;65520.0;65520.0;65520.0
426.2784025669098;3316.0;3360.0;3528.0;2992.0;2860.0;3259.0;3059.0;4118.0;65520.0;65520.0;65520.0;65520.0;65520.0;65520.0;65520.0;65520.0
427.30837750434875;3152.0;3649.0;2054.0;2716.0;2760.0;3427.0;2824.0;3660.0;65520.0;65520.0;65520.0;65520.0;65520.0;65520.0;65520.0;65520.0
428.3395233154297;3000.0;4334.0;4324.0;2971.0;3134.0;3416.0;2856.0;4142.0;65520.0;65520.0;65520.0;65520.0;65520.0;65520.0;65520.0;65520.0
429.3720135688782;2836.0;2811.0;2563.0;2960.0;3062.0;3081.0;2694.0;3296.0;65520.0;65520.0;65520.0;65520.0;65520.0;65520.0;65520.0;65520.0
430.4019992351532;4408.0;2756.0;2323.0;2977.0;2700.0;3193.0;2704.0;3372.0;65520.0;65520.0;65520.0;65520.0;65520.0;65520.0;65520.0;65520.0
431.43219327926636;12236.0;3427.0;2670.0;2923.0;2608.0;3452.0;2972.0;3758.0;65520.0;65520.0;65520.0;65520.0;65520.0;65520.0;65520.0;65520.0
432.4639232158661;3846.0;3851.0;2796.0;2764.0;2628.0;3268.0;2809.0;4243.0;65520.0;65520.0;65520.0;65520.0;65520.0;65520.0;65520.0;65520.0
433.49388694763184;3627.0;3427.0;2110.0;2630.0;2420.0;3064.0;2772.0;3136.0;65520.0;65520.0;65520.0;65520.0;65520.0;65520.0;65520.0;65520.0
434.5283589363098;4169.0;2824.0;3552.0;2971.0;3097.0;3121.0;2462.0;3643.0;65520.0;65520.0;65520.0;65520.0;65520.0;65520.0;65520.0;65520.0
435.5703275203705;8353.0;3380.0;2212.0;2939.0;3164.0;2760.0;2649.0;3550.0;65520.0;65520.0;65520.0;65520.0;65520.0;65520.0;65520.0;65520.0
436.6003143787384;3254.0;3544.0;3545.0;2731.0;2899.0;3099.0;2817.0;3161.0;65520.0;65520.0;65520.0;65520.0;65520.0;65520.0;65520.0;65520.0
437.6301553249359;3675.0;4088.0;2729.0;2724.0;2676.0;3155.0;3091.0;3497.0;65520.0;65520.0;65520.0;65520.0;65520.0;65520.0;65520.0;65520.0
438.6601309776306;4814.0;2875.0;2449.0;2985.0;2336.0;3161.0;2696.0;3681.0;65520.0;65520.0;65520.0;65520.0;65520.0;65520.0;65520.0;65520.0
439.6940484046936;3339.0;3212.0;2734.0;2694.0;1665.0;3203.0;2916.0;3137.0;65520.0;65520.0;65520.0;65520.0;65520.0;65520.0;65520.0;65520.0
440.72409558296204;3227.0;3606.0;2891.0;2806.0;2641.0;3038.0;2190.0;3123.0;65520.0;65520.0;65520.0;65520.0;65520.0;65520.0;65520.0;65520.0
441.7539858818054;2558.0;4336.0;2448.0;2867.0;1817.0;2942.0;2931.0;3892.0;65520.0;65520.0;65520.0;65520.0;65520.0;65520.0;65520.0;65520.0
442.7853400707245;3366.0;3116.0;2296.0;2841.0;2649.0;3601.0;2814.0;3443.0;65520.0;65520.0;65520.0;65520.0;65520.0;65520.0;65520.0;65520.0
443.8157362937927;2932.0;3043.0;2315.0;2697.0;2960.0;3483.0;2318.0;3267.0;65520.0;65520.0;65520.0;65520.0;65520.0;65520.0;65520.0;65520.0
444.84997749328613;7291.0;3049.0;3376.0;2953.0;2872.0;3150.0;2924.0;3056.0;65520.0;65520.0;65520.0;65520.0;65520.0;65520.0;65520.0;65520.0
445.8801290988922;6065.0;3924.0;2302.0;2908.0;2795.0;3155.0;2958.0;3616.0;65520.0;65520.0;65520.0;65520.0;65520.0;65520.0;65520.0;65520.0
446.9103081226349;3897.0;3899.0;2030.0;2856.0;2500.0;3062.0;2865.0;3241.0;65520.0;65520.0;65520.0;65520.0;65520.0;65520.0;65520.0;65520.0
447.9403877258301;3393.0;3032.0;2195.0;2700.0;2612.0;3070.0;2902.0;3590.0;65520.0;65520.0;65520.0;65520.0;65520.0;65520.0;65520.0;65520.0
448.9704146385193;3809.0;3128.0;2588.0;3035.0;2438.0;3041.0;2784.0;3558.0;65520.0;65520.0;65520.0;65520.0;65520.0;65520.0;65520.0;65520.0
450.0058960914612;3059.0;3430.0;2329.0;2739.0;2449.0;3120.0;2478.0;3480.0;65520.0;65520.0;65520.0;65520.0;65520.0;65520.0;65520.0;65520.0
451.0369589328766;2614.0;4332.0;2681.0;2902.0;2331.0;3078.0;2841.0;3867.0;65520.0;65520.0;65520.0;65520.0;65520.0;65520.0;65520.0;65520.0
452.1035387516022;2595.0;3110.0;2038.0;2755.0;2820.0;3184.0;2742.0;3630.0;65520.0;65520.0;65520.0;65520.0;65520.0;65520.0;65520.0;65520.0
453.1347906589508;2121.0;2478.0;2379.0;2904.0;2665.0;2995.0;3003.0;3441.0;65520.0;65520.0;65520.0;65520.0;65520.0;65520.0;65520.0;65520.0
454.1647529602051;2472.0;3587.0;2844.0;2851.0;3088.0;3163.0;2915.0;4128.0;65520.0;65520.0;65520.0;65520.0;65520.0;65520.0;65520.0;65520.0
455.20093178749084;3521.0;3841.0;3376.0;3126.0;3129.0;2996.0;2726.0;3464.0;65520.0;65520.0;65520.0;65520.0;65520.0;65520.0;65520.0;65520.0
456.23159551620483;2360.0;5670.0;2764.0;2908.0;2691.0;3065.0;2993.0;3161.0;65520.0;65520.0;65520.0;65520.0;65520.0;65520.0;65520.0;65520.0
457.26242661476135;3036.0;3580.0;3124.0;2825.0;1665.0;2920.0;2899.0;3670.0;65520.0;65520.0;65520.0;65520.0;65520.0;65520.0;65520.0;65520.0
458.32504200935364;2369.0;3342.0;2124.0;3046.0;2368.0;3148.0;2488.0;3276.0;65520.0;65520.0;65520.0;65520.0;65520.0;65520.0;65520.0;65520.0
459.35607957839966;2188.0;3377.0;3462.0;2841.0;2971.0;3243.0;2756.0;3512.0;65520.0;65520.0;65520.0;65520.0;65520.0;65520.0;65520.0;65520.0
460.3907871246338;2862.0;3699.0;3556.0;2779.0;2736.0;3291.0;2774.0;3580.0;65520.0;65520.0;65520.0;65520.0;65520.0;65520.0;65520.0;65520.0
461.4206864833832;3851.0;3070.0;2113.0;2856.0;2300.0;2992.0;2740.0;3764.0;65520.0;65520.0;65520.0;65520.0;65520.0;65520.0;65520.0;65520.0
462.4506254196167;5852.0;3433.0;2764.0;2950.0;2292.0;3110.0;3044.0;3400.0;65520.0;65520.0;65520.0;65520.0;65520.0;65520.0;65520.0;65520.0
463.4816210269928;3585.0;3377.0;2790.0;2948.0;2408.0;3270.0;2891.0;3664.0;65520.0;65520.0;65520.0;65520.0;65520.0;65520.0;65520.0;65520.0
464.511666059494;3382.0;3428.0;3172.0;2953.0;2632.0;2915.0;3027.0;3332.0;65520.0;65520.0;65520.0;65520.0;65520.0;65520.0;65520.0;65520.0
465.54667234420776;3878.0;3476.0;2128.0;2577.0;2488.0;2712.0;2724.0;3612.0;65520.0;65520.0;65520.0;65520.0;65520.0;65520.0;65520.0;65520.0
466.5766179561615;4249.0;3243.0;2419.0;2872.0;2484.0;3684.0;2587.0;3316.0;65520.0;65520.0;65520.0;65520.0;65520.0;65520.0;65520.0;65520.0
467.6075551509857;3356.0;3262.0;3216.0;3196.0;2716.0;3236.0;2860.0;3764.0;65520.0;65520.0;65520.0;65520.0;65520.0;65520.0;65520.0;65520.0
468.63766503334045;2622.0;3897.0;3156.0;3028.0;2672.0;3206.0;2900.0;4336.0;65520.0;65520.0;65520.0;65520.0;65520.0;65520.0;65520.0;65520.0
469.66762709617615;3196.0;3108.0;3740.0;2990.0;2649.0;3388.0;3131.0;3531.0;65520.0;65520.0;65520.0;65520.0;65520.0;65520.0;65520.0;65520.0
470.70231533050537;3361.0;3643.0;2067.0;2995.0;3172.0;3152.0;2936.0;4176.0;65520.0;65520.0;65520.0;65520.0;65520.0;65520.0;65520.0;65520.0
471.732417345047;3248.0;2580.0;2888.0;2955.0;1857.0;3112.0;2878.0;3340.0;65520.0;65520.0;65520.0;65520.0;65520.0;65520.0;65520.0;65520.0
472.7622652053833;5825.0;3161.0;3492.0;2924.0;2785.0;3220.0;2811.0;3708.0;65520.0;65520.0;65520.0;65520.0;65520.0;65520.0;65520.0;65520.0
473.79217553138733;3675.0;3707.0;1993.0;2974.0;3064.0;3044.0;2928.0;3376.0;65520.0;65520.0;65520.0;65520.0;65520.0;65520.0;65520.0;65520.0
474.8232672214508;8728.0;2865.0;2462.0;2798.0;2654.0;3081.0;2646.0;4104.0;65520.0;65520.0;65520.0;65520.0;65520.0;65520.0;65520.0;65520.0
475.85751461982727;8537.0;3158.0;2825.0;2809.0;2552.0;3156.0;2835.0;4360.0;65520.0;65520.0;65520.0;65520.0;65520.0;65520.0;65520.0;65520.0
476.8876693248749;3635.0;3473.0;2078.0;3052.0;2051.0;3235.0;2694.0;3633.0;65520.0;65520.0;65520.0;65520.0;65520.0;65520.0;65520.0;65520.0
477.917640209198;3633.0;3776.0;3667.0;3014.0;2696.0;3212.0;2707.0;3507.0;65520.0;65520.0;65520.0;65520.0;65520.0;65520.0;65520.0;65520.0
478.9487338066101;3616.0;4572.0;2632.0;2867.0;2595.0;3152.0;2811.0;3313.0;65520.0;65520.0;65520.0;65520.0;65520.0;65520.0;65520.0;65520.0
479.978750705719;3867.0;4702.0;2984.0;3051.0;2755.0;3230.0;2998.0;4011.0;65520.0;65520.0;65520.0;65520.0;65520.0;65520.0;65520.0;65520.0
481.0779616832733;3062.0;3230.0;3092.0;2756.0;3048.0;3153.0;2430.0;3468.0;65520.0;65520.0;65520.0;65520.0;65520.0;65520.0;65520.0;65520.0
482.10790944099426;3308.0;2340.0;2476.0;2900.0;3000.0;3108.0;2995.0;3683.0;65520.0;65520.0;65520.0;65520.0;65520.0;65520.0;65520.0;65520.0
483.13905096054077;3409.0;2824.0;2216.0;2832.0;2459.0;3041.0;3017.0;3428.0;65520.0;65520.0;65520.0;65520.0;65520.0;65520.0;65520.0;65520.0
484.16956329345703;2796.0;3000.0;2651.0;2969.0;1928.0;3518.0;2715.0;3508.0;65520.0;65520.0;65520.0;65520.0;65520.0;65520.0;65520.0;65520.0
485.1997489929199;3609.0;2953.0;3288.0;2891.0;3012.0;3427.0;2934.0;3915.0;65520.0;65520.0;65520.0;65520.0;65520.0;65520.0;65520.0;65520.0
486.23442363739014;3409.0;3910.0;3776.0;2881.0;2993.0;3179.0;2817.0;3532.0;65520.0;65520.0;65520.0;65520.0;65520.0;65520.0;65520.0;65520.0
487.3063189983368;3572.0;3401.0;2606.0;2865.0;2456.0;3179.0;2792.0;3486.0;65520.0;65520.0;65520.0;65520.0;65520.0;65520.0;65520.0;65520.0
488.3390235900879;2684.0;3030.0;3286.0;2947.0;2654.0;3182.0;2800.0;3670.0;65520.0;65520.0;65520.0;65520.0;65520.0;65520.0;65520.0;65520.0
489.3703062534332;3931.0;2798.0;2808.0;2702.0;2625.0;2726.0;2625.0;2793.0;65520.0;65520.0;65520.0;65520.0;65520.0;65520.0;65520.0;65520.0
490.4006812572479;2862.0;3630.0;3254.0;2867.0;2830.0;3185.0;2940.0;3411.0;65520.0;65520.0;65520.0;65520.0;65520.0;65520.0;65520.0;65520.0
491.43481397628784;3022.0;3406.0;2433.0;2824.0;3056.0;3430.0;3027.0;3980.0;65520.0;65520.0;65520.0;65520.0;65520.0;65520.0;65520.0;65520.0
492.4656591415405;3027.0;3579.0;3024.0;2734.0;2219.0;2980.0;2937.0;3307.0;65520.0;65520.0;65520.0;65520.0;65520.0;65520.0;65520.0;65520.0
493.49680495262146;3209.0;3278.0;2086.0;2888.0;2356.0;3217.0;2534.0;3195.0;65520.0;65520.0;65520.0;65520.0;65520.0;65520.0;65520.0;65520.0
494.5266752243042;2492.0;3617.0;2523.0;2755.0;3275.0;3244.0;2937.0;3824.0;65520.0;65520.0;65520.0;65520.0;65520.0;65520.0;65520.0;65520.0
495.55666875839233;2672.0;3520.0;3171.0;2897.0;2657.0;3177.0;2393.0;3334.0;65520.0;65520.0;65520.0;65520.0;65520.0;65520.0;65520.0;65520.0
496.59278297424316;3158.0;5008.0;2568.0;2841.0;3001.0;2875.0;2868.0;3772.0;65520.0;65520.0;65520.0;65520.0;65520.0;65520.0;65520.0;65520.0
497.62302589416504;3681.0;3009.0;2216.0;2956.0;3230.0;3419.0;2875.0;3526.0;65520.0;65520.0;65520.0;65520.0;65520.0;65520.0;65520.0;65520.0
498.6531240940094;4793.0;3644.0;2540.0;2929.0;2504.0;3080.0;2864.0;3516.0;65520.0;65520.0;65520.0;65520.0;65520.0;65520.0;65520.0;65520.0
499.68312406539917;4334.0;3161.0;3424.0;2838.0;2889.0;3169.0;2920.0;3603.0;65520.0;65520.0;65520.0;65520.0;65520.0;65520.0;65520.0;65520.0
500.71414732933044;3323.0;2761.0;2532.0;2782.0;2238.0;2870.0;2905.0;3723.0;65520.0;65520.0;65520.0;65520.0;65520.0;65520.0;65520.0;65520.0
501.748619556427;3320.0;3604.0;2707.0;3132.0;3246.0;3150.0;2851.0;3742.0;65520.0;65520.0;65520.0;65520.0;65520.0;65520.0;65520.0;65520.0
502.780433177948;2851.0;2996.0;2185.0;2582.0;2612.0;3617.0;2633.0;3684.0;65520.0;65520.0;65520.0;65520.0;65520.0;65520.0;65520.0;65520.0
503.8209228515625;2910.0;4515.0;3017.0;3160.0;2460.0;3249.0;3123.0;3609.0;65520.0;65520.0;65520.0;65520.0;65520.0;65520.0;65520.0;65520.0
504.85144686698914;2982.0;3470.0;3164.0;2848.0;2974.0;3345.0;3060.0;3155.0;65520.0;65520.0;65520.0;65520.0;65520.0;65520.0;65520.0;65520.0
505.88146448135376;2668.0;4208.0;3744.0;2387.0;2849.0;3241.0;2302.0;3635.0;65520.0;65520.0;65520.0;65520.0;65520.0;65520.0;65520.0;65520.0
506.91369700431824;2723.0;2521.0;2683.0;2902.0;2566.0;3180.0;2902.0;3520.0;65520.0;65520.0;65520.0;65520.0;65520.0;65520.0;65520.0;65520.0
507.9449167251587;2027.0;2979.0;2276.0;2884.0;2945.0;3340.0;2755.0;3728.0;65520.0;65520.0;65520.0;65520.0;65520.0;65520.0;65520.0;65520.0
508.97506761550903;5096.0;3302.0;3430.0;2403.0;2481.0;3054.0;2345.0;3265.0;65520.0;65520.0;65520.0;65520.0;65520.0;65520.0;65520.0;65520.0
510.0052378177643;3558.0;1902.0;4403.0;2825.0;2569.0;3320.0;3070.0;3470.0;65520.0;65520.0;65520.0;65520.0;65520.0;65520.0;65520.0;65520.0
511.0356044769287;5275.0;3473.0;3088.0;2892.0;3182.0;3163.0;3014.0;3563.0;65520.0;65520.0;65520.0;65520.0;65520.0;65520.0;65520.0;65520.0
512.0706565380096;3502.0;3569.0;2105.0;2828.0;2700.0;2732.0;2776.0;3243.0;65520.0;65520.0;65520.0;65520.0;65520.0;65520.0;65520.0;65520.0
513.1007480621338;3179.0;3121.0;3193.0;2948.0;1804.0;3289.0;2777.0;3372.0;65520.0;65520.0;65520.0;65520.0;65520.0;65520.0;65520.0;65520.0
514.1309335231781;3166.0;3566.0;2499.0;2769.0;2801.0;3115.0;3033.0;3984.0;65520.0;65520.0;65520.0;65520.0;65520.0;65520.0;65520.0;65520.0
515.1618299484253;4728.0;3107.0;2771.0;2892.0;2681.0;3324.0;2673.0;3544.0;65520.0;65520.0;65520.0;65520.0;65520.0;65520.0;65520.0;65520.0
516.1921625137329;3550.0;2752.0;2272.0;2676.0;3222.0;3451.0;2419.0;3275.0;65520.0;65520.0;65520.0;65520.0;65520.0;65520.0;65520.0;65520.0
517.2272894382477;7843.0;3587.0;2265.0;3073.0;2732.0;3352.0;2878.0;3780.0;65520.0;65520.0;65520.0;65520.0;65520.0;65520.0;65520.0;65520.0
518.2574079036713;3684.0;3340.0;3083.0;2848.0;2486.0;3089.0;2198.0;3177.0;65520.0;65520.0;65520.0;65520.0;65520.0;65520.0;65520.0;65520.0
519.2884566783905;4297.0;2708.0;2337.0;3148.0;1944.0;3072.0;2795.0;3644.0;65520.0;65520.0;65520.0;65520.0;65520.0;65520.0;65520.0;65520.0
520.3185021877289;3908.0;3432.0;2166.0;3182.0;2601.0;3433.0;2984.0;3888.0;65520.0;65520.0;65520.0;65520.0;65520.0;65520.0;65520.0;65520.0
521.3486337661743;3024.0;3673.0;4065.0;3025.0;3224.0;2934.0;2884.0;3612.0;65520.0;65520.0;65520.0;65520.0;65520.0;65520.0;65520.0;65520.0
522.3823084831238;3316.0;4040.0;2366.0;3046.0;2116.0;3126.0;2833.0;3342.0;65520.0;65520.0;65520.0;65520.0;65520.0;65520.0;65520.0;65520.0
523.4135503768921;4593.0;2811.0;2691.0;2734.0;2401.0;3518.0;3128.0;3856.0;65520.0;65520.0;65520.0;65520.0;65520.0;65520.0;65520.0;65520.0
524.443603515625;2075.0;3720.0;2062.0;2755.0;2694.0;3112.0;3075.0;3761.0;65520.0;65520.0;65520.0;65520.0;65520.0;65520.0;65520.0;65520.0
525.4735522270203;3955.0;3160.0;3004.0;2958.0;2627.0;2689.0;2422.0;3291.0;65520.0;65520.0;65520.0;65520.0;65520.0;65520.0;65520.0;65520.0
526.5725989341736;3118.0;4116.0;3246.0;3060.0;2433.0;3156.0;2731.0;3721.0;65520.0;65520.0;65520.0;65520.0;65520.0;65520.0;65520.0;65520.0
527.6054406166077;2443.0;4270.0;3449.0;3062.0;2540.0;3424.0;2675.0;2995.0;65520.0;65520.0;65520.0;65520.0;65520.0;65520.0;65520.0;65520.0
528.6357591152191;2582.0;3857.0;3361.0;2699.0;2920.0;2984.0;2414.0;3625.0;65520.0;65520.0;65520.0;65520.0;65520.0;65520.0;65520.0;65520.0
529.6657848358154;3265.0;3432.0;2705.0;2758.0;3252.0;3321.0;2707.0;3507.0;65520.0;65520.0;65520.0;65520.0;65520.0;65520.0;65520.0;65520.0
530.6959962844849;3499.0;2944.0;2800.0;2944.0;2592.0;3179.0;2729.0;3412.0;65520.0;65520.0;65520.0;65520.0;65520.0;65520.0;65520.0;65520.0
531.7263119220734;3382.0;3104.0;3369.0;2928.0;3363.0;3104.0;2641.0;2963.0;65520.0;65520.0;65520.0;65520.0;65520.0;65520.0;65520.0;65520.0
532.7596027851105;2820.0;9400.0;3145.0;2883.0;2822.0;3259.0;3244.0;3774.0;65520.0;65520.0;65520.0;65520.0;65520.0;65520.0;65520.0;65520.0
533.7895486354828;3624.0;2972.0;3600.0;3060.0;2812.0;3152.0;2937.0;3584.0;65520.0;65520.0;65520.0;65520.0;65520.0;65520.0;65520.0;65520.0
534.8201513290405;3081.0;2836.0;3216.0;2808.0;1857.0;3102.0;2828.0;3390.0;65520.0;65520.0;65520.0;65520.0;65520.0;65520.0;65520.0;65520.0
535.8510801792145;3260.0;2971.0;2067.0;2920.0;2449.0;2996.0;2942.0;3782.0;65520.0;65520.0;65520.0;65520.0;65520.0;65520.0;65520.0;65520.0
536.8811583518982;3806.0;3942.0;3790.0;2980.0;2819.0;3396.0;2796.0;3177.0;65520.0;65520.0;65520.0;65520.0;65520.0;65520.0;65520.0;65520.0
537.913507938385;2830.0;2454.0;2561.0;2755.0;2702.0;2713.0;2862.0;4260.0;65520.0;65520.0;65520.0;65520.0;65520.0;65520.0;65520.0;65520.0
538.9436757564545;2744.0;4225.0;3721.0;2862.0;2769.0;3246.0;2569.0;3496.0;65520.0;65520.0;65520.0;65520.0;65520.0;65520.0;65520.0;65520.0
539.9747066497803;2774.0;3083.0;2608.0;2843.0;2769.0;2857.0;2979.0;3427.0;65520.0;65520.0;65520.0;65520.0;65520.0;65520.0;65520.0;65520.0
541.0050072669983;3494.0;4564.0;2700.0;2926.0;2246.0;3001.0;2939.0;3755.0;65520.0;65520.0;65520.0;65520.0;65520.0;65520.0;65520.0;65520.0
542.034863948822;2720.0;2352.0;3368.0;3123.0;2728.0;3283.0;2771.0;3856.0;65520.0;65520.0;65520.0;65520.0;65520.0;65520.0;65520.0;65520.0
543.0699453353882;2713.0;3147.0;2062.0;2955.0;2206.0;3012.0;2984.0;3467.0;65520.0;65520.0;65520.0;65520.0;65520.0;65520.0;65520.0;65520.0
544.1001584529877;4899.0;2776.0;3254.0;3024.0;2284.0;2892.0;2809.0;3366.0;65520.0;65520.0;65520.0;65520.0;65520.0;65520.0;65520.0;65520.0
545.1300747394562;3694.0;4036.0;3585.0;2857.0;2780.0;3059.0;2825.0;3363.0;65520.0;65520.0;65520.0;65520.0;65520.0;65520.0;65520.0;65520.0
546.1601233482361;5408.0;3984.0;2702.0;2995.0;2846.0;3067.0;3052.0;4102.0;65520.0;65520.0;65520.0;65520.0;65520.0;65520.0;65520.0;65520.0
547.1903119087219;4264.0;2553.0;2332.0;2571.0;2910.0;2800.0;2843.0;3344.0;65520.0;65520.0;65520.0;65520.0;65520.0;65520.0;65520.0;65520.0
548.2224431037903;2851.0;3342.0;2280.0;2756.0;2686.0;2793.0;2761.0;3185.0;65520.0;65520.0;65520.0;65520.0;65520.0;65520.0;65520.0;65520.0
549.3243992328644;3912.0;3046.0;2360.0;2777.0;2542.0;3128.0;2633.0;3265.0;65520.0;65520.0;65520.0;65520.0;65520.0;65520.0;65520.0;65520.0
550.3543331623077;3432.0;3107.0;2510.0;2945.0;2636.0;3251.0;2851.0;3494.0;65520.0;65520.0;65520.0;65520.0;65520.0;65520.0;65520.0;65520.0
551.3842072486877;4747.0;3576.0;2358.0;2763.0;2900.0;3256.0;3123.0;4049.0;65520.0;65520.0;65520.0;65520.0;65520.0;65520.0;65520.0;65520.0
552.4143214225769;3363.0;2801.0;3539.0;3241.0;2060.0;3411.0;2860.0;3188.0;65520.0;65520.0;65520.0;65520.0;65520.0;65520.0;65520.0;65520.0
553.4446911811829;3958.0;3678.0;2406.0;2854.0;3345.0;3416.0;2641.0;3528.0;65520.0;65520.0;65520.0;65520.0;65520.0;65520.0;65520.0;65520.0
554.4779572486877;4331.0;3188.0;3315.0;2680.0;1828.0;3374.0;3164.0;3336.0;65520.0;65520.0;65520.0;65520.0;65520.0;65520.0;65520.0;65520.0
555.5079684257507;3584.0;2608.0;3209.0;3003.0;2582.0;3081.0;2840.0;3209.0;65520.0;65520.0;65520.0;65520.0;65520.0;65520.0;65520.0;65520.0
556.5383186340332;3094.0;3176.0;3017.0;2964.0;2579.0;2984.0;2222.0;3924.0;65520.0;65520.0;65520.0;65520.0;65520.0;65520.0;65520.0;65520.0
557.5686259269714;2988.0;4404.0;3337.0;2838.0;2396.0;3161.0;2654.0;3600.0;65520.0;65520.0;65520.0;65520.0;65520.0;65520.0;65520.0;65520.0
558.6015923023224;2345.0;9289.0;2102.0;2908.0;2784.0;2868.0;3028.0;3496.0;65520.0;65520.0;65520.0;65520.0;65520.0;65520.0;65520.0;65520.0
559.6323435306549;3940.0;2776.0;2782.0;2715.0;2624.0;3083.0;2902.0;3331.0;65520.0;65520.0;65520.0;65520.0;65520.0;65520.0;65520.0;65520.0
560.6632659435272;3590.0;7160.0;2212.0;3128.0;2684.0;3230.0;2955.0;3513.0;65520.0;65520.0;65520.0;65520.0;65520.0;65520.0;65520.0;65520.0
561.6931085586548;4321.0;2638.0;3956.0;2976.0;2096.0;3188.0;2496.0;3632.0;65520.0;65520.0;65520.0;65520.0;65520.0;65520.0;65520.0;65520.0
562.7230865955353;3592.0;2939.0;2068.0;2928.0;2756.0;3190.0;2537.0;3371.0;65520.0;65520.0;65520.0;65520.0;65520.0;65520.0;65520.0;65520.0
563.7565588951111;3561.0;2694.0;2734.0;2963.0;3000.0;3470.0;2742.0;3112.0;65520.0;65520.0;65520.0;65520.0;65520.0;65520.0;65520.0;65520.0
564.7872629165649;4800.0;3811.0;2643.0;2891.0;2748.0;3134.0;3150.0;3580.0;65520.0;65520.0;65520.0;65520.0;65520.0;65520.0;65520.0;65520.0
565.8171520233154;3112.0;4315.0;2801.0;3016.0;2808.0;2737.0;2828.0;3654.0;65520.0;65520.0;65520.0;65520.0;65520.0;65520.0;65520.0;65520.0
566.8479232788086;3241.0;2939.0;2566.0;2832.0;2795.0;3222.0;2529.0;3888.0;65520.0;65520.0;65520.0;65520.0;65520.0;65520.0;65520.0;65520.0
567.8783159255981;3619.0;3406.0;2819.0;2844.0;2406.0;3331.0;2737.0;3819.0;65520.0;65520.0;65520.0;65520.0;65520.0;65520.0;65520.0;65520.0
568.9115726947784;3288.0;3460.0;2083.0;2964.0;2625.0;3372.0;3040.0;3246.0;65520.0;65520.0;65520.0;65520.0;65520.0;65520.0;65520.0;65520.0
569.9423115253448;3222.0;4342.0;2744.0;3011.0;2873.0;3124.0;3044.0;3953.0;65520.0;65520.0;65520.0;65520.0;65520.0;65520.0;65520.0;65520.0
570.972326040268;4192.0;2886.0;3275.0;2897.0;2739.0;3043.0;3073.0;3430.0;65520.0;65520.0;65520.0;65520.0;65520.0;65520.0;65520.0;65520.0
572.109158039093;4646.0;3395.0;2934.0;3011.0;2724.0;3080.0;3088.0;3892.0;65520.0;65520.0;65520.0;65520.0;65520.0;65520.0;65520.0;65520.0
573.139132976532;4174.0;3734.0;3326.0;2884.0;3025.0;3000.0;2462.0;3265.0;65520.0;65520.0;65520.0;65520.0;65520.0;65520.0;65520.0;65520.0
574.171888589859;4755.0;2908.0;2971.0;2953.0;2540.0;3313.0;2700.0;3171.0;65520.0;65520.0;65520.0;65520.0;65520.0;65520.0;65520.0;65520.0
575.2940557003021;2572.0;3100.0;3667.0;2916.0;2192.0;3248.0;2777.0;3286.0;65520.0;65520.0;65520.0;65520.0;65520.0;65520.0;65520.0;65520.0
576.3250453472137;3323.0;3486.0;2089.0;2867.0;2673.0;3099.0;2945.0;3777.0;65520.0;65520.0;65520.0;65520.0;65520.0;65520.0;65520.0;65520.0
577.3547868728638;4163.0;4096.0;2436.0;3084.0;2854.0;3228.0;2822.0;3262.0;65520.0;65520.0;65520.0;65520.0;65520.0;65520.0;65520.0;65520.0
578.384827375412;3920.0;4627.0;2747.0;2636.0;3171.0;3224.0;2939.0;3667.0;65520.0;65520.0;65520.0;65520.0;65520.0;65520.0;65520.0;65520.0
579.4200189113617;2278.0;3721.0;2244.0;3208.0;2604.0;2980.0;2916.0;3334.0;65520.0;65520.0;65520.0;65520.0;65520.0;65520.0;65520.0;65520.0
580.4501433372498;3403.0;2715.0;2864.0;2931.0;2230.0;3337.0;2910.0;3899.0;65520.0;65520.0;65520.0;65520.0;65520.0;65520.0;65520.0;65520.0
581.4800748825073;3579.0;3289.0;2419.0;2796.0;1680.0;3030.0;3000.0;3272.0;65520.0;65520.0;65520.0;65520.0;65520.0;65520.0;65520.0;65520.0
582.5101597309113;4803.0;3236.0;2456.0;2891.0;2732.0;2995.0;2894.0;3292.0;65520.0;65520.0;65520.0;65520.0;65520.0;65520.0;65520.0;65520.0
583.541207075119;3374.0;3001.0;2379.0;2622.0;2347.0;3377.0;2838.0;3697.0;65520.0;65520.0;65520.0;65520.0;65520.0;65520.0;65520.0;65520.0
584.5764605998993;4723.0;3168.0;3248.0;2734.0;2246.0;3249.0;3000.0;3425.0;65520.0;65520.0;65520.0;65520.0;65520.0;65520.0;65520.0;65520.0
585.6066257953644;5212.0;3286.0;2614.0;2601.0;2822.0;2828.0;2569.0;3233.0;65520.0;65520.0;65520.0;65520.0;65520.0;65520.0;65520.0;65520.0
586.6365849971771;3875.0;3281.0;2180.0;2787.0;3025.0;3036.0;2846.0;3137.0;65520.0;65520.0;65520.0;65520.0;65520.0;65520.0;65520.0;65520.0
587.667920589447;4720.0;3441.0;2611.0;2622.0;3352.0;3022.0;3113.0;4187.0;65520.0;65520.0;65520.0;65520.0;65520.0;65520.0;65520.0;65520.0
588.6991066932678;3961.0;2968.0;2265.0;3099.0;2718.0;3265.0;2910.0;3633.0;65520.0;65520.0;65520.0;65520.0;65520.0;65520.0;65520.0;65520.0
589.732358455658;2707.0;2966.0;2724.0;2844.0;3024.0;3155.0;2816.0;3779.0;65520.0;65520.0;65520.0;65520.0;65520.0;65520.0;65520.0;65520.0
590.7630460262299;3369.0;3558.0;3412.0;2742.0;2987.0;3376.0;2371.0;3420.0;65520.0;65520.0;65520.0;65520.0;65520.0;65520.0;65520.0;65520.0
591.7932779788971;3059.0;3761.0;2339.0;2888.0;2993.0;3001.0;2609.0;3360.0;65520.0;65520.0;65520.0;65520.0;65520.0;65520.0;65520.0;65520.0
592.8232917785645;3196.0;2646.0;2460.0;2980.0;1595.0;3206.0;2486.0;3848.0;65520.0;65520.0;65520.0;65520.0;65520.0;65520.0;65520.0;65520.0
593.8533124923706;2638.0;3395.0;3140.0;2915.0;2710.0;2841.0;2782.0;3800.0;65520.0;65520.0;65520.0;65520.0;65520.0;65520.0;65520.0;65520.0
594.8847515583038;2795.0;3891.0;3251.0;2996.0;2553.0;3252.0;2540.0;3883.0;65520.0;65520.0;65520.0;65520.0;65520.0;65520.0;65520.0;65520.0
595.9146332740784;3857.0;2806.0;2510.0;2572.0;2091.0;2830.0;2587.0;3446.0;65520.0;65520.0;65520.0;65520.0;65520.0;65520.0;65520.0;65520.0
596.9445309638977;3689.0;4062.0;3836.0;3099.0;1720.0;2804.0;2660.0;3558.0;65520.0;65520.0;65520.0;65520.0;65520.0;65520.0;65520.0;65520.0
598.0734820365906;4220.0;3201.0;2692.0;3019.0;2043.0;3065.0;2667.0;3360.0;65520.0;65520.0;65520.0;65520.0;65520.0;65520.0;65520.0;65520.0
599.1047809123993;3326.0;3568.0;3379.0;2931.0;2905.0;3617.0;2772.0;3555.0;65520.0;65520.0;65520.0;65520.0;65520.0;65520.0;65520.0;65520.0
600.1373250484467;2472.0;3566.0;2110.0;2961.0;2272.0;3184.0;2972.0;3542.0;65520.0;65520.0;65520.0;65520.0;65520.0;65520.0;65520.0;65520.0
601.1674647331238;11995.0;3188.0;3025.0;2929.0;2811.0;2824.0;3200.0;3448.0;65520.0;65520.0;65520.0;65520.0;65520.0;65520.0;65520.0;65520.0
602.1983308792114;3169.0;3180.0;2272.0;2984.0;2752.0;3540.0;2902.0;3420.0;65520.0;65520.0;65520.0;65520.0;65520.0;65520.0;65520.0;65520.0
603.2285349369049;2412.0;3824.0;2657.0;2867.0;3331.0;3038.0;2993.0;3624.0;65520.0;65520.0;65520.0;65520.0;65520.0;65520.0;65520.0;65520.0
604.2584681510925;2833.0;3536.0;2928.0;2721.0;3080.0;3033.0;2777.0;3156.0;65520.0;65520.0;65520.0;65520.0;65520.0;65520.0;65520.0;65520.0
605.2933688163757;3728.0;3140.0;1832.0;2958.0;2182.0;3233.0;2926.0;3003.0;65520.0;65520.0;65520.0;65520.0;65520.0;65520.0;65520.0;65520.0
606.3243675231934;3204.0;2569.0;2587.0;2772.0;2878.0;3057.0;2836.0;3683.0;65520.0;65520.0;65520.0;65520.0;65520.0;65520.0;65520.0;65520.0
607.3544542789459;2601.0;3416.0;2680.0;2876.0;2902.0;3043.0;2979.0;3532.0;65520.0;65520.0;65520.0;65520.0;65520.0;65520.0;65520.0;65520.0
608.3845298290253;3054.0;3033.0;3275.0;3078.0;2561.0;3118.0;2902.0;4163.0;65520.0;65520.0;65520.0;65520.0;65520.0;65520.0;65520.0;65520.0
609.4146358966827;3040.0;5022.0;3054.0;2963.0;2929.0;2849.0;2640.0;3209.0;65520.0;65520.0;65520.0;65520.0;65520.0;65520.0;65520.0;65520.0
610.4482915401459;2843.0;4044.0;3230.0;2913.0;2732.0;2667.0;2212.0;3318.0;65520.0;65520.0;65520.0;65520.0;65520.0;65520.0;65520.0;65520.0
611.478453874588;2142.0;7700.0;3822.0;2822.0;2793.0;2888.0;2819.0;3676.0;65520.0;65520.0;65520.0;65520.0;65520.0;65520.0;65520.0;65520.0
612.508466720581;2491.0;3644.0;3259.0;2827.0;2425.0;2798.0;2713.0;3344.0;65520.0;65520.0;65520.0;65520.0;65520.0;65520.0;65520.0;65520.0
613.5387213230133;2628.0;2776.0;3502.0;3102.0;2873.0;3396.0;2441.0;3444.0;65520.0;65520.0;65520.0;65520.0;65520.0;65520.0;65520.0;65520.0
614.5726964473724;3241.0;2734.0;2248.0;2753.0;1993.0;2795.0;2601.0;3520.0;65520.0;65520.0;65520.0;65520.0;65520.0;65520.0;65520.0;65520.0
615.620199918747;2854.0;3267.0;3460.0;2998.0;3208.0;3254.0;2563.0;3780.0;65520.0;65520.0;65520.0;65520.0;65520.0;65520.0;65520.0;65520.0
616.6503341197968;3878.0;3148.0;2488.0;2758.0;2771.0;2892.0;2945.0;2752.0;65520.0;65520.0;65520.0;65520.0;65520.0;65520.0;65520.0;65520.0
617.6813309192657;4803.0;3188.0;3249.0;2939.0;2769.0;3056.0;2840.0;3361.0;65520.0;65520.0;65520.0;65520.0;65520.0;65520.0;65520.0;65520.0
618.7112247943878;4179.0;3156.0;3313.0;2780.0;2347.0;3566.0;2913.0;3436.0;65520.0;65520.0;65520.0;65520.0;65520.0;65520.0;65520.0;65520.0
619.741302728653;2387.0;3718.0;2377.0;2939.0;2316.0;2908.0;2451.0;3536.0;65520.0;65520.0;65520.0;65520.0;65520.0;65520.0;65520.0;65520.0
