1687872676.7389455,od_135b,65520,65520,3716,2868,65520,65520,3188,2662,65520,65520,2756,3340,65520,65520,7776,3336
1687872677.769466,od_135b,65520,65520,3644,2870,65520,65520,3457,2523,65520,65520,2768,3992,65520,65520,6702,2257
1687872678.7994916,od_135b,65520,65520,4625,2916,65520,65520,3361,2798,65520,65520,2673,4508,65520,65520,7908,3457
1687872679.8291888,od_135b,65520,65520,4624,2870,65520,65520,3593,2670,65520,65520,2708,3652,65520,65520,7609,2752
1687872680.8598497,od_135b,65520,65520,4432,2852,65520,65520,3516,2417,65520,65520,2563,3771,65520,65520,7329,2808
1687872681.889534,od_135b,65520,65520,3980,2915,65520,65520,3566,2768,65520,65520,2673,4278,65520,65520,4596,2708
1687872682.9192362,od_135b,65520,65520,4155,3044,65520,65520,3424,2526,65520,65520,2758,3635,65520,65520,5811,3099
1687872683.951409,od_135b,65520,65520,3774,2934,65520,65520,3380,2542,65520,65520,2555,4078,65520,65520,8224,3614
1687872684.98223,od_135b,65520,65520,8257,3044,65520,65520,3464,2180,65520,65520,2659,4723,65520,65520,4091,2312
1687872686.011939,od_135b,65520,65520,3852,2744,65520,65520,3374,2864,65520,65520,2731,3715,65520,65520,4574,2864
1687872687.041778,od_135b,65520,65520,3465,2958,65520,65520,3600,2585,65520,65520,2656,3872,65520,65520,5014,3662
1687872688.0719981,od_135b,65520,65520,4214,2731,65520,65520,3588,2347,65520,65520,2811,3940,65520,65520,4272,3291
1687872689.1066396,od_135b,65520,65520,3409,2928,65520,65520,3390,2297,65520,65520,2633,3976,65520,65520,9203,2958
1687872690.141841,od_135b,65520,65520,3497,2918,65520,65520,3443,1960,65520,65520,2708,4430,65520,65520,5220,2579
1687872691.2137973,od_135b,65520,65520,3289,2793,65520,65520,3292,2566,65520,65520,2627,3763,65520,65520,3704,2910
1687872692.3017325,od_135b,65520,65520,4014,2774,65520,65520,3344,3004,65520,65520,2662,5064,65520,65520,4035,2780
1687872693.3757217,od_135b,65520,65520,3537,2841,65520,65520,3195,2934,65520,65520,2294,4336,65520,65520,8172,3305
1687872694.4113414,od_135b,65520,65520,3417,2752,65520,65520,3484,2552,65520,65520,2504,6939,65520,65520,7155,3414
1687872695.4445634,od_135b,65520,65520,3585,2700,65520,65520,3161,2361,65520,65520,2808,4302,65520,65520,5305,2947
1687872696.4753368,od_135b,65520,65520,3984,2974,65520,65520,3110,2900,65520,65520,2364,4481,65520,65520,8568,2969
1687872697.508039,od_135b,65520,65520,3409,2896,65520,65520,3278,2587,65520,65520,2555,3793,65520,65520,5361,3726
1687872698.583876,od_135b,65520,65520,3542,2731,65520,65520,2995,2204,65520,65520,2692,4240,65520,65520,4302,2894
1687872699.6640618,od_135b,65520,65520,2828,2960,65520,65520,3174,2382,65520,65520,2812,3758,65520,65520,5041,2680
1687872700.7257817,od_135b,65520,65520,3372,2792,65520,65520,3057,2432,65520,65520,2752,4267,65520,65520,4812,3126
1687872701.773005,od_135b,65520,65520,3334,2636,65520,65520,3120,2646,65520,65520,2569,4676,65520,65520,4598,3403
1687872702.8892956,od_135b,65520,65520,3374,2870,65520,65520,3180,2468,65520,65520,2841,5737,65520,65520,6756,2596
1687872703.9450905,od_135b,65520,65520,3182,2817,65520,65520,3155,2766,65520,65520,2582,4145,65520,65520,4864,3267
1687872705.0214102,od_135b,65520,65520,2910,2811,65520,65520,3081,2108,65520,65520,2723,4510,65520,65520,4180,3126
1687872706.1875148,od_135b,65520,65520,3574,2755,65520,65520,3140,2099,65520,65520,2662,3217,65520,65520,5752,2948
1687872707.2173092,od_135b,65520,65520,3244,2523,65520,65520,3236,2569,65520,65520,2592,3494,65520,65520,7571,2822
1687872708.247223,od_135b,65520,65520,3164,2812,65520,65520,2707,2737,65520,65520,2830,3979,65520,65520,3678,2534
1687872709.4432821,od_135b,65520,65520,2950,2827,65520,65520,3097,2768,65520,65520,2851,4099,65520,65520,3628,3120
1687872710.477805,od_135b,65520,65520,2883,2902,65520,65520,3088,2809,65520,65520,2921,4027,65520,65520,5699,3219
1687872711.5513675,od_135b,65520,65520,3324,2670,65520,65520,3403,2134,65520,65520,2814,3905,65520,65520,5156,2961
1687872712.6874254,od_135b,65520,65520,3102,2625,65520,65520,3380,2500,65520,65520,2590,4211,65520,65520,4171,3428
1687872713.7195547,od_135b,65520,65520,3212,2870,65520,65520,3048,2432,65520,65520,2659,4193,65520,65520,3624,2942
1687872714.749945,od_135b,65520,65520,3156,3000,65520,65520,3139,2460,65520,65520,2787,3113,65520,65520,3590,2984
1687872715.8778503,od_135b,65520,65520,3136,2804,65520,65520,3204,2598,65520,65520,2633,4273,65520,65520,4323,2531
1687872716.9075286,od_135b,65520,65520,2849,2512,65520,65520,3500,2355,65520,65520,2704,3688,65520,65520,5057,3152
1687872717.9373102,od_135b,65520,65520,2992,2742,65520,65520,3344,2825,65520,65520,2494,3363,65520,65520,4564,2953
1687872718.9678767,od_135b,65520,65520,3235,2710,65520,65520,3203,2534,65520,65520,2617,3748,65520,65520,3508,2958
1687872719.9977086,od_135b,65520,65520,3272,2704,65520,65520,3024,2219,65520,65520,2716,3025,65520,65520,3948,3248
1687872721.0317879,od_135b,65520,65520,3308,2588,65520,65520,2996,2881,65520,65520,2776,3654,65520,65520,3691,2868
1687872722.0617287,od_135b,65520,65520,3152,2716,65520,65520,3179,2195,65520,65520,2769,3851,65520,65520,5406,3004
1687872723.091733,od_135b,65520,65520,3040,2686,65520,65520,2958,2660,65520,65520,2568,3273,65520,65520,3872,3059
1687872724.1213355,od_135b,65520,65520,2953,2688,65520,65520,3020,2363,65520,65520,2579,3230,65520,65520,3768,2731
1687872725.1510339,od_135b,65520,65520,2598,2852,65520,65520,2944,2721,65520,65520,2859,3401,65520,65520,3788,2939
1687872726.186083,od_135b,65520,65520,2998,2601,65520,65520,2603,3003,65520,65520,2481,2448,65520,65520,3307,3184
1687872727.2157469,od_135b,65520,65520,2876,2768,65520,65520,3243,2636,65520,65520,2814,3804,65520,65520,3768,2694
1687872728.2455118,od_135b,65520,65520,2636,2689,65520,65520,3406,2278,65520,65520,2624,3723,65520,65520,4070,2870
1687872729.275266,od_135b,65520,65520,2969,2704,65520,65520,3275,2633,65520,65520,2694,3057,65520,65520,4958,2612
1687872730.3060026,od_135b,65520,65520,2961,2683,65520,65520,3020,2580,65520,65520,2400,4230,65520,65520,3764,2648
1687872731.3401432,od_135b,65520,65520,3019,2707,65520,65520,3163,1718,65520,65520,2408,3876,65520,65520,3508,2278
1687872732.3698285,od_135b,65520,65520,2811,2753,65520,65520,2956,2462,65520,65520,2638,3139,65520,65520,3484,3008
1687872733.4010546,od_135b,65520,65520,3329,2430,65520,65520,2928,2321,65520,65520,2619,3246,65520,65520,3331,3331
1687872734.431079,od_135b,65520,65520,2880,2756,65520,65520,3128,2452,65520,65520,2779,3574,65520,65520,3384,2398
1687872735.4608045,od_135b,65520,65520,2985,2636,65520,65520,3100,2532,65520,65520,2515,3406,65520,65520,2905,3024
1687872736.4956567,od_135b,65520,65520,2601,2512,65520,65520,2736,2510,65520,65520,2529,3606,65520,65520,3702,2872
1687872737.525848,od_135b,65520,65520,2785,2715,65520,65520,3108,2644,65520,65520,2593,3918,65520,65520,3675,2825
1687872738.6297314,od_135b,65520,65520,2569,2712,65520,65520,3326,2913,65520,65520,2776,4048,65520,65520,3800,2648
1687872739.65952,od_135b,65520,65520,2657,2822,65520,65520,2964,2579,65520,65520,2627,3827,65520,65520,4339,2891
1687872740.6898181,od_135b,65520,65520,2724,2484,65520,65520,2507,2595,65520,65520,2790,3750,65520,65520,3499,2481
1687872741.7197416,od_135b,65520,65520,2564,2672,65520,65520,2640,2232,65520,65520,2852,3148,65520,65520,3396,2768
1687872742.750617,od_135b,65520,65520,2902,2587,65520,65520,2960,2408,65520,65520,2547,3556,65520,65520,4400,3043
1687872743.7802012,od_135b,65520,65520,2812,2702,65520,65520,2907,2721,65520,65520,2712,3820,65520,65520,3803,2892
1687872744.8098865,od_135b,65520,65520,2670,2916,65520,65520,2790,2569,65520,65520,2771,2905,65520,65520,3342,3760
1687872745.8396893,od_135b,65520,65520,2836,2446,65520,65520,2800,1976,65520,65520,2588,3478,65520,65520,2846,2507
1687872746.8753343,od_135b,65520,65520,1811,2268,65520,65520,3236,1836,65520,65520,2840,3534,65520,65520,2963,3043
1687872747.9050548,od_135b,65520,65520,2465,2657,65520,65520,3049,2321,65520,65520,2508,3033,65520,65520,2683,2907
1687872748.9349658,od_135b,65520,65520,2860,2328,65520,65520,3115,1462,65520,65520,2380,2801,65520,65520,2585,3000
1687872749.9655507,od_135b,65520,65520,2376,2715,65520,65520,3001,1593,65520,65520,2864,3300,65520,65520,3017,3545
1687872750.9955363,od_135b,65520,65520,2446,2200,65520,65520,2964,2232,65520,65520,2600,2592,65520,65520,3204,2748
1687872752.0294013,od_135b,65520,65520,2875,2766,65520,65520,3272,2912,65520,65520,2894,3438,65520,65520,2945,3251
1687872753.0592148,od_135b,65520,65520,2203,2446,65520,65520,3267,2297,65520,65520,2756,3513,65520,65520,2644,2729
1687872754.0897307,od_135b,65520,65520,2873,2606,65520,65520,2740,2376,65520,65520,2483,3472,65520,65520,2849,2737
1687872755.1195736,od_135b,65520,65520,2630,2352,65520,65520,3192,2291,65520,65520,2568,3108,65520,65520,2766,3128
1687872756.1492836,od_135b,65520,65520,2990,2329,65520,65520,3000,2499,65520,65520,2956,3548,65520,65520,2862,2896
1687872757.1814022,od_135b,65520,65520,3003,2644,65520,65520,2926,1956,65520,65520,2755,3422,65520,65520,3464,2337
1687872758.2122939,od_135b,65520,65520,2248,2364,65520,65520,2974,2617,65520,65520,2625,3449,65520,65520,3096,2748
1687872759.241927,od_135b,65520,65520,2230,2472,65520,65520,2843,2868,65520,65520,2579,3137,65520,65520,2993,2640
1687872760.2715797,od_135b,65520,65520,3144,2787,65520,65520,2899,2345,65520,65520,2564,4174,65520,65520,3203,3276
1687872761.3751168,od_135b,65520,65520,2497,2012,65520,65520,3068,2433,65520,65520,2780,3220,65520,65520,3494,3224
1687872762.4089618,od_135b,65520,65520,2464,2886,65520,65520,3142,2049,65520,65520,2718,3936,65520,65520,2892,3193
1687872763.4397905,od_135b,65520,65520,2899,2313,65520,65520,2529,2152,65520,65520,2608,3502,65520,65520,3302,2732
1687872764.46953,od_135b,65520,65520,2974,2300,65520,65520,2472,2627,65520,65520,2753,3057,65520,65520,2958,3089
1687872765.4995048,od_135b,65520,65520,2867,2486,65520,65520,3004,2438,65520,65520,2499,3094,65520,65520,3128,2985
1687872766.5297399,od_135b,65520,65520,2897,2089,65520,65520,2659,1768,65520,65520,2814,2776,65520,65520,3307,2321
1687872767.5620208,od_135b,65520,65520,2904,2454,65520,65520,2979,2444,65520,65520,2516,2657,65520,65520,3088,2660
1687872768.591817,od_135b,65520,65520,3004,2444,65520,65520,2630,2512,65520,65520,2476,3649,65520,65520,2971,2862
1687872769.6214557,od_135b,65520,65520,3004,2014,65520,65520,3200,2747,65520,65520,2684,2790,65520,65520,2131,2726
1687872770.652239,od_135b,65520,65520,3064,2158,65520,65520,2608,2304,65520,65520,2350,2681,65520,65520,3156,3104
1687872771.6822264,od_135b,65520,65520,2600,2484,65520,65520,2323,1854,65520,65520,2536,4139,65520,65520,3022,2843
1687872772.7120435,od_135b,65520,65520,2665,2652,65520,65520,3072,2521,65520,65520,2710,3318,65520,65520,2131,2939
1687872773.7418318,od_135b,65520,65520,2265,2542,65520,65520,2987,2862,65520,65520,2812,3726,65520,65520,3316,3067
1687872774.7758026,od_135b,65520,65520,2568,2472,65520,65520,3052,2152,65520,65520,2560,3395,65520,65520,3528,3004
1687872775.8053358,od_135b,65520,65520,3232,2262,65520,65520,2942,2795,65520,65520,2731,3444,65520,65520,2851,2281
1687872776.834982,od_135b,65520,65520,2712,2249,65520,65520,2867,2446,65520,65520,2787,3724,65520,65520,2955,3084
1687872777.8699389,od_135b,65520,65520,2371,2254,65520,65520,2841,2822,65520,65520,2396,3878,65520,65520,3096,3496
1687872778.9003813,od_135b,65520,65520,3241,2609,65520,65520,2694,2131,65520,65520,2659,3985,65520,65520,3520,3360
1687872779.92987,od_135b,65520,65520,2300,2336,65520,65520,2368,2684,65520,65520,2526,3840,65520,65520,3140,3064
1687872780.959577,od_135b,65520,65520,2932,2358,65520,65520,2144,2612,65520,65520,2644,3480,65520,65520,3332,2654
1687872781.9897764,od_135b,65520,65520,2731,2369,65520,65520,2985,2336,65520,65520,2852,3334,65520,65520,3435,2392
1687872783.0248406,od_135b,65520,65520,2992,1966,65520,65520,3121,2713,65520,65520,2737,3419,65520,65520,2705,3155
1687872784.1288147,od_135b,65520,65520,2872,1502,65520,65520,2817,2467,65520,65520,2907,3462,65520,65520,3217,2857
1687872785.159114,od_135b,65520,65520,1864,2619,65520,65520,2598,2758,65520,65520,2601,2862,65520,65520,3252,3001
1687872786.1886475,od_135b,65520,65520,3009,2438,65520,65520,1920,1606,65520,65520,2420,2209,65520,65520,3307,2480
1687872787.219367,od_135b,65520,65520,2801,2697,65520,65520,2192,2564,65520,65520,2531,2627,65520,65520,2950,2646
1687872788.2536573,od_135b,65520,65520,2811,2040,65520,65520,2932,2267,65520,65520,2865,2625,65520,65520,3390,3200
1687872789.2833285,od_135b,65520,65520,3038,2446,65520,65520,2684,2412,65520,65520,2312,3156,65520,65520,3382,2563
1687872790.3135078,od_135b,65520,65520,2089,2595,65520,65520,2209,2414,65520,65520,2659,3096,65520,65520,3395,2116
1687872791.3443015,od_135b,65520,65520,2867,2297,65520,65520,3190,1640,65520,65520,2550,3265,65520,65520,2593,2969
1687872792.3746784,od_135b,65520,65520,2990,1862,65520,65520,2217,2388,65520,65520,2484,3110,65520,65520,3121,2552
1687872793.4071748,od_135b,65520,65520,2547,2316,65520,65520,3059,1619,65520,65520,2686,2707,65520,65520,2966,2336
1687872794.4377832,od_135b,65520,65520,1878,2576,65520,65520,2795,1900,65520,65520,2771,3777,65520,65520,3532,2888
1687872795.4676406,od_135b,65520,65520,2606,2177,65520,65520,2723,2457,65520,65520,2499,3147,65520,65520,2910,2468
1687872796.4972253,od_135b,65520,65520,2852,2446,65520,65520,2793,2043,65520,65520,2555,2976,65520,65520,3363,2708
1687872797.527438,od_135b,65520,65520,2200,2524,65520,65520,2977,2662,65520,65520,2737,3697,65520,65520,3008,2438
1687872798.5617304,od_135b,65520,65520,2883,2168,65520,65520,2232,2507,65520,65520,2532,2808,65520,65520,2152,2705
1687872799.5915554,od_135b,65520,65520,2812,2403,65520,65520,3302,2764,65520,65520,2774,3313,65520,65520,2478,2283
1687872800.62152,od_135b,65520,65520,2742,2617,65520,65520,2395,2945,65520,65520,2830,2819,65520,65520,3025,3081
1687872801.6512544,od_135b,65520,65520,2740,1731,65520,65520,2576,2702,65520,65520,2864,3219,65520,65520,3476,3155
1687872802.6819632,od_135b,65520,65520,2688,2171,65520,65520,2825,2672,65520,65520,2668,3444,65520,65520,3326,3001
1687872803.7137527,od_135b,65520,65520,3036,1838,65520,65520,2904,3049,65520,65520,2678,3473,65520,65520,3707,2988
1687872804.7434661,od_135b,65520,65520,2675,1707,65520,65520,3241,2329,65520,65520,2984,3816,65520,65520,2556,2524
1687872805.773358,od_135b,65520,65520,2787,2601,65520,65520,2838,2963,65520,65520,2465,2928,65520,65520,2571,2840
1687872806.875313,od_135b,65520,65520,3136,2016,65520,65520,2729,2358,65520,65520,2678,2256,65520,65520,2547,2793
1687872807.9061904,od_135b,65520,65520,2576,2665,65520,65520,2955,2585,65520,65520,2633,3560,65520,65520,2833,2374
1687872808.9405448,od_135b,65520,65520,2388,2419,65520,65520,2691,1688,65520,65520,2432,2996,65520,65520,3043,2825
1687872809.970122,od_135b,65520,65520,2843,1782,65520,65520,2948,2744,65520,65520,2716,3686,65520,65520,2051,3286
1687872811.000607,od_135b,65520,65520,2897,2534,65520,65520,2611,2561,65520,65520,2710,3270,65520,65520,1856,2052
1687872812.0305617,od_135b,65520,65520,2780,2033,65520,65520,2854,2940,65520,65520,2948,2713,65520,65520,2710,2416
1687872813.0601068,od_135b,65520,65520,2657,1902,65520,65520,3001,1928,65520,65520,2716,3364,65520,65520,3072,2739
1687872814.093926,od_135b,65520,65520,2803,2134,65520,65520,2724,2556,65520,65520,2753,2622,65520,65520,3054,2697
1687872815.124514,od_135b,65520,65520,2737,2424,65520,65520,2630,2206,65520,65520,2504,2310,65520,65520,2884,3070
1687872816.154276,od_135b,65520,65520,2848,2361,65520,65520,2990,2809,65520,65520,2500,3452,65520,65520,2635,3403
1687872817.1841357,od_135b,65520,65520,2411,2440,65520,65520,3176,2907,65520,65520,2622,2961,65520,65520,2276,2712
1687872818.2155306,od_135b,65520,65520,2024,2512,65520,65520,2248,2728,65520,65520,2824,3056,65520,65520,3027,3120
1687872819.2513776,od_135b,65520,65520,2902,2232,65520,65520,2596,2998,65520,65520,2417,2886,65520,65520,1758,3201
1687872820.281075,od_135b,65520,65520,2416,2371,65520,65520,2856,2697,65520,65520,2625,2891,65520,65520,2105,2742
1687872821.3152301,od_135b,65520,65520,2504,2313,65520,65520,2923,3284,65520,65520,2436,3187,65520,65520,1812,2496
1687872822.3457344,od_135b,65520,65520,3395,2064,65520,65520,2544,3192,65520,65520,2705,3264,65520,65520,2768,2726
1687872823.3757074,od_135b,65520,65520,2219,2488,65520,65520,2240,2696,65520,65520,2857,2801,65520,65520,2888,3019
1687872824.408053,od_135b,65520,65520,2617,2307,65520,65520,2665,2675,65520,65520,2379,3174,65520,65520,2908,2987
1687872825.4377983,od_135b,65520,65520,1968,2137,65520,65520,3104,2955,65520,65520,2667,2448,65520,65520,2888,2980
1687872826.4685209,od_135b,65520,65520,2478,1948,65520,65520,2598,2638,65520,65520,2569,3958,65520,65520,1905,3084
1687872827.4980917,od_135b,65520,65520,2131,2377,65520,65520,2044,2268,65520,65520,2931,3276,65520,65520,3040,2937
1687872828.5283246,od_135b,65520,65520,3084,2430,65520,65520,2617,1704,65520,65520,2624,2916,65520,65520,2164,3384
1687872829.6288292,od_135b,65520,65520,2867,2515,65520,65520,2808,2409,65520,65520,2609,2283,65520,65520,1779,3156
1687872830.65864,od_135b,65520,65520,1963,2011,65520,65520,2595,2459,65520,65520,2494,2956,65520,65520,2156,3073
1687872831.6893306,od_135b,65520,65520,2233,2174,65520,65520,2940,2787,65520,65520,2748,3148,65520,65520,1820,2894
1687872832.7190967,od_135b,65520,65520,2100,1758,65520,65520,2580,2748,65520,65520,2196,2300,65520,65520,2100,3132
1687872833.7487562,od_135b,65520,65520,2164,1929,65520,65520,2708,2422,65520,65520,2459,2785,65520,65520,1760,2414
1687872834.7826998,od_135b,65520,65520,2792,1961,65520,65520,3065,3081,65520,65520,2659,3360,65520,65520,2368,2769
1687872835.8126924,od_135b,65520,65520,2696,1888,65520,65520,2715,2564,65520,65520,2856,2139,65520,65520,2217,2729
1687872836.842285,od_135b,65520,65520,1798,2438,65520,65520,2193,3094,65520,65520,2790,2651,65520,65520,2172,3120
1687872837.8745832,od_135b,65520,65520,1550,2254,65520,65520,3046,3129,65520,65520,2742,3560,65520,65520,2008,2742
1687872838.9051588,od_135b,65520,65520,2708,1912,65520,65520,2620,2553,65520,65520,2684,3782,65520,65520,2952,2889
1687872839.9375372,od_135b,65520,65520,2688,1934,65520,65520,2532,2955,65520,65520,2923,2483,65520,65520,2825,2662
1687872840.9674997,od_135b,65520,65520,2926,2081,65520,65520,2496,2072,65520,65520,2656,3044,65520,65520,2625,2497
1687872841.997006,od_135b,65520,65520,2227,1675,65520,65520,3020,2798,65520,65520,2708,3360,65520,65520,2416,2516
1687872843.0280943,od_135b,65520,65520,2416,1790,65520,65520,2606,2984,65520,65520,2600,2782,65520,65520,2040,2780
1687872844.057794,od_135b,65520,65520,2715,2302,65520,65520,3012,2748,65520,65520,2860,3155,65520,65520,2379,3009
1687872845.0923069,od_135b,65520,65520,2003,2580,65520,65520,2190,2928,65520,65520,2884,2971,65520,65520,2342,3204
1687872846.1221347,od_135b,65520,65520,2764,2337,65520,65520,1998,2756,65520,65520,2566,2792,65520,65520,2302,2820
1687872847.1526139,od_135b,65520,65520,2705,2398,65520,65520,2704,3028,65520,65520,2731,3161,65520,65520,2928,3027
1687872848.1822493,od_135b,65520,65520,1793,2116,65520,65520,2918,2676,65520,65520,2598,3169,65520,65520,1585,3251
1687872849.2119994,od_135b,65520,65520,2088,1440,65520,65520,2936,2988,65520,65520,2771,2700,65520,65520,2192,2908
1687872850.2470174,od_135b,65520,65520,2502,1763,65520,65520,2342,2617,65520,65520,2611,2819,65520,65520,2200,2608
1687872851.2768416,od_135b,65520,65520,2737,2139,65520,65520,3019,3009,65520,65520,2704,3121,65520,65520,2507,3572
1687872852.3766017,od_135b,65520,65520,2803,1539,65520,65520,2387,1694,65520,65520,2641,3564,65520,65520,2398,2542
1687872853.4104402,od_135b,65520,65520,2921,2336,65520,65520,2016,1435,65520,65520,2460,3251,65520,65520,2899,2248
1687872854.4401257,od_135b,65520,65520,1627,2446,65520,65520,2560,2328,65520,65520,2561,3043,65520,65520,1958,3003
1687872855.4769356,od_135b,65520,65520,3020,2164,65520,65520,2022,1795,65520,65520,2683,2777,65520,65520,3281,2782
1687872856.5065818,od_135b,65520,65520,2044,1817,65520,65520,2777,1992,65520,65520,2664,3060,65520,65520,2016,2809
1687872857.5361466,od_135b,65520,65520,2481,2411,65520,65520,2262,2657,65520,65520,2747,2924,65520,65520,2891,2980
1687872858.5657206,od_135b,65520,65520,1904,2284,65520,65520,2742,2427,65520,65520,2700,2963,65520,65520,1859,3382
1687872859.5965376,od_135b,65520,65520,2470,2392,65520,65520,2481,2604,65520,65520,2880,3003,65520,65520,3147,2958
1687872860.644081,od_135b,65520,65520,3212,2294,65520,65520,2044,2644,65520,65520,2740,3027,65520,65520,2275,2556
1687872861.6737928,od_135b,65520,65520,2040,1691,65520,65520,2054,2556,65520,65520,2612,2556,65520,65520,1779,2553
1687872862.704615,od_135b,65520,65520,1958,2070,65520,65520,2987,2633,65520,65520,2416,3257,65520,65520,3078,3329
1687872863.7341187,od_135b,65520,65520,2342,2299,65520,65520,2889,2584,65520,65520,2688,2358,65520,65520,1804,2841
1687872864.7637708,od_135b,65520,65520,2772,2251,65520,65520,2321,2206,65520,65520,2907,2022,65520,65520,2169,2496
1687872865.79776,od_135b,65520,65520,2091,2499,65520,65520,2161,2019,65520,65520,2731,2665,65520,65520,1856,2828
1687872866.8275762,od_135b,65520,65520,1992,2099,65520,65520,2780,2731,65520,65520,2697,3332,65520,65520,1931,2931
1687872867.857116,od_135b,65520,65520,2508,1905,65520,65520,2168,2664,65520,65520,2552,2787,65520,65520,2678,2648
1687872868.886874,od_135b,65520,65520,1707,2097,65520,65520,2446,2942,65520,65520,2467,3555,65520,65520,2636,3123
1687872869.9175482,od_135b,65520,65520,3003,2505,65520,65520,2001,2422,65520,65520,2940,2566,65520,65520,2424,2633
1687872870.9545062,od_135b,65520,65520,2321,2235,65520,65520,2307,2408,65520,65520,2443,2865,65520,65520,2840,2622
1687872871.9843779,od_135b,65520,65520,2568,2326,65520,65520,2945,2350,65520,65520,2872,2508,65520,65520,2388,2915
1687872873.0139706,od_135b,65520,65520,3035,2425,65520,65520,2491,1934,65520,65520,2771,3204,65520,65520,2544,3161
1687872874.045328,od_135b,65520,65520,2694,2222,65520,65520,1328,1764,65520,65520,2760,3468,65520,65520,1731,2448
1687872875.1247993,od_135b,65520,65520,2600,2123,65520,65520,2329,1875,65520,65520,2689,3305,65520,65520,2048,2979
1687872876.160608,od_135b,65520,65520,2080,1902,65520,65520,2956,2142,65520,65520,2792,2840,65520,65520,2174,3081
1687872877.19041,od_135b,65520,65520,2121,1806,65520,65520,2476,2334,65520,65520,2841,3177,65520,65520,1772,2752
1687872878.2202241,od_135b,65520,65520,1699,2241,65520,65520,2104,1920,65520,65520,1969,3785,65520,65520,1820,2460
1687872879.2505152,od_135b,65520,65520,1515,1884,65520,65520,2966,2318,65520,65520,2835,3419,65520,65520,2641,2603
1687872880.2810376,od_135b,65520,65520,1926,2123,65520,65520,2152,1734,65520,65520,2726,3220,65520,65520,2153,2686
1687872881.316149,od_135b,65520,65520,1835,2374,65520,65520,2676,1649,65520,65520,2804,3870,65520,65520,2040,3323
1687872882.3460004,od_135b,65520,65520,3059,2372,65520,65520,2772,2324,65520,65520,2710,2940,65520,65520,2792,3449
1687872883.3767521,od_135b,65520,65520,2076,2206,65520,65520,2187,1908,65520,65520,2616,2585,65520,65520,3033,2880
1687872884.4065163,od_135b,65520,65520,3044,2064,65520,65520,2412,1867,65520,65520,2552,3321,65520,65520,2299,2707
1687872885.4361792,od_135b,65520,65520,2040,1750,65520,65520,2001,2971,65520,65520,2590,3516,65520,65520,1657,2344
1687872886.4700344,od_135b,65520,65520,2880,2395,65520,65520,2456,2556,65520,65520,2862,3041,65520,65520,1689,2947
1687872887.5007408,od_135b,65520,65520,2491,1865,65520,65520,2844,2564,65520,65520,2800,3236,65520,65520,3033,2974
1687872888.530458,od_135b,65520,65520,2812,2284,65520,65520,2784,2148,65520,65520,2697,2886,65520,65520,1459,2579
1687872889.5601158,od_135b,65520,65520,2972,2220,65520,65520,2740,2684,65520,65520,2712,2832,65520,65520,2404,2766
1687872890.5897274,od_135b,65520,65520,2752,2406,65520,65520,2112,2193,65520,65520,2569,2921,65520,65520,1931,3171
1687872891.6252577,od_135b,65520,65520,2929,2644,65520,65520,2769,2505,65520,65520,2796,2624,65520,65520,2588,2768
1687872892.6556072,od_135b,65520,65520,3102,2534,65520,65520,2128,2761,65520,65520,2918,2528,65520,65520,2040,2182
1687872893.6858575,od_135b,65520,65520,2508,1982,65520,65520,2948,2427,65520,65520,2713,2918,65520,65520,3179,2748
1687872894.7169774,od_135b,65520,65520,2868,2262,65520,65520,3008,2638,65520,65520,2776,3041,65520,65520,2195,3337
1687872895.746441,od_135b,65520,65520,2875,1988,65520,65520,2772,2860,65520,65520,2662,2713,65520,65520,2636,3115
1687872896.7781477,od_135b,65520,65520,2038,1865,65520,65520,2209,2633,65520,65520,2614,2944,65520,65520,2406,2496
1687872897.8737483,od_135b,65520,65520,2268,2012,65520,65520,2140,2728,65520,65520,2750,2512,65520,65520,2364,2612
1687872898.9038837,od_135b,65520,65520,2030,1875,65520,65520,2708,2760,65520,65520,2515,2073,65520,65520,2072,3198
1687872899.9337351,od_135b,65520,65520,2212,2065,65520,65520,2678,1737,65520,65520,2576,1742,65520,65520,2947,3612
1687872900.9643009,od_135b,65520,65520,3065,2302,65520,65520,2712,2528,65520,65520,2668,2779,65520,65520,2860,3243
1687872901.9984376,od_135b,65520,65520,3011,1648,65520,65520,2689,2756,65520,65520,2819,2587,65520,65520,2478,2318
1687872903.028144,od_135b,65520,65520,1894,2011,65520,65520,2590,2283,65520,65520,2780,1998,65520,65520,2227,2729
1687872904.0591,od_135b,65520,65520,2396,1900,65520,65520,2676,3028,65520,65520,2784,2972,65520,65520,2532,2772
1687872905.0888472,od_135b,65520,65520,2918,2310,65520,65520,2294,2747,65520,65520,2601,3275,65520,65520,3169,2654
1687872906.118491,od_135b,65520,65520,2249,2145,65520,65520,2099,1673,65520,65520,2579,2889,65520,65520,1932,2961
1687872907.1531763,od_135b,65520,65520,2788,1716,65520,65520,2888,2182,65520,65520,2868,3083,65520,65520,2593,2995
1687872908.1838896,od_135b,65520,65520,2171,1734,65520,65520,1873,2504,65520,65520,2875,2310,65520,65520,1758,2211
1687872909.2135456,od_135b,65520,65520,2646,2380,65520,65520,2656,1809,65520,65520,2937,1694,65520,65520,1961,3070
1687872910.2432597,od_135b,65520,65520,2923,2534,65520,65520,2080,2758,65520,65520,2732,2521,65520,65520,2556,2872
1687872911.2741623,od_135b,65520,65520,2654,1574,65520,65520,2956,2504,65520,65520,2744,3454,65520,65520,3176,2728
1687872912.3093698,od_135b,65520,65520,2120,2355,65520,65520,2628,2699,65520,65520,2665,2011,65520,65520,2608,3704
1687872913.3396661,od_135b,65520,65520,2592,2105,65520,65520,2598,2795,65520,65520,2715,2848,65520,65520,1971,3364
1687872914.3693612,od_135b,65520,65520,2800,2115,65520,65520,2508,3395,65520,65520,2835,3132,65520,65520,2521,2532
1687872915.400129,od_135b,65520,65520,2572,1769,65520,65520,2089,2824,65520,65520,2686,3158,65520,65520,2416,3126
1687872916.429936,od_135b,65520,65520,2508,1684,65520,65520,2129,2688,65520,65520,2732,2675,65520,65520,3196,3062
1687872917.4646697,od_135b,65520,65520,2928,1440,65520,65520,2720,3283,65520,65520,2598,2473,65520,65520,2177,3081
1687872918.494288,od_135b,65520,65520,3051,1881,65520,65520,2902,2872,65520,65520,2867,2908,65520,65520,2107,2398
1687872919.525057,od_135b,65520,65520,2257,2355,65520,65520,2691,2292,65520,65520,2704,2542,65520,65520,1900,2897
1687872920.6315684,od_135b,65520,65520,1792,2020,65520,65520,2516,2467,65520,65520,2833,2481,65520,65520,2227,3038
1687872921.6614535,od_135b,65520,65520,2096,1993,65520,65520,2166,1985,65520,65520,2705,2616,65520,65520,3192,2921
1687872922.6913164,od_135b,65520,65520,2227,2342,65520,65520,2976,2651,65520,65520,2739,2480,65520,65520,2880,2809
1687872923.7215912,od_135b,65520,65520,1796,2046,65520,65520,2185,2580,65520,65520,2680,2036,65520,65520,2638,2966
1687872924.7524064,od_135b,65520,65520,3025,2200,65520,65520,2684,2318,65520,65520,2460,2632,65520,65520,3318,2460
1687872925.7819853,od_135b,65520,65520,2592,2246,65520,65520,2742,2252,65520,65520,2675,2956,65520,65520,2176,3044
1687872926.8115966,od_135b,65520,65520,2768,2105,65520,65520,2561,3024,65520,65520,2636,2921,65520,65520,2272,3297
1687872927.8471017,od_135b,65520,65520,2246,2081,65520,65520,2115,2732,65520,65520,2662,3129,65520,65520,2264,2862
1687872928.8770936,od_135b,65520,65520,2230,2564,65520,65520,3067,2004,65520,65520,2955,2356,65520,65520,2268,2692
1687872929.9065819,od_135b,65520,65520,2728,1744,65520,65520,2640,2736,65520,65520,2835,2792,65520,65520,2780,2718
1687872930.9363399,od_135b,65520,65520,2318,1929,65520,65520,2004,2409,65520,65520,2569,2528,65520,65520,2936,3056
1687872931.967064,od_135b,65520,65520,2600,1934,65520,65520,2121,3169,65520,65520,2809,3113,65520,65520,2723,3545
1687872932.9995022,od_135b,65520,65520,2414,1761,65520,65520,2408,2897,65520,65520,2822,2129,65520,65520,2084,3257
1687872934.0294702,od_135b,65520,65520,2176,2363,65520,65520,2897,3052,65520,65520,2848,2233,65520,65520,2057,2673
1687872935.0593283,od_135b,65520,65520,2603,2369,65520,65520,2496,2768,65520,65520,2563,2844,65520,65520,2747,3249
1687872936.0899203,od_135b,65520,65520,2750,2529,65520,65520,2470,2849,65520,65520,2716,3028,65520,65520,2753,2843
1687872937.11982,od_135b,65520,65520,2931,2195,65520,65520,2905,3076,65520,65520,2822,3760,65520,65520,2574,2920
1687872938.1536012,od_135b,65520,65520,1737,2249,65520,65520,2550,2785,65520,65520,2806,2355,65520,65520,1852,2572
1687872939.183765,od_135b,65520,65520,2142,1390,65520,65520,2171,3180,65520,65520,2547,3043,65520,65520,2222,2539
1687872940.214639,od_135b,65520,65520,2294,1964,65520,65520,2659,2848,65520,65520,2644,2112,65520,65520,2481,2742
1687872941.2442732,od_135b,65520,65520,2452,2126,65520,65520,1974,2460,65520,65520,2515,2820,65520,65520,1910,2795
1687872942.2738628,od_135b,65520,65520,2080,2060,65520,65520,2492,2283,65520,65520,3064,2040,65520,65520,2384,3068
1687872943.3799577,od_135b,65520,65520,2768,2316,65520,65520,1692,2817,65520,65520,2688,2379,65520,65520,2723,2896
1687872944.4097328,od_135b,65520,65520,2278,2284,65520,65520,2800,1900,65520,65520,2883,3246,65520,65520,2763,2528
1687872945.439496,od_135b,65520,65520,2129,2505,65520,65520,2088,2406,65520,65520,2496,2920,65520,65520,2814,2340
1687872946.469205,od_135b,65520,65520,1692,2267,65520,65520,2027,2662,65520,65520,2348,2057,65520,65520,3083,3190
1687872947.4989772,od_135b,65520,65520,2995,2492,65520,65520,2355,2148,65520,65520,2873,2120,65520,65520,3718,3027
1687872948.5340035,od_135b,65520,65520,2008,2153,65520,65520,1657,2817,65520,65520,2793,3345,65520,65520,1652,2740
1687872949.563793,od_135b,65520,65520,2904,2305,65520,65520,2492,2510,65520,65520,2473,2072,65520,65520,3046,2265
1687872950.5940375,od_135b,65520,65520,2928,2564,65520,65520,1924,2577,65520,65520,2769,3152,65520,65520,2022,2382
1687872951.6237266,od_135b,65520,65520,3203,2206,65520,65520,2860,2416,65520,65520,2659,2187,65520,65520,2412,2401
1687872952.654425,od_135b,65520,65520,2476,2489,65520,65520,2206,2316,65520,65520,2587,2491,65520,65520,3320,3172
1687872953.6841502,od_135b,65520,65520,3022,1790,65520,65520,2784,2625,65520,65520,2572,3169,65520,65520,2656,3048
1687872954.7137828,od_135b,65520,65520,2635,2012,65520,65520,2880,2656,65520,65520,2793,2017,65520,65520,2966,2939
1687872955.7435899,od_135b,65520,65520,2355,1747,65520,65520,2356,1964,65520,65520,2491,1942,65520,65520,1921,2758
1687872956.7751038,od_135b,65520,65520,1971,1929,65520,65520,2228,2819,65520,65520,2984,2940,65520,65520,2497,2756
1687872957.8049543,od_135b,65520,65520,2420,1734,65520,65520,2254,2782,65520,65520,2718,3217,65520,65520,2656,2363
1687872958.8387046,od_135b,65520,65520,2617,2035,65520,65520,2550,2171,65520,65520,2678,3435,65520,65520,2009,2902
1687872959.869334,od_135b,65520,65520,1888,2219,65520,65520,2252,2729,65520,65520,2704,1812,65520,65520,2424,2449
1687872960.8993459,od_135b,65520,65520,2387,2164,65520,65520,2259,2644,65520,65520,2574,2611,65520,65520,2393,2339
1687872961.9290276,od_135b,65520,65520,3064,1819,65520,65520,1872,2436,65520,65520,2972,2844,65520,65520,1793,2673
1687872962.958666,od_135b,65520,65520,3009,1792,65520,65520,1977,2563,65520,65520,2590,2921,65520,65520,1953,2819
1687872963.9946845,od_135b,65520,65520,2651,1905,65520,65520,1672,2574,65520,65520,2921,1875,65520,65520,1491,2800
1687872965.024507,od_135b,65520,65520,2196,2004,65520,65520,1649,2892,65520,65520,2665,2276,65520,65520,2171,2336
1687872966.1265938,od_135b,65520,65520,2566,2393,65520,65520,2036,2756,65520,65520,2862,2766,65520,65520,2816,2865
1687872967.1562388,od_135b,65520,65520,2742,2108,65520,65520,1892,2792,65520,65520,2492,2846,65520,65520,3364,2174
1687872968.1859407,od_135b,65520,65520,2040,1918,65520,65520,2635,2334,65520,65520,2921,2420,65520,65520,2289,2824
1687872969.2208204,od_135b,65520,65520,2652,1950,65520,65520,2387,1673,65520,65520,2924,2993,65520,65520,2828,2644
1687872970.250662,od_135b,65520,65520,2900,2518,65520,65520,2232,2192,65520,65520,2484,1710,65520,65520,2464,3008
1687872971.280402,od_135b,65520,65520,2379,1972,65520,65520,1872,2216,65520,65520,2512,3016,65520,65520,3004,2641
1687872972.311712,od_135b,65520,65520,3172,1998,65520,65520,2435,2396,65520,65520,2824,1812,65520,65520,2192,2761
1687872973.3793657,od_135b,65520,65520,2256,2396,65520,65520,2779,2649,65520,65520,2824,2446,65520,65520,3148,2580
1687872974.413773,od_135b,65520,65520,2884,1819,65520,65520,2588,3198,65520,65520,2686,2760,65520,65520,2803,3283
1687872975.4436953,od_135b,65520,65520,2563,2340,65520,65520,2600,2547,65520,65520,2649,3329,65520,65520,3241,2652
1687872976.4733546,od_135b,65520,65520,1977,1707,65520,65520,1782,2606,65520,65520,2686,2366,65520,65520,3000,2801
1687872977.5030599,od_135b,65520,65520,2862,1553,65520,65520,1899,1825,65520,65520,2846,2528,65520,65520,2761,3065
1687872978.5335953,od_135b,65520,65520,2374,2094,65520,65520,2579,2708,65520,65520,2721,1904,65520,65520,2792,2748
1687872979.5660028,od_135b,65520,65520,3052,2324,65520,65520,1870,2377,65520,65520,2854,3068,65520,65520,2168,2532
1687872980.5957932,od_135b,65520,65520,2182,2065,65520,65520,1780,2737,65520,65520,2684,2688,65520,65520,3100,2270
1687872981.6256013,od_135b,65520,65520,2892,1912,65520,65520,2209,2814,65520,65520,2747,2422,65520,65520,2796,2840
1687872982.6563842,od_135b,65520,65520,2532,2454,65520,65520,2708,1936,65520,65520,2700,2939,65520,65520,3078,2974
1687872983.6863832,od_135b,65520,65520,2896,1555,65520,65520,1835,2736,65520,65520,2808,1672,65520,65520,2873,2715
1687872984.7184548,od_135b,65520,65520,2600,2273,65520,65520,2304,2804,65520,65520,2612,1908,65520,65520,2158,2566
1687872985.748194,od_135b,65520,65520,3017,2385,65520,65520,2816,2539,65520,65520,2296,2184,65520,65520,3124,2856
1687872986.7789915,od_135b,65520,65520,2832,2105,65520,65520,1996,2209,65520,65520,2792,2976,65520,65520,2892,2995
1687872987.8087218,od_135b,65520,65520,2339,2083,65520,65520,2056,1705,65520,65520,2478,2576,65520,65520,3292,2883
1687872988.8772798,od_135b,65520,65520,2454,1995,65520,65520,1672,2908,65520,65520,2889,3158,65520,65520,2510,3718
1687872989.910307,od_135b,65520,65520,2510,2350,65520,65520,2934,2140,65520,65520,2726,2780,65520,65520,3064,2809
1687872990.9399183,od_135b,65520,65520,2563,2304,65520,65520,2240,2771,65520,65520,2480,2148,65520,65520,3056,2473
1687872991.9697115,od_135b,65520,65520,2044,1840,65520,65520,2150,2555,65520,65520,2691,2923,65520,65520,3278,2955
1687872993.0071847,od_135b,65520,65520,2816,2044,65520,65520,2233,2907,65520,65520,2664,3568,65520,65520,3257,3068
1687872994.037397,od_135b,65520,65520,2668,1731,65520,65520,2486,2337,65520,65520,2777,2779,65520,65520,2755,2838
1687872995.0702045,od_135b,65520,65520,2219,2214,65520,65520,2340,2547,65520,65520,2886,3348,65520,65520,3241,2427
1687872996.101205,od_135b,65520,65520,2288,2619,65520,65520,2273,1801,65520,65520,2888,2428,65520,65520,3004,2628
1687872997.1311462,od_135b,65520,65520,1804,1715,65520,65520,2312,2881,65520,65520,2641,2795,65520,65520,3267,2996
1687872998.160977,od_135b,65520,65520,2641,2640,65520,65520,2316,2444,65520,65520,2841,2396,65520,65520,3472,2816
1687872999.1907003,od_135b,65520,65520,2944,2219,65520,65520,1976,2836,65520,65520,2961,2467,65520,65520,3291,2921
1687873000.2244616,od_135b,65520,65520,2024,1648,65520,65520,2361,1708,65520,65520,2700,3187,65520,65520,2696,2667
1687873001.2544825,od_135b,65520,65520,2326,2051,65520,65520,3072,2249,65520,65520,2588,2646,65520,65520,2763,2880
1687873002.2843492,od_135b,65520,65520,2888,2224,65520,65520,2504,2308,65520,65520,2833,2713,65520,65520,2736,2321
1687873003.3146436,od_135b,65520,65520,1864,2022,65520,65520,1950,2489,65520,65520,2555,2510,65520,65520,2907,3238
1687873004.3455386,od_135b,65520,65520,2180,2385,65520,65520,2566,2286,65520,65520,2564,3080,65520,65520,3160,2870
1687873005.4108355,od_135b,65520,65520,2790,1790,65520,65520,2440,2755,65520,65520,2483,2452,65520,65520,2049,2283
1687873006.4417906,od_135b,65520,65520,2872,2432,65520,65520,2419,2105,65520,65520,2660,2907,65520,65520,2038,2768
1687873007.4717147,od_135b,65520,65520,2496,2188,65520,65520,1854,2692,65520,65520,2646,2448,65520,65520,2115,2904
1687873008.5014787,od_135b,65520,65520,1908,1812,65520,65520,1795,2473,65520,65520,2612,3217,65520,65520,2652,2742
1687873009.5311453,od_135b,65520,65520,2417,2139,65520,65520,2174,2678,65520,65520,2587,2723,65520,65520,1908,2809
1687873010.5658908,od_135b,65520,65520,2649,2430,65520,65520,2444,1889,65520,65520,2700,2030,65520,65520,2608,3393
1687873011.625693,od_135b,65520,65520,3000,2454,65520,65520,1643,2592,65520,65520,2827,2604,65520,65520,2644,3340
1687873012.65543,od_135b,65520,65520,2257,1854,65520,65520,2508,2648,65520,65520,2524,1784,65520,65520,2136,3689
1687873013.6862924,od_135b,65520,65520,2929,2294,65520,65520,2070,2376,65520,65520,2664,2096,65520,65520,2188,3691
1687873014.7160769,od_135b,65520,65520,2028,1956,65520,65520,1801,2660,65520,65520,2744,2164,65520,65520,3156,3169
1687873015.74818,od_135b,65520,65520,2520,2544,65520,65520,2841,2484,65520,65520,2772,2457,65520,65520,2080,2811
1687873016.777768,od_135b,65520,65520,2732,2366,65520,65520,2036,2657,65520,65520,3036,2571,65520,65520,2656,3228
1687873017.8075547,od_135b,65520,65520,1662,2420,65520,65520,2347,2654,65520,65520,2732,2780,65520,65520,2144,3334
1687873018.8371413,od_135b,65520,65520,2603,2465,65520,65520,1979,2902,65520,65520,2571,2948,65520,65520,2852,3232
1687873019.867493,od_135b,65520,65520,2985,2272,65520,65520,1964,1907,65520,65520,2414,3116,65520,65520,3163,2528
1687873020.9017248,od_135b,65520,65520,2324,2209,65520,65520,1747,2732,65520,65520,3033,2313,65520,65520,3185,3662
1687873021.9315798,od_135b,65520,65520,3056,2134,65520,65520,1993,2649,65520,65520,2707,2158,65520,65520,3126,2876
1687873022.9611397,od_135b,65520,65520,2368,2017,65520,65520,1993,2756,65520,65520,2654,2272,65520,65520,3321,2500
1687873023.9910562,od_135b,65520,65520,2635,2116,65520,65520,2054,2854,65520,65520,2454,3209,65520,65520,3483,2880
1687873025.0220826,od_135b,65520,65520,2950,1704,65520,65520,2118,2772,65520,65520,2736,1971,65520,65520,2358,2972
1687873026.0568457,od_135b,65520,65520,2926,2438,65520,65520,2491,1609,65520,65520,2806,2756,65520,65520,2032,2784
1687873027.0866604,od_135b,65520,65520,2971,1929,65520,65520,2772,2387,65520,65520,2924,3214,65520,65520,1923,2768
1687873028.117066,od_135b,65520,65520,2910,2294,65520,65520,1873,2360,65520,65520,2584,3363,65520,65520,2153,2873
1687873029.1475384,od_135b,65520,65520,1768,2212,65520,65520,2536,2960,65520,65520,2886,2537,65520,65520,1923,3392
1687873030.1774495,od_135b,65520,65520,2201,2272,65520,65520,2424,2361,65520,65520,2772,3411,65520,65520,2840,2670
1687873031.2117045,od_135b,65520,65520,2740,2492,65520,65520,2328,2793,65520,65520,2657,2691,65520,65520,3377,3360
1687873032.24183,od_135b,65520,65520,2502,2347,65520,65520,2225,1800,65520,65520,2600,2182,65520,65520,3459,2960
1687873033.2893286,od_135b,65520,65520,3136,2083,65520,65520,2297,1670,65520,65520,2779,2368,65520,65520,3296,2630
1687873034.3774648,od_135b,65520,65520,1796,2588,65520,65520,2064,2507,65520,65520,2865,3224,65520,65520,2590,2163
1687873035.4071481,od_135b,65520,65520,2707,2366,65520,65520,2772,2936,65520,65520,2720,3248,65520,65520,2980,3326
1687873036.4419022,od_135b,65520,65520,3086,2241,65520,65520,2105,2150,65520,65520,2726,3009,65520,65520,3163,2430
1687873037.4729717,od_135b,65520,65520,2564,2160,65520,65520,2174,2028,65520,65520,2787,2961,65520,65520,2756,2628
1687873038.5028625,od_135b,65520,65520,2598,2356,65520,65520,2465,2379,65520,65520,2721,2763,65520,65520,3307,2833
1687873039.5324495,od_135b,65520,65520,2971,2032,65520,65520,2408,2334,65520,65520,2915,2980,65520,65520,3366,2633
1687873040.562669,od_135b,65520,65520,2441,2182,65520,65520,2320,1750,65520,65520,2729,1851,65520,65520,2371,2880
1687873041.5984142,od_135b,65520,65520,3064,2376,65520,65520,2390,1796,65520,65520,2745,2179,65520,65520,3755,2353
1687873042.6282194,od_135b,65520,65520,2187,1537,65520,65520,2278,2902,65520,65520,2969,2419,65520,65520,3134,2779
1687873043.657839,od_135b,65520,65520,2414,2257,65520,65520,1588,1854,65520,65520,2644,2068,65520,65520,3272,2500
1687873044.6886806,od_135b,65520,65520,2584,1843,65520,65520,2339,2934,65520,65520,3000,3326,65520,65520,2899,3019
1687873045.7185526,od_135b,65520,65520,2761,2441,65520,65520,2244,2516,65520,65520,2609,1880,65520,65520,2716,3052
1687873046.7505307,od_135b,65520,65520,2563,2280,65520,65520,1828,1720,65520,65520,2676,2483,65520,65520,3288,1993
1687873047.7803743,od_135b,65520,65520,1916,2187,65520,65520,1937,2683,65520,65520,2694,2016,65520,65520,2256,2584
1687873048.8113685,od_135b,65520,65520,2718,2632,65520,65520,2428,3008,65520,65520,2694,2094,65520,65520,2627,2670
1687873049.8409297,od_135b,65520,65520,2428,2305,65520,65520,1932,2464,65520,65520,2748,2267,65520,65520,1948,2081
1687873050.8714168,od_135b,65520,65520,2225,2046,65520,65520,2571,1934,65520,65520,2859,2440,65520,65520,3382,2739
1687873051.9039047,od_135b,65520,65520,2036,2212,65520,65520,2072,2712,65520,65520,2640,2688,65520,65520,3326,2396
1687873052.9346168,od_135b,65520,65520,2526,1742,65520,65520,1900,2452,65520,65520,2220,3185,65520,65520,2886,2147
1687873053.9643483,od_135b,65520,65520,2326,1830,65520,65520,1936,2227,65520,65520,2704,2332,65520,65520,3150,2673
1687873054.9940088,od_135b,65520,65520,2424,2260,65520,65520,1993,1614,65520,65520,2635,3016,65520,65520,2547,2718
1687873056.0246084,od_135b,65520,65520,3051,1697,65520,65520,2171,2808,65520,65520,2915,3340,65520,65520,3371,3128
1687873057.129583,od_135b,65520,65520,2830,1788,65520,65520,2574,2464,65520,65520,2974,2643,65520,65520,3643,3120
1687873058.1595988,od_135b,65520,65520,2824,2537,65520,65520,2004,2512,65520,65520,2750,3163,65520,65520,3321,2628
1687873059.1894293,od_135b,65520,65520,3060,1897,65520,65520,1931,2656,65520,65520,2865,2536,65520,65520,3224,3217
1687873060.2190955,od_135b,65520,65520,2672,1881,65520,65520,1928,1755,65520,65520,2667,3483,65520,65520,2323,2174
1687873061.2497306,od_135b,65520,65520,2412,2168,65520,65520,2048,2641,65520,65520,2444,2494,65520,65520,1985,2844
1687873062.2845306,od_135b,65520,65520,2536,1676,65520,65520,1768,1984,65520,65520,2747,2168,65520,65520,2827,2918
1687873063.3148794,od_135b,65520,65520,2612,2019,65520,65520,2184,2414,65520,65520,2873,2664,65520,65520,2443,3145
1687873064.3447242,od_135b,65520,65520,2713,2347,65520,65520,1521,2859,65520,65520,2820,3227,65520,65520,3577,2920
1687873065.375498,od_135b,65520,65520,2731,2368,65520,65520,1832,2678,65520,65520,2947,1873,65520,65520,3612,2897
1687873066.405065,od_135b,65520,65520,2105,1803,65520,65520,2044,2286,65520,65520,2862,1638,65520,65520,3161,2643
1687873067.4391837,od_135b,65520,65520,2281,2360,65520,65520,1923,2894,65520,65520,2868,3289,65520,65520,3177,2560
1687873068.4697754,od_135b,65520,65520,2396,1854,65520,65520,2115,2400,65520,65520,2734,2678,65520,65520,2364,2635
1687873069.4999483,od_135b,65520,65520,2166,2051,65520,65520,1945,2385,65520,65520,2742,2697,65520,65520,3233,3185
1687873070.529793,od_135b,65520,65520,2273,1992,65520,65520,2044,2553,65520,65520,2945,3481,65520,65520,2878,3171
1687873071.5595453,od_135b,65520,65520,2331,2276,65520,65520,1870,2912,65520,65520,2750,1836,65520,65520,2462,2596
1687873072.597709,od_135b,65520,65520,2307,2238,65520,65520,2468,2825,65520,65520,2860,2900,65520,65520,2280,2865
1687873073.627618,od_135b,65520,65520,2937,1942,65520,65520,2070,2032,65520,65520,2676,2545,65520,65520,3460,3228
1687873074.6574175,od_135b,65520,65520,2891,2134,65520,65520,1649,2964,65520,65520,2638,2664,65520,65520,3140,2708
1687873075.68708,od_135b,65520,65520,1985,2297,65520,65520,2089,2590,65520,65520,2537,1971,65520,65520,2836,2656
1687873076.717949,od_135b,65520,65520,2089,1752,65520,65520,1956,2092,65520,65520,2705,3001,65520,65520,2331,2342
1687873077.7518473,od_135b,65520,65520,2833,1707,65520,65520,2083,2556,65520,65520,2848,3145,65520,65520,2313,2472
1687873078.7815752,od_135b,65520,65520,2305,2166,65520,65520,2326,2590,65520,65520,2496,2187,65520,65520,2609,2387
1687873079.8771598,od_135b,65520,65520,2340,1867,65520,65520,2684,2673,65520,65520,2753,2700,65520,65520,2446,2539
1687873080.9070392,od_135b,65520,65520,2011,2302,65520,65520,1659,2803,65520,65520,2590,2417,65520,65520,2228,2969
1687873081.9377396,od_135b,65520,65520,2462,2268,65520,65520,2510,2531,65520,65520,2648,2736,65520,65520,1990,2395
1687873082.9717567,od_135b,65520,65520,2700,2155,65520,65520,1956,2942,65520,65520,2475,2953,65520,65520,2963,2518
1687873084.001497,od_135b,65520,65520,2376,2136,65520,65520,1644,2665,65520,65520,2752,2203,65520,65520,2622,3556
1687873085.0313275,od_135b,65520,65520,2182,2073,65520,65520,1937,2598,65520,65520,2662,3259,65520,65520,3241,2675
1687873086.0620675,od_135b,65520,65520,2424,2273,65520,65520,2163,2027,65520,65520,2819,2464,65520,65520,2275,3328
1687873087.0918365,od_135b,65520,65520,2851,2102,65520,65520,1667,1934,65520,65520,2465,2673,65520,65520,3384,2534
1687873088.124044,od_135b,65520,65520,2907,1854,65520,65520,2283,2667,65520,65520,2744,3004,65520,65520,2484,2566
1687873089.1537504,od_135b,65520,65520,2790,2289,65520,65520,1740,2619,65520,65520,2662,2811,65520,65520,3238,2475
1687873090.1837292,od_135b,65520,65520,2457,2009,65520,65520,2606,2718,65520,65520,2972,2939,65520,65520,2987,2732
1687873091.2135212,od_135b,65520,65520,2432,1644,65520,65520,1832,2091,65520,65520,2828,2760,65520,65520,2827,2388
1687873092.243489,od_135b,65520,65520,2995,2667,65520,65520,2624,2272,65520,65520,2646,2731,65520,65520,3494,3124
1687873093.277728,od_135b,65520,65520,2883,2278,65520,65520,2672,2484,65520,65520,2649,3028,65520,65520,2126,3254
1687873094.3070824,od_135b,65520,65520,2435,1560,65520,65520,1696,2752,65520,65520,2595,2312,65520,65520,2651,2070
1687873095.3369112,od_135b,65520,65520,2566,2232,65520,65520,1865,2372,65520,65520,2857,3104,65520,65520,2137,3371
1687873096.3666058,od_135b,65520,65520,2329,1889,65520,65520,2211,2619,65520,65520,2816,2656,65520,65520,3134,2728
1687873097.3974612,od_135b,65520,65520,2660,2025,65520,65520,1667,2700,65520,65520,2752,2712,65520,65520,3272,3216
1687873098.4321404,od_135b,65520,65520,2724,1915,65520,65520,2308,2627,65520,65520,2916,2276,65520,65520,3081,3203
1687873099.4631836,od_135b,65520,65520,2875,1806,65520,65520,2209,2289,65520,65520,2716,2905,65520,65520,2625,3308
1687873100.4934542,od_135b,65520,65520,2305,2465,65520,65520,2283,2816,65520,65520,2464,3121,65520,65520,1729,2902
1687873101.5245676,od_135b,65520,65520,2585,1979,65520,65520,2342,2696,65520,65520,2550,2259,65520,65520,1948,2672
1687873102.6317158,od_135b,65520,65520,1764,2318,65520,65520,2203,2580,65520,65520,2828,2284,65520,65520,2737,3265
1687873103.706472,od_135b,65520,65520,2929,2113,65520,65520,1912,2683,65520,65520,2916,3299,65520,65520,3745,3436
1687873104.7486494,od_135b,65520,65520,2640,2152,65520,65520,2420,1459,65520,65520,2513,2497,65520,65520,2128,2156
1687873105.8786905,od_135b,65520,65520,2966,2438,65520,65520,1822,2457,65520,65520,2851,2268,65520,65520,2598,3256
1687873106.9086077,od_135b,65520,65520,2772,2043,65520,65520,2604,2289,65520,65520,2688,2905,65520,65520,2684,2540
1687873107.939517,od_135b,65520,65520,1712,2308,65520,65520,1947,2475,65520,65520,2788,2494,65520,65520,3603,2318
1687873108.9741495,od_135b,65520,65520,2361,2345,65520,65520,2222,2481,65520,65520,2372,3180,65520,65520,2929,3361
1687873110.0040083,od_135b,65520,65520,3116,1612,65520,65520,2107,2766,65520,65520,2878,2220,65520,65520,3148,3027
1687873111.0338676,od_135b,65520,65520,2779,1835,65520,65520,1953,2270,65520,65520,2748,3136,65520,65520,1816,3307
1687873112.0644329,od_135b,65520,65520,2497,2376,65520,65520,2449,2603,65520,65520,2665,2265,65520,65520,3001,3102
1687873113.0941565,od_135b,65520,65520,2227,2243,65520,65520,1934,2603,65520,65520,2305,2051,65520,65520,2569,2608
1687873114.1262035,od_135b,65520,65520,1768,2222,65520,65520,2302,1776,65520,65520,2737,2990,65520,65520,2225,2553
1687873115.1567519,od_135b,65520,65520,2499,2435,65520,65520,1812,2724,65520,65520,2163,2555,65520,65520,3566,3190
1687873116.1876628,od_135b,65520,65520,2625,1809,65520,65520,2054,2553,65520,65520,2881,3004,65520,65520,3059,2724
1687873117.217488,od_135b,65520,65520,2656,2310,65520,65520,2305,1558,65520,65520,2478,3132,65520,65520,2875,2436
1687873118.2474666,od_135b,65520,65520,2678,2390,65520,65520,2294,2617,65520,65520,2848,2377,65520,65520,2854,2915
1687873119.281732,od_135b,65520,65520,2612,2126,65520,65520,1737,2801,65520,65520,2516,3044,65520,65520,2625,3211
1687873120.3121195,od_135b,65520,65520,1860,2355,65520,65520,2070,2625,65520,65520,2475,2656,65520,65520,2283,2502
1687873121.3419394,od_135b,65520,65520,1684,1859,65520,65520,2620,1524,65520,65520,2763,2545,65520,65520,1862,3345
1687873122.3717582,od_135b,65520,65520,2460,2201,65520,65520,2508,2531,65520,65520,2985,3180,65520,65520,2656,2454
1687873123.4017231,od_135b,65520,65520,2409,1835,65520,65520,2232,2929,65520,65520,2824,2344,65520,65520,3056,2867
1687873124.4353356,od_135b,65520,65520,1793,2158,65520,65520,1777,2470,65520,65520,2864,2905,65520,65520,2456,2806
1687873125.465301,od_135b,65520,65520,2110,2131,65520,65520,2628,2443,65520,65520,2681,2718,65520,65520,3265,2993
1687873126.4950855,od_135b,65520,65520,2566,2432,65520,65520,2611,3104,65520,65520,2657,2500,65520,65520,2776,3251
1687873127.5258734,od_135b,65520,65520,2940,2008,65520,65520,2128,1611,65520,65520,2840,2131,65520,65520,2019,2865
1687873128.62796,od_135b,65520,65520,2851,2056,65520,65520,2132,2976,65520,65520,2780,3224,65520,65520,3286,2353
1687873129.663402,od_135b,65520,65520,2803,2059,65520,65520,1974,1841,65520,65520,2627,1753,65520,65520,2675,2564
1687873130.6929982,od_135b,65520,65520,2305,2134,65520,65520,1963,2465,65520,65520,2828,2851,65520,65520,2086,2681
1687873131.7234118,od_135b,65520,65520,2720,1726,65520,65520,1934,2324,65520,65520,2456,2008,65520,65520,2486,2619
1687873132.7533236,od_135b,65520,65520,2836,2275,65520,65520,2289,2440,65520,65520,2616,2742,65520,65520,2593,2876
1687873133.7830489,od_135b,65520,65520,3121,2499,65520,65520,2411,2184,65520,65520,2774,2939,65520,65520,3659,2737
1687873134.8180773,od_135b,65520,65520,1764,1587,65520,65520,1940,2532,65520,65520,2732,2336,65520,65520,2771,2979
1687873135.8490167,od_135b,65520,65520,2700,2336,65520,65520,1868,2740,65520,65520,2726,2542,65520,65520,2652,3121
1687873136.878859,od_135b,65520,65520,2385,1761,65520,65520,2420,2393,65520,65520,2675,2979,65520,65520,2796,3441
1687873137.9083931,od_135b,65520,65520,2472,1974,65520,65520,2011,2555,65520,65520,2644,3203,65520,65520,3416,2873
1687873138.938058,od_135b,65520,65520,1942,2217,65520,65520,2617,2665,65520,65520,2496,2603,65520,65520,3153,3489
1687873139.9730008,od_135b,65520,65520,2892,2283,65520,65520,2075,2275,65520,65520,2710,3286,65520,65520,2132,2451
1687873141.0026257,od_135b,65520,65520,2502,1816,65520,65520,1955,2430,65520,65520,2140,2950,65520,65520,3204,3252
1687873142.0322936,od_135b,65520,65520,2216,1755,65520,65520,1702,2486,65520,65520,2795,3520,65520,65520,2164,2872
1687873143.0623689,od_135b,65520,65520,1913,2241,65520,65520,2177,2912,65520,65520,2886,2550,65520,65520,1662,2896
1687873144.0932057,od_135b,65520,65520,2272,2531,65520,65520,2734,1659,65520,65520,2761,3230,65520,65520,2969,2016
1687873145.1704853,od_135b,65520,65520,2372,1916,65520,65520,2376,1742,65520,65520,2632,2614,65520,65520,2622,2427
1687873146.2012086,od_135b,65520,65520,3153,2497,65520,65520,2059,3057,65520,65520,2788,2387,65520,65520,2875,2513
1687873147.230933,od_135b,65520,65520,2736,1984,65520,65520,2481,1976,65520,65520,2473,1950,65520,65520,2422,2828
1687873148.2606776,od_135b,65520,65520,1801,1984,65520,65520,1782,2480,65520,65520,3001,1958,65520,65520,3144,2992
1687873149.2910535,od_135b,65520,65520,2099,2609,65520,65520,2089,2750,65520,65520,2740,3201,65520,65520,2041,3214
1687873150.324719,od_135b,65520,65520,2339,2296,65520,65520,1803,2916,65520,65520,2827,2779,65520,65520,2265,2875
1687873151.3718107,od_135b,65520,65520,2968,1904,65520,65520,1611,1764,65520,65520,2899,2329,65520,65520,2241,2529
1687873152.4017484,od_135b,65520,65520,3105,2553,65520,65520,2724,2689,65520,65520,2804,2696,65520,65520,2436,2990
1687873153.431627,od_135b,65520,65520,2196,2500,65520,65520,2214,2601,65520,65520,2580,2142,65520,65520,3009,2403
1687873154.4613574,od_135b,65520,65520,2032,2252,65520,65520,1576,1868,65520,65520,2606,3278,65520,65520,3339,3009
1687873155.4954822,od_135b,65520,65520,2873,2156,65520,65520,2174,2128,65520,65520,2726,2518,65520,65520,3550,2851
1687873156.5257301,od_135b,65520,65520,1681,1820,65520,65520,2152,2588,65520,65520,2867,2606,65520,65520,2905,2323
1687873157.5556295,od_135b,65520,65520,1849,1739,65520,65520,1633,2659,65520,65520,2654,2574,65520,65520,2345,2883
1687873158.5854423,od_135b,65520,65520,2931,2260,65520,65520,2004,1606,65520,65520,2614,2737,65520,65520,2403,3020
1687873159.615147,od_135b,65520,65520,3046,2396,65520,65520,1929,2870,65520,65520,2491,3452,65520,65520,2971,3036
1687873160.6483963,od_135b,65520,65520,2697,2086,65520,65520,2398,2244,65520,65520,2414,2358,65520,65520,2721,2993
1687873161.678173,od_135b,65520,65520,2756,2587,65520,65520,2307,2748,65520,65520,2473,1956,65520,65520,3496,2497
1687873162.7109914,od_135b,65520,65520,2744,2651,65520,65520,2323,2657,65520,65520,2643,2755,65520,65520,3348,2385
1687873163.7409985,od_135b,65520,65520,2694,2366,65520,65520,2164,2828,65520,65520,2603,1849,65520,65520,2848,2689
1687873164.77194,od_135b,65520,65520,3281,1977,65520,65520,2433,2756,65520,65520,2782,2686,65520,65520,2457,2686
1687873165.8065016,od_135b,65520,65520,2857,2089,65520,65520,2624,2619,65520,65520,3027,2062,65520,65520,2004,3267
1687873166.8362122,od_135b,65520,65520,2310,1443,65520,65520,1691,2846,65520,65520,2740,1958,65520,65520,2001,3219
1687873167.86715,od_135b,65520,65520,2894,1811,65520,65520,2355,1654,65520,65520,2692,3100,65520,65520,2611,3059
1687873168.8969426,od_135b,65520,65520,2772,1976,65520,65520,2246,2824,65520,65520,2862,2619,65520,65520,3112,3353
1687873169.9266202,od_135b,65520,65520,2894,1593,65520,65520,2016,2219,65520,65520,2787,2843,65520,65520,3622,3100
1687873170.956383,od_135b,65520,65520,3350,2035,65520,65520,2260,2793,65520,65520,2635,2481,65520,65520,3483,3049
1687873171.9873023,od_135b,65520,65520,2969,2696,65520,65520,1734,2430,65520,65520,2769,2195,65520,65520,3500,3001
1687873173.0170126,od_135b,65520,65520,2422,2168,65520,65520,2108,2817,65520,65520,2684,3726,65520,65520,2868,2313
1687873174.173708,od_135b,65520,65520,1734,2400,65520,65520,1571,2422,65520,65520,2774,2692,65520,65520,2680,2817
1687873175.2043827,od_135b,65520,65520,2150,2078,65520,65520,2065,2096,65520,65520,2806,2032,65520,65520,3054,2624
1687873176.2473676,od_135b,65520,65520,1846,2433,65520,65520,1851,2566,65520,65520,2588,2209,65520,65520,1539,3396
1687873177.3809037,od_135b,65520,65520,2507,1828,65520,65520,2310,2606,65520,65520,2537,1675,65520,65520,2878,3313
1687873178.4117894,od_135b,65520,65520,2737,1796,65520,65520,2353,2232,65520,65520,2700,3006,65520,65520,2132,3452
1687873179.4417098,od_135b,65520,65520,2872,1948,65520,65520,2795,2675,65520,65520,2808,1860,65520,65520,2440,3246
1687873180.4714026,od_135b,65520,65520,2640,1643,65520,65520,2190,2489,65520,65520,2752,2536,65520,65520,2774,2976
1687873181.5065372,od_135b,65520,65520,2611,1548,65520,65520,2315,2675,65520,65520,2902,3001,65520,65520,3616,3652
1687873182.5371428,od_135b,65520,65520,2865,1403,65520,65520,2254,2924,65520,65520,2819,2603,65520,65520,3216,2411
1687873183.5668845,od_135b,65520,65520,2865,2187,65520,65520,2072,2489,65520,65520,2868,2603,65520,65520,2990,2758
1687873184.5965273,od_135b,65520,65520,2790,2521,65520,65520,2408,2681,65520,65520,2672,2403,65520,65520,2268,2387
1687873185.627619,od_135b,65520,65520,2969,2652,65520,65520,2310,2696,65520,65520,2664,2582,65520,65520,2371,2876
1687873186.6618657,od_135b,65520,65520,1548,2150,65520,65520,1932,2950,65520,65520,2393,2915,65520,65520,2001,2428
1687873187.691848,od_135b,65520,65520,2323,1820,65520,65520,1664,2665,65520,65520,2803,2854,65520,65520,3204,3124
1687873188.7214482,od_135b,65520,65520,2188,2464,65520,65520,2200,2611,65520,65520,2766,2763,65520,65520,2932,2382
1687873189.7524989,od_135b,65520,65520,2800,2164,65520,65520,2070,2579,65520,65520,2568,1990,65520,65520,2633,3376
1687873190.7824616,od_135b,65520,65520,2931,1931,65520,65520,2072,2198,65520,65520,2457,2856,65520,65520,2000,3270
1687873191.8145702,od_135b,65520,65520,3312,2180,65520,65520,2048,2944,65520,65520,2576,2313,65520,65520,1910,2691
1687873192.8442292,od_135b,65520,65520,2715,1782,65520,65520,2324,2630,65520,65520,2473,3012,65520,65520,1705,3244
1687873193.8751647,od_135b,65520,65520,2635,2260,65520,65520,1785,2206,65520,65520,2649,2337,65520,65520,2840,3088
1687873194.904744,od_135b,65520,65520,3038,2444,65520,65520,2073,3131,65520,65520,2828,2043,65520,65520,3776,3158
1687873195.9343529,od_135b,65520,65520,1950,1744,65520,65520,2097,2404,65520,65520,2732,1971,65520,65520,2752,2588
1687873196.967314,od_135b,65520,65520,3003,2104,65520,65520,1944,2219,65520,65520,2764,3128,65520,65520,2505,2628
1687873197.998088,od_135b,65520,65520,2702,2052,65520,65520,1976,2060,65520,65520,2707,2961,65520,65520,2633,2244
1687873199.0284424,od_135b,65520,65520,2664,2316,65520,65520,2299,2592,65520,65520,2644,2361,65520,65520,2798,2560
1687873200.1271544,od_135b,65520,65520,2547,1976,65520,65520,2675,2222,65520,65520,2750,3032,65520,65520,2584,2904
1687873201.1570287,od_135b,65520,65520,2760,2100,65520,65520,2377,2241,65520,65520,2691,2422,65520,65520,3248,2782
1687873202.1899962,od_135b,65520,65520,1784,1940,65520,65520,2088,2232,65520,65520,2953,2729,65520,65520,3249,3008
1687873203.2206855,od_135b,65520,65520,2705,2270,65520,65520,2460,2184,65520,65520,3016,1860,65520,65520,2964,3412
1687873204.2504833,od_135b,65520,65520,2275,1502,65520,65520,2246,2675,65520,65520,2888,2120,65520,65520,3089,2513
1687873205.2802532,od_135b,65520,65520,1828,1827,65520,65520,1956,2220,65520,65520,2854,2262,65520,65520,2024,2404
1687873206.311552,od_135b,65520,65520,2300,1792,65520,65520,2305,2512,65520,65520,2784,2864,65520,65520,1868,3067
1687873207.3431864,od_135b,65520,65520,3049,2320,65520,65520,1937,1612,65520,65520,2793,3120,65520,65520,2667,2992
1687873208.3728015,od_135b,65520,65520,2545,2195,65520,65520,1910,2865,65520,65520,2896,2174,65520,65520,3144,2612
1687873209.402469,od_135b,65520,65520,2030,2083,65520,65520,2068,2262,65520,65520,2924,2262,65520,65520,3579,3161
1687873210.4332542,od_135b,65520,65520,2710,2411,65520,65520,2769,2296,65520,65520,2929,3403,65520,65520,3054,2704
1687873211.4632018,od_135b,65520,65520,2171,2054,65520,65520,1752,2611,65520,65520,2718,2353,65520,65520,2412,3150
1687873212.4971771,od_135b,65520,65520,1780,1624,65520,65520,2332,2169,65520,65520,2916,2715,65520,65520,2400,3233
1687873213.5270088,od_135b,65520,65520,2992,2574,65520,65520,2260,2427,65520,65520,2892,2659,65520,65520,3334,3302
1687873214.5577366,od_135b,65520,65520,2644,1960,65520,65520,2131,2603,65520,65520,2844,2096,65520,65520,3004,2222
1687873215.587463,od_135b,65520,65520,2080,2179,65520,65520,1976,2798,65520,65520,2676,2032,65520,65520,3054,3259
1687873216.6173077,od_135b,65520,65520,2993,2446,65520,65520,2408,2091,65520,65520,2913,2744,65520,65520,1894,3355
1687873217.6501555,od_135b,65520,65520,2193,2102,65520,65520,2310,2670,65520,65520,2686,2905,65520,65520,3016,3001
1687873218.6806498,od_135b,65520,65520,1976,2670,65520,65520,1984,2035,65520,65520,2550,2617,65520,65520,2961,2857
1687873219.710321,od_135b,65520,65520,2353,2348,65520,65520,2265,2534,65520,65520,2640,3275,65520,65520,3473,3142
1687873220.7401378,od_135b,65520,65520,2217,2446,65520,65520,2262,2587,65520,65520,2547,3646,65520,65520,3048,2547
1687873221.7709982,od_135b,65520,65520,2584,1635,65520,65520,2436,2780,65520,65520,2660,2032,65520,65520,3142,2691
1687873222.881763,od_135b,65520,65520,2360,2456,65520,65520,2064,2782,65520,65520,2721,2779,65520,65520,2784,2939
1687873223.911476,od_135b,65520,65520,2598,2161,65520,65520,2153,1953,65520,65520,2699,2417,65520,65520,2804,2892
1687873224.941145,od_135b,65520,65520,1960,2059,65520,65520,2296,2286,65520,65520,2638,2856,65520,65520,3017,3104
1687873225.9709938,od_135b,65520,65520,2896,2313,65520,65520,2617,2800,65520,65520,2801,2624,65520,65520,1836,3019
1687873227.001881,od_135b,65520,65520,2944,2630,65520,65520,2409,2068,65520,65520,2784,3523,65520,65520,1969,2600
1687873228.031662,od_135b,65520,65520,2702,2313,65520,65520,2033,2078,65520,65520,2444,3211,65520,65520,2956,2891
1687873229.0613286,od_135b,65520,65520,2204,1833,65520,65520,2208,2000,65520,65520,2502,3582,65520,65520,2449,2771
1687873230.0912855,od_135b,65520,65520,2324,2084,65520,65520,2209,2289,65520,65520,2558,3102,65520,65520,2720,2816
1687873231.1219482,od_135b,65520,65520,2296,2054,65520,65520,1934,2196,65520,65520,2876,2537,65520,65520,3273,2457
1687873232.1517322,od_135b,65520,65520,2764,2208,65520,65520,2699,2264,65520,65520,2832,2616,65520,65520,3643,3302
1687873233.1857388,od_135b,65520,65520,3080,2496,65520,65520,1945,1918,65520,65520,2718,2908,65520,65520,1816,2952
1687873234.2162983,od_135b,65520,65520,2803,2284,65520,65520,1678,1760,65520,65520,2852,2203,65520,65520,2056,2902
1687873235.2463655,od_135b,65520,65520,2696,2435,65520,65520,2204,2196,65520,65520,2737,2216,65520,65520,2156,3113
1687873236.2760122,od_135b,65520,65520,2563,2265,65520,65520,2505,1883,65520,65520,2673,2318,65520,65520,3137,2532
1687873237.3056731,od_135b,65520,65520,2918,2222,65520,65520,2054,2627,65520,65520,2870,3156,65520,65520,2934,3848
1687873238.341929,od_135b,65520,65520,2220,2494,65520,65520,2627,2304,65520,65520,2699,2041,65520,65520,1897,3024
1687873239.37169,od_135b,65520,65520,2859,2708,65520,65520,2097,2457,65520,65520,2550,2782,65520,65520,3256,2564
1687873240.4014134,od_135b,65520,65520,2198,2600,65520,65520,2134,2179,65520,65520,2843,1753,65520,65520,2432,2483
1687873241.431329,od_135b,65520,65520,2819,1873,65520,65520,1841,2096,65520,65520,2566,2883,65520,65520,3248,3064
1687873242.4622054,od_135b,65520,65520,1929,1966,65520,65520,2688,2424,65520,65520,2347,3350,65520,65520,3377,3299
1687873243.495181,od_135b,65520,65520,2475,1913,65520,65520,2243,2580,65520,65520,2697,2105,65520,65520,2921,2918
1687873244.5651584,od_135b,65520,65520,2204,2363,65520,65520,2217,2304,65520,65520,2889,2446,65520,65520,2164,3380
1687873245.6244433,od_135b,65520,65520,2851,1948,65520,65520,1960,2302,65520,65520,2550,2417,65520,65520,3379,2865
1687873246.6540608,od_135b,65520,65520,1785,2430,65520,65520,2339,2137,65520,65520,2632,2395,65520,65520,1764,2835
1687873247.6847613,od_135b,65520,65520,2123,2086,65520,65520,2299,2748,65520,65520,2795,1980,65520,65520,1990,2755
1687873248.7186658,od_135b,65520,65520,2068,1992,65520,65520,1929,2486,65520,65520,2584,2668,65520,65520,3198,2633
1687873249.748501,od_135b,65520,65520,2219,2067,65520,65520,2798,2459,65520,65520,2793,2161,65520,65520,3091,2864
1687873250.7786665,od_135b,65520,65520,2945,2251,65520,65520,2574,2398,65520,65520,2862,2392,65520,65520,2832,3308
1687873251.8092887,od_135b,65520,65520,2616,1939,65520,65520,2214,2564,65520,65520,2865,3051,65520,65520,2272,2849
1687873252.839099,od_135b,65520,65520,2536,2278,65520,65520,2027,2708,65520,65520,2465,2307,65520,65520,2312,3356
1687873253.8712769,od_135b,65520,65520,3070,2206,65520,65520,1964,1547,65520,65520,2737,2920,65520,65520,2347,2612
1687873254.901768,od_135b,65520,65520,2600,2251,65520,65520,1731,2627,65520,65520,2784,3464,65520,65520,2691,3214
1687873255.9316618,od_135b,65520,65520,1726,2262,65520,65520,1904,2508,65520,65520,3067,2315,65520,65520,3049,3064
1687873256.9618163,od_135b,65520,65520,3080,2502,65520,65520,1520,2779,65520,65520,2752,2684,65520,65520,2827,2420
1687873257.9915633,od_135b,65520,65520,2827,1998,65520,65520,1632,2192,65520,65520,2670,1840,65520,65520,2816,2584
1687873259.024638,od_135b,65520,65520,2272,2401,65520,65520,1768,2332,65520,65520,2504,2112,65520,65520,2553,2286
1687873260.0543025,od_135b,65520,65520,2692,2000,65520,65520,2435,2420,65520,65520,2774,2216,65520,65520,2806,2000
1687873261.0838435,od_135b,65520,65520,2809,2724,65520,65520,1896,2388,65520,65520,2776,2361,65520,65520,3777,3483
1687873262.1135635,od_135b,65520,65520,2836,2377,65520,65520,1900,2444,65520,65520,2817,2531,65520,65520,3086,3036
1687873263.1444006,od_135b,65520,65520,2121,2091,65520,65520,2044,2089,65520,65520,2782,1828,65520,65520,2889,2676
1687873264.1777415,od_135b,65520,65520,2739,1929,65520,65520,1988,2294,65520,65520,2694,2897,65520,65520,2601,2529
1687873265.2075355,od_135b,65520,65520,2238,1776,65520,65520,2195,2708,65520,65520,2936,2534,65520,65520,2499,2860
1687873266.2376947,od_135b,65520,65520,2536,2067,65520,65520,2128,2187,65520,65520,2452,2401,65520,65520,2331,3025
1687873267.2681954,od_135b,65520,65520,3203,1800,65520,65520,2299,2433,65520,65520,2736,1977,65520,65520,2299,2398
1687873268.3772004,od_135b,65520,65520,1568,2092,65520,65520,2372,2414,65520,65520,2675,2235,65520,65520,2124,3513
1687873269.4099398,od_135b,65520,65520,2307,2102,65520,65520,1891,2752,65520,65520,2840,2960,65520,65520,2515,3764
1687873270.4396741,od_135b,65520,65520,2216,2195,65520,65520,1792,2448,65520,65520,2822,2899,65520,65520,2910,2400
1687873271.4697266,od_135b,65520,65520,1811,1464,65520,65520,1960,2464,65520,65520,2760,2457,65520,65520,3121,2953
1687873272.4996421,od_135b,65520,65520,3064,2396,65520,65520,2228,2436,65520,65520,2835,2065,65520,65520,2123,2932
1687873273.5291378,od_135b,65520,65520,2632,2208,65520,65520,2484,2132,65520,65520,2712,2323,65520,65520,1926,2608
1687873274.564102,od_135b,65520,65520,2734,2099,65520,65520,1721,2504,65520,65520,2582,2532,65520,65520,2275,3035
1687873275.594999,od_135b,65520,65520,3017,2158,65520,65520,2054,2414,65520,65520,2860,2659,65520,65520,2472,2739
1687873276.6244519,od_135b,65520,65520,2827,2380,65520,65520,2596,2563,65520,65520,2571,3009,65520,65520,3388,3115
1687873277.6542435,od_135b,65520,65520,3187,2428,65520,65520,1726,2683,65520,65520,2406,2625,65520,65520,2614,2190
1687873278.6839917,od_135b,65520,65520,2672,2220,65520,65520,1404,2428,65520,65520,2923,2278,65520,65520,3102,2555
1687873279.7200649,od_135b,65520,65520,1808,2225,65520,65520,2480,2496,65520,65520,2904,2960,65520,65520,2944,2332
1687873280.7502367,od_135b,65520,65520,2601,2176,65520,65520,2249,1744,65520,65520,2553,2318,65520,65520,1955,2924
1687873281.7804933,od_135b,65520,65520,2744,1902,65520,65520,1774,2417,65520,65520,2673,2843,65520,65520,2315,2732
1687873282.811922,od_135b,65520,65520,2640,1968,65520,65520,2323,2168,65520,65520,2753,2742,65520,65520,2811,2664
1687873283.8417346,od_135b,65520,65520,2084,2292,65520,65520,1718,1932,65520,65520,2540,2921,65520,65520,2625,3040
1687873284.8761082,od_135b,65520,65520,1828,2504,65520,65520,1985,2769,65520,65520,2697,2792,65520,65520,3166,2966
1687873285.9057527,od_135b,65520,65520,2747,2214,65520,65520,2040,2440,65520,65520,2224,3091,65520,65520,2067,2856
1687873286.9364235,od_135b,65520,65520,1790,1622,65520,65520,2897,2537,65520,65520,2913,2206,65520,65520,2718,2257
1687873287.9663408,od_135b,65520,65520,2057,2228,65520,65520,2201,2339,65520,65520,2758,2504,65520,65520,1966,2792
1687873288.996085,od_135b,65520,65520,2899,2140,65520,65520,2153,2024,65520,65520,2710,2656,65520,65520,2198,3153
1687873290.0315971,od_135b,65520,65520,2555,1712,65520,65520,2256,2332,65520,65520,2822,2425,65520,65520,2387,2508
1687873291.128126,od_135b,65520,65520,2598,1918,65520,65520,2420,2406,65520,65520,2556,3396,65520,65520,2492,3596
1687873292.159074,od_135b,65520,65520,3014,2374,65520,65520,2193,2521,65520,65520,2358,3113,65520,65520,2572,2238
1687873293.1886904,od_135b,65520,65520,2592,1836,65520,65520,2115,2134,65520,65520,2390,3017,65520,65520,3281,3000
1687873294.2185454,od_135b,65520,65520,2145,2132,65520,65520,2067,2483,65520,65520,2795,2876,65520,65520,3716,3259
1687873295.2532206,od_135b,65520,65520,2476,2104,65520,65520,2553,2185,65520,65520,2668,3139,65520,65520,2969,3182
1687873296.2834954,od_135b,65520,65520,1817,1696,65520,65520,2080,2083,65520,65520,2814,2846,65520,65520,3020,1996
1687873297.3136876,od_135b,65520,65520,2313,1712,65520,65520,2392,2316,65520,65520,2811,3464,65520,65520,1913,3075
