time(s);SS1;SS2;SS3;SS4;SS5;SS6;SS7;SS8;SS9;SS10;SS11;SS12;SS13;SS14;SS15;SS16
0.0;1917;1906;1886;1905;1879;1880;1946;1984;4095;4095;4095;4095;4095;4095;4095;4095
1.0369818210601807;1919;1904;1887;1906;1879;1881;1948;1985;4095;4095;4095;4095;4095;4095;4095;4095
2.0666844844818115;1920;1905;1886;1907;1880;1880;1947;1986;4095;4095;4095;4095;4095;4095;4095;4095
3.096431016921997;1918;1905;1885;1907;1879;1882;1947;1986;4095;4095;4095;4095;4095;4095;4095;4095
4.127086639404297;1920;1905;1887;1905;1878;1881;1946;1984;4095;4095;4095;4095;4095;4095;4095;4095
5.156546115875244;1919;1906;1887;1907;1881;1883;1947;1985;4095;4095;4095;4095;4095;4095;4095;4095
6.189567804336548;1919;1906;1888;1907;1880;1884;1947;1983;4095;4095;4095;4095;4095;4095;4095;4095
7.2199413776397705;1919;1906;1888;1908;1881;1882;1946;1986;4095;4095;4095;4095;4095;4095;4095;4095
8.250494241714478;1919;1907;1887;1908;1882;1883;1949;1986;4095;4095;4095;4095;4095;4095;4095;4095
9.280291080474854;1921;1907;1888;1907;1882;1882;1949;1986;4095;4095;4095;4095;4095;4095;4095;4095
10.309775352478027;1918;1906;1887;1908;1881;1884;1949;1985;4095;4095;4095;4095;4095;4095;4095;4095
11.344986200332642;1920;1906;1888;1907;1881;1897;1948;1985;4095;4095;4095;4095;4095;4095;4095;4095
12.374812364578247;1919;1905;1888;1909;1881;1886;1948;1988;4095;4095;4095;4095;4095;4095;4095;4095
13.404714345932007;1920;1909;1887;1907;1883;1882;1948;1986;4095;4095;4095;4095;4095;4095;4095;4095
14.434248685836792;1922;1907;1887;1908;1882;1884;1948;1986;4095;4095;4095;4095;4095;4095;4095;4095
15.464783430099487;1920;1906;1889;1909;1884;1885;1947;1988;4095;4095;4095;4095;4095;4095;4095;4095
16.60401678085327;1920;1909;1888;1909;1882;1885;1949;1987;4095;4095;4095;4095;4095;4095;4095;4095
17.633551836013794;1921;1909;1887;1909;1883;1886;1948;1986;4095;4095;4095;4095;4095;4095;4095;4095
18.662976026535034;1920;1907;1890;1908;1883;1885;1949;1987;4095;4095;4095;4095;4095;4095;4095;4095
19.693572759628296;1921;1907;1890;1910;1885;1886;1951;1987;4095;4095;4095;4095;4095;4095;4095;4095
20.72305178642273;1921;1908;1889;1910;1884;1886;1949;1989;4095;4095;4095;4095;4095;4095;4095;4095
21.752848148345947;1922;1909;1890;1910;1884;1885;1950;1988;4095;4095;4095;4095;4095;4095;4095;4095
22.782550811767578;1924;1909;1890;1910;1884;1889;1951;1989;4095;4095;4095;4095;4095;4095;4095;4095
23.81342053413391;1923;1909;1891;1912;1884;1888;1950;1988;4095;4095;4095;4095;4095;4095;4095;4095
24.88021469116211;1921;1908;1891;1909;1887;1887;1950;1986;4095;4095;4095;4095;4095;4095;4095;4095
25.910717725753784;1924;1910;1890;1912;1885;1887;1948;1988;4095;4095;4095;4095;4095;4095;4095;4095
26.945188283920288;1925;1912;1891;1911;1886;1889;1949;1991;4095;4095;4095;4095;4095;4095;4095;4095
27.974663257598877;1924;1912;1892;1911;1887;1889;1951;1990;4095;4095;4095;4095;4095;4095;4095;4095
29.00464940071106;1924;1911;1892;1910;1887;1891;1948;1989;4095;4095;4095;4095;4095;4095;4095;4095
30.03525972366333;1925;1911;1894;1912;1886;1888;1951;1989;4095;4095;4095;4095;4095;4095;4095;4095
31.064735651016235;1924;1909;1893;1910;1885;1890;1949;1989;4095;4095;4095;4095;4095;4095;4095;4095
32.097859382629395;1925;1911;1892;1911;1887;1889;1951;1990;4095;4095;4095;4095;4095;4095;4095;4095
33.12743854522705;1924;1908;1893;1912;1888;1891;1951;1989;4095;4095;4095;4095;4095;4095;4095;4095
34.15788650512695;1926;1911;1893;1912;1887;1891;1951;1988;4095;4095;4095;4095;4095;4095;4095;4095
35.187392711639404;1926;1910;1891;1912;1888;1890;1952;1989;4095;4095;4095;4095;4095;4095;4095;4095
36.21701192855835;1927;1912;1895;1913;1889;1891;1951;1990;4095;4095;4095;4095;4095;4095;4095;4095
37.2505362033844;1927;1911;1894;1913;1888;1890;1951;1989;4095;4095;4095;4095;4095;4095;4095;4095
38.280468702316284;1926;1912;1894;1914;1889;1892;1952;1990;4095;4095;4095;4095;4095;4095;4095;4095
39.358546018600464;1926;1913;1895;1914;1890;1891;1951;1989;4095;4095;4095;4095;4095;4095;4095;4095
40.38826298713684;1927;1913;1895;1914;1889;1893;1955;1991;4095;4095;4095;4095;4095;4095;4095;4095
41.41789150238037;1927;1913;1895;1915;1889;1892;1953;1990;4095;4095;4095;4095;4095;4095;4095;4095
42.510520935058594;1927;1913;1894;1914;1891;1892;1951;1991;4095;4095;4095;4095;4095;4095;4095;4095
43.54006314277649;1927;1912;1895;1914;1890;1895;1953;1990;4095;4095;4095;4095;4095;4095;4095;4095
44.570090532302856;1927;1913;1894;1915;1891;1894;1953;1992;4095;4095;4095;4095;4095;4095;4095;4095
45.60057330131531;1926;1915;1897;1913;1892;1896;1952;1990;4095;4095;4095;4095;4095;4095;4095;4095
46.630242347717285;1929;1915;1895;1916;1892;1895;1956;1990;4095;4095;4095;4095;4095;4095;4095;4095
47.66607046127319;1927;1913;1897;1917;1893;1895;1952;1990;4095;4095;4095;4095;4095;4095;4095;4095
48.6966028213501;1927;1914;1895;1915;1891;1896;1954;1991;4095;4095;4095;4095;4095;4095;4095;4095
49.72623062133789;1926;1915;1895;1917;1892;1896;1954;1991;4095;4095;4095;4095;4095;4095;4095;4095
50.755746841430664;1929;1915;1897;1915;1892;1890;1952;1992;4095;4095;4095;4095;4095;4095;4095;4095
51.78518271446228;1928;1915;1898;1917;1894;1895;1954;1991;4095;4095;4095;4095;4095;4095;4095;4095
52.82138967514038;1930;1916;1897;1916;1894;1897;1955;1991;4095;4095;4095;4095;4095;4095;4095;4095
53.85080814361572;1930;1916;1898;1917;1894;1897;1955;1992;4095;4095;4095;4095;4095;4095;4095;4095
54.88046073913574;1926;1917;1899;1919;1894;1897;1954;1994;4095;4095;4095;4095;4095;4095;4095;4095
55.90998983383179;1928;1917;1898;1918;1894;1896;1956;1991;4095;4095;4095;4095;4095;4095;4095;4095
56.94080662727356;1930;1914;1897;1918;1894;1897;1956;1993;4095;4095;4095;4095;4095;4095;4095;4095
57.97362017631531;1930;1917;1899;1917;1898;1900;1953;1993;4095;4095;4095;4095;4095;4095;4095;4095
59.00308179855347;1930;1917;1898;1917;1894;1898;1955;1992;4095;4095;4095;4095;4095;4095;4095;4095
60.033522605895996;1931;1917;1900;1920;1898;1897;1955;1995;4095;4095;4095;4095;4095;4095;4095;4095
61.06447720527649;1929;1919;1901;1919;1896;1899;1957;1995;4095;4095;4095;4095;4095;4095;4095;4095
62.104241132736206;1930;1916;1900;1919;1896;1901;1955;1994;4095;4095;4095;4095;4095;4095;4095;4095
63.13857102394104;1932;1917;1900;1919;1897;1900;1956;1994;4095;4095;4095;4095;4095;4095;4095;4095
64.16911029815674;1932;1918;1901;1920;1897;1900;1957;1996;4095;4095;4095;4095;4095;4095;4095;4095
65.19870591163635;1932;1918;1901;1920;1898;1900;1955;1993;4095;4095;4095;4095;4095;4095;4095;4095
66.22844457626343;1932;1918;1902;1920;1898;1902;1957;1995;4095;4095;4095;4095;4095;4095;4095;4095
67.25861144065857;1930;1918;1900;1919;1898;1902;1955;1995;4095;4095;4095;4095;4095;4095;4095;4095
68.29367852210999;1932;1920;1902;1921;1900;1903;1958;1994;4095;4095;4095;4095;4095;4095;4095;4095
69.3232364654541;1931;1918;1901;1920;1899;1901;1955;1994;4095;4095;4095;4095;4095;4095;4095;4095
70.35277009010315;1931;1921;1902;1920;1899;1904;1957;1994;4095;4095;4095;4095;4095;4095;4095;4095
71.38254046440125;1931;1920;1903;1919;1900;1902;1955;1994;4095;4095;4095;4095;4095;4095;4095;4095
72.41236996650696;1931;1919;1902;1922;1900;1902;1957;1995;4095;4095;4095;4095;4095;4095;4095;4095
73.44542574882507;1933;1921;1902;1921;1901;1902;1959;1996;4095;4095;4095;4095;4095;4095;4095;4095
74.4748637676239;1932;1921;1901;1923;1900;1905;1957;1996;4095;4095;4095;4095;4095;4095;4095;4095
75.50560903549194;1934;1922;1905;1922;1902;1903;1958;1995;4095;4095;4095;4095;4095;4095;4095;4095
76.5353364944458;1934;1921;1903;1921;1903;1905;1959;1994;4095;4095;4095;4095;4095;4095;4095;4095
77.56497097015381;1934;1920;1903;1922;1901;1905;1959;1994;4095;4095;4095;4095;4095;4095;4095;4095
78.60017323493958;1932;1919;1905;1922;1902;1905;1959;1997;4095;4095;4095;4095;4095;4095;4095;4095
79.63060879707336;1933;1923;1905;1923;1902;1905;1958;1996;4095;4095;4095;4095;4095;4095;4095;4095
80.66020679473877;1935;1922;1906;1925;1902;1906;1959;1998;4095;4095;4095;4095;4095;4095;4095;4095
81.69004321098328;1934;1921;1906;1922;1902;1905;1959;1996;4095;4095;4095;4095;4095;4095;4095;4095
82.72032022476196;1934;1922;1906;1924;1904;1907;1960;1997;4095;4095;4095;4095;4095;4095;4095;4095
83.75431227684021;1936;1922;1904;1923;1903;1908;1960;1997;4095;4095;4095;4095;4095;4095;4095;4095
84.86073184013367;1936;1924;1906;1925;1904;1909;1960;2000;4095;4095;4095;4095;4095;4095;4095;4095
85.89016699790955;1936;1924;1907;1925;1905;1907;1962;1997;4095;4095;4095;4095;4095;4095;4095;4095
86.91972470283508;1936;1922;1907;1926;1905;1909;1959;1999;4095;4095;4095;4095;4095;4095;4095;4095
87.95038557052612;1937;1921;1907;1926;1905;1909;1961;2000;4095;4095;4095;4095;4095;4095;4095;4095
88.98498630523682;1935;1923;1909;1925;1905;1908;1962;1998;4095;4095;4095;4095;4095;4095;4095;4095
90.0145161151886;1937;1925;1908;1925;1906;1910;1961;1999;4095;4095;4095;4095;4095;4095;4095;4095
91.04395365715027;1936;1926;1909;1926;1908;1911;1962;1998;4095;4095;4095;4095;4095;4095;4095;4095
92.07452392578125;1938;1926;1909;1925;1906;1911;1961;1999;4095;4095;4095;4095;4095;4095;4095;4095
93.10410594940186;1939;1924;1909;1926;1905;1909;1962;1998;4095;4095;4095;4095;4095;4095;4095;4095
94.137624502182;1937;1925;1909;1927;1907;1910;1962;2000;4095;4095;4095;4095;4095;4095;4095;4095
95.16793584823608;1938;1926;1909;1926;1907;1911;1961;2001;4095;4095;4095;4095;4095;4095;4095;4095
96.19848775863647;1941;1926;1910;1927;1908;1912;1965;2000;4095;4095;4095;4095;4095;4095;4095;4095
97.22815871238708;1939;1927;1911;1929;1908;1911;1961;2001;4095;4095;4095;4095;4095;4095;4095;4095
98.25790429115295;1937;1926;1911;1928;1909;1913;1961;2002;4095;4095;4095;4095;4095;4095;4095;4095
99.2935631275177;1938;1926;1910;1929;1908;1914;1963;2001;4095;4095;4095;4095;4095;4095;4095;4095
100.32395005226135;1939;1928;1911;1926;1910;1913;1963;2000;4095;4095;4095;4095;4095;4095;4095;4095
101.35402297973633;1940;1928;1911;1931;1909;1913;1964;2001;4095;4095;4095;4095;4095;4095;4095;4095
102.38416862487793;1939;1929;1911;1931;1910;1914;1962;2001;4095;4095;4095;4095;4095;4095;4095;4095
103.41538548469543;1941;1930;1913;1931;1911;1916;1966;2001;4095;4095;4095;4095;4095;4095;4095;4095
104.45016765594482;1940;1928;1913;1929;1911;1915;1962;2001;4095;4095;4095;4095;4095;4095;4095;4095
105.47993326187134;1943;1928;1912;1929;1912;1914;1965;2001;4095;4095;4095;4095;4095;4095;4095;4095
106.50942039489746;1941;1929;1912;1930;1912;1915;1966;2001;4095;4095;4095;4095;4095;4095;4095;4095
107.60964608192444;1941;1929;1913;1930;1910;1916;1963;2001;4095;4095;4095;4095;4095;4095;4095;4095
108.64059901237488;1940;1929;1914;1931;1913;1916;1967;2000;4095;4095;4095;4095;4095;4095;4095;4095
109.67318654060364;1942;1929;1914;1931;1913;1919;1967;2003;4095;4095;4095;4095;4095;4095;4095;4095
110.70264267921448;1944;1930;1915;1933;1912;1917;1966;2001;4095;4095;4095;4095;4095;4095;4095;4095
111.73429417610168;1942;1929;1914;1931;1913;1917;1964;2003;4095;4095;4095;4095;4095;4095;4095;4095
112.76408267021179;1942;1933;1914;1933;1915;1919;1966;2003;4095;4095;4095;4095;4095;4095;4095;4095
113.79357385635376;1942;1930;1916;1932;1915;1918;1965;2004;4095;4095;4095;4095;4095;4095;4095;4095
114.82680106163025;1942;1930;1915;1932;1914;1919;1967;2003;4095;4095;4095;4095;4095;4095;4095;4095
115.85747528076172;1946;1930;1916;1933;1915;1920;1968;2004;4095;4095;4095;4095;4095;4095;4095;4095
116.88693571090698;1943;1929;1917;1931;1914;1920;1966;2003;4095;4095;4095;4095;4095;4095;4095;4095
117.91650652885437;1941;1932;1916;1934;1915;1919;1966;2004;4095;4095;4095;4095;4095;4095;4095;4095
118.94585990905762;1943;1931;1918;1933;1916;1920;1966;2002;4095;4095;4095;4095;4095;4095;4095;4095
119.97938179969788;1944;1932;1918;1934;1915;1921;1966;2005;4095;4095;4095;4095;4095;4095;4095;4095
121.00903511047363;1943;1933;1918;1935;1915;1920;1968;2005;4095;4095;4095;4095;4095;4095;4095;4095
122.03839755058289;1945;1934;1918;1935;1916;1922;1964;2004;4095;4095;4095;4095;4095;4095;4095;4095
123.06795907020569;1943;1932;1918;1936;1916;1920;1969;2004;4095;4095;4095;4095;4095;4095;4095;4095
124.09841918945312;1945;1934;1918;1934;1917;1921;1969;2003;4095;4095;4095;4095;4095;4095;4095;4095
125.13076210021973;1948;1934;1920;1936;1919;1922;1967;2006;4095;4095;4095;4095;4095;4095;4095;4095
126.1604905128479;1946;1934;1918;1934;1916;1921;1967;2007;4095;4095;4095;4095;4095;4095;4095;4095
127.19055771827698;1947;1932;1920;1935;1918;1922;1967;2006;4095;4095;4095;4095;4095;4095;4095;4095
128.22039532661438;1946;1933;1920;1936;1918;1923;1968;2006;4095;4095;4095;4095;4095;4095;4095;4095
129.25020694732666;1944;1933;1920;1936;1918;1924;1967;2005;4095;4095;4095;4095;4095;4095;4095;4095
130.36184287071228;1946;1933;1920;1937;1919;1925;1969;2007;4095;4095;4095;4095;4095;4095;4095;4095
131.39149498939514;1946;1935;1921;1936;1919;1923;1969;2006;4095;4095;4095;4095;4095;4095;4095;4095
132.42205548286438;1946;1935;1920;1938;1921;1925;1969;2008;4095;4095;4095;4095;4095;4095;4095;4095
133.45183563232422;1947;1935;1920;1938;1922;1924;1969;2008;4095;4095;4095;4095;4095;4095;4095;4095
134.48159289360046;1946;1935;1921;1938;1920;1926;1970;2007;4095;4095;4095;4095;4095;4095;4095;4095
135.51663970947266;1947;1936;1922;1938;1921;1927;1972;2006;4095;4095;4095;4095;4095;4095;4095;4095
136.5470609664917;1949;1934;1921;1939;1923;1926;1970;2008;4095;4095;4095;4095;4095;4095;4095;4095
137.57664608955383;1948;1937;1922;1940;1922;1927;1969;2007;4095;4095;4095;4095;4095;4095;4095;4095
138.60616326332092;1947;1937;1924;1938;1922;1928;1969;2011;4095;4095;4095;4095;4095;4095;4095;4095
139.63667273521423;1949;1938;1925;1940;1922;1926;1972;2007;4095;4095;4095;4095;4095;4095;4095;4095
140.67178797721863;1947;1937;1920;1940;1924;1927;1972;2008;4095;4095;4095;4095;4095;4095;4095;4095
141.70144605636597;1949;1937;1923;1940;1924;1928;1971;2009;4095;4095;4095;4095;4095;4095;4095;4095
142.73085951805115;1950;1937;1925;1939;1924;1927;1972;2009;4095;4095;4095;4095;4095;4095;4095;4095
143.76147317886353;1948;1936;1923;1942;1924;1929;1971;2010;4095;4095;4095;4095;4095;4095;4095;4095
144.79104042053223;1950;1939;1925;1941;1923;1932;1973;2009;4095;4095;4095;4095;4095;4095;4095;4095
145.82637643814087;1951;1939;1924;1942;1923;1928;1972;2010;4095;4095;4095;4095;4095;4095;4095;4095
146.85596108436584;1950;1938;1927;1941;1924;1930;1974;2010;4095;4095;4095;4095;4095;4095;4095;4095
147.88638019561768;1950;1939;1924;1941;1925;1931;1975;2008;4095;4095;4095;4095;4095;4095;4095;4095
148.91614294052124;1952;1940;1925;1943;1927;1931;1973;2009;4095;4095;4095;4095;4095;4095;4095;4095
149.9456706047058;1950;1939;1929;1941;1926;1930;1972;2011;4095;4095;4095;4095;4095;4095;4095;4095
150.97898387908936;1951;1939;1925;1943;1925;1931;1974;2009;4095;4095;4095;4095;4095;4095;4095;4095
152.00898361206055;1951;1941;1927;1943;1928;1933;1974;2012;4095;4095;4095;4095;4095;4095;4095;4095
153.15724158287048;1953;1941;1927;1944;1928;1933;1973;2011;4095;4095;4095;4095;4095;4095;4095;4095
154.18668293952942;1953;1940;1927;1942;1928;1932;1975;2010;4095;4095;4095;4095;4095;4095;4095;4095
155.2170431613922;1953;1939;1928;1945;1926;1932;1974;2009;4095;4095;4095;4095;4095;4095;4095;4095
156.357971906662;1953;1941;1928;1944;1929;1934;1974;2011;4095;4095;4095;4095;4095;4095;4095;4095
157.3877592086792;1952;1941;1929;1943;1930;1934;1974;2012;4095;4095;4095;4095;4095;4095;4095;4095
158.4182686805725;1954;1942;1929;1945;1929;1934;1976;2012;4095;4095;4095;4095;4095;4095;4095;4095
159.44791388511658;1955;1941;1928;1944;1929;1933;1976;2010;4095;4095;4095;4095;4095;4095;4095;4095
160.47751665115356;1953;1942;1929;1945;1930;1935;1975;2011;4095;4095;4095;4095;4095;4095;4095;4095
161.5105640888214;1954;1944;1930;1946;1930;1936;1976;2014;4095;4095;4095;4095;4095;4095;4095;4095
162.54122281074524;1953;1942;1931;1947;1929;1935;1975;2012;4095;4095;4095;4095;4095;4095;4095;4095
163.57053184509277;1955;1943;1931;1945;1929;1936;1973;2012;4095;4095;4095;4095;4095;4095;4095;4095
164.60053896903992;1954;1941;1932;1945;1930;1935;1977;2013;4095;4095;4095;4095;4095;4095;4095;4095
165.63059329986572;1954;1943;1933;1948;1932;1937;1977;2014;4095;4095;4095;4095;4095;4095;4095;4095
166.6644446849823;1954;1943;1933;1947;1933;1938;1976;2013;4095;4095;4095;4095;4095;4095;4095;4095
167.69422793388367;1954;1944;1932;1947;1929;1937;1976;2014;4095;4095;4095;4095;4095;4095;4095;4095
168.72388195991516;1956;1945;1930;1948;1933;1938;1975;2014;4095;4095;4095;4095;4095;4095;4095;4095
169.75381708145142;1955;1944;1932;1948;1933;1938;1977;2014;4095;4095;4095;4095;4095;4095;4095;4095
170.78349113464355;1953;1945;1934;1948;1933;1937;1977;2014;4095;4095;4095;4095;4095;4095;4095;4095
171.81855988502502;1955;1945;1933;1946;1933;1938;1976;2014;4095;4095;4095;4095;4095;4095;4095;4095
172.84830784797668;1956;1946;1934;1947;1933;1939;1978;2017;4095;4095;4095;4095;4095;4095;4095;4095
173.88230419158936;1958;1945;1934;1949;1935;1941;1977;2014;4095;4095;4095;4095;4095;4095;4095;4095
174.91186475753784;1958;1948;1936;1949;1935;1941;1978;2016;4095;4095;4095;4095;4095;4095;4095;4095
175.9415304660797;1957;1946;1935;1947;1934;1940;1976;2016;4095;4095;4095;4095;4095;4095;4095;4095
176.9765923023224;1956;1946;1933;1951;1934;1940;1978;2015;4095;4095;4095;4095;4095;4095;4095;4095
178.00665950775146;1956;1946;1937;1951;1935;1940;1980;2015;4095;4095;4095;4095;4095;4095;4095;4095
179.11001992225647;1956;1947;1936;1950;1935;1940;1977;2014;4095;4095;4095;4095;4095;4095;4095;4095
180.13983464241028;1958;1947;1938;1951;1936;1941;1977;2015;4095;4095;4095;4095;4095;4095;4095;4095
181.16928672790527;1957;1947;1937;1952;1938;1942;1982;2015;4095;4095;4095;4095;4095;4095;4095;4095
182.20236945152283;1959;1947;1938;1951;1935;1942;1981;2018;4095;4095;4095;4095;4095;4095;4095;4095
183.23225808143616;1959;1948;1938;1952;1937;1944;1980;2015;4095;4095;4095;4095;4095;4095;4095;4095
184.26179385185242;1957;1948;1938;1953;1936;1943;1980;2014;4095;4095;4095;4095;4095;4095;4095;4095
185.29134368896484;1960;1947;1937;1952;1936;1944;1979;2016;4095;4095;4095;4095;4095;4095;4095;4095
186.32188200950623;1961;1950;1938;1953;1940;1944;1980;2017;4095;4095;4095;4095;4095;4095;4095;4095
187.35422110557556;1959;1950;1940;1953;1939;1945;1981;2017;4095;4095;4095;4095;4095;4095;4095;4095
188.38430738449097;1961;1948;1937;1952;1939;1944;1980;2018;4095;4095;4095;4095;4095;4095;4095;4095
189.41452836990356;1961;1948;1941;1953;1938;1944;1982;2019;4095;4095;4095;4095;4095;4095;4095;4095
190.44551253318787;1960;1948;1939;1951;1939;1944;1981;2017;4095;4095;4095;4095;4095;4095;4095;4095
191.47483777999878;1961;1951;1937;1953;1941;1946;1982;2018;4095;4095;4095;4095;4095;4095;4095;4095
192.50772190093994;1959;1950;1940;1954;1941;1945;1980;2020;4095;4095;4095;4095;4095;4095;4095;4095
193.5377538204193;1962;1951;1941;1954;1940;1946;1983;2018;4095;4095;4095;4095;4095;4095;4095;4095
194.56839799880981;1962;1950;1942;1955;1940;1948;1982;2020;4095;4095;4095;4095;4095;4095;4095;4095
195.59778332710266;1961;1950;1941;1955;1941;1947;1980;2019;4095;4095;4095;4095;4095;4095;4095;4095
196.62716388702393;1962;1951;1940;1956;1940;1947;1983;2020;4095;4095;4095;4095;4095;4095;4095;4095
197.66254878044128;1963;1953;1941;1955;1941;1949;1984;2020;4095;4095;4095;4095;4095;4095;4095;4095
198.69240927696228;1964;1952;1940;1955;1941;1948;1985;2020;4095;4095;4095;4095;4095;4095;4095;4095
199.72197270393372;1962;1954;1942;1955;1941;1948;1982;2020;4095;4095;4095;4095;4095;4095;4095;4095
200.75065064430237;1963;1952;1941;1955;1941;1948;1984;2019;4095;4095;4095;4095;4095;4095;4095;4095
201.86090230941772;1963;1952;1942;1956;1943;1949;1983;2022;4095;4095;4095;4095;4095;4095;4095;4095
202.89642477035522;1963;1952;1940;1956;1943;1948;1986;2020;4095;4095;4095;4095;4095;4095;4095;4095
203.92929244041443;1963;1952;1943;1958;1945;1949;1985;2020;4095;4095;4095;4095;4095;4095;4095;4095
204.95861911773682;1964;1954;1944;1956;1943;1950;1985;2022;4095;4095;4095;4095;4095;4095;4095;4095
205.9890959262848;1963;1954;1944;1958;1944;1950;1983;2020;4095;4095;4095;4095;4095;4095;4095;4095
207.0188205242157;1964;1954;1943;1957;1943;1951;1986;2021;4095;4095;4095;4095;4095;4095;4095;4095
208.05114126205444;1964;1955;1943;1958;1945;1952;1986;2022;4095;4095;4095;4095;4095;4095;4095;4095
209.08075070381165;1964;1955;1946;1958;1945;1952;1986;2021;4095;4095;4095;4095;4095;4095;4095;4095
210.11054515838623;1966;1955;1944;1959;1946;1951;1984;2022;4095;4095;4095;4095;4095;4095;4095;4095
211.1402792930603;1964;1956;1945;1959;1948;1954;1986;2021;4095;4095;4095;4095;4095;4095;4095;4095
212.17000603675842;1966;1955;1945;1958;1945;1952;1985;2023;4095;4095;4095;4095;4095;4095;4095;4095
213.2022454738617;1966;1957;1946;1959;1945;1953;1986;2022;4095;4095;4095;4095;4095;4095;4095;4095
214.23282027244568;1967;1955;1947;1961;1945;1954;1986;2021;4095;4095;4095;4095;4095;4095;4095;4095
215.26236271858215;1967;1956;1948;1958;1948;1951;1986;2022;4095;4095;4095;4095;4095;4095;4095;4095
216.29195356369019;1966;1956;1947;1960;1949;1953;1987;2024;4095;4095;4095;4095;4095;4095;4095;4095
217.3215410709381;1967;1954;1945;1961;1948;1954;1985;2022;4095;4095;4095;4095;4095;4095;4095;4095
218.35505604743958;1966;1956;1947;1960;1949;1953;1988;2024;4095;4095;4095;4095;4095;4095;4095;4095
219.38466477394104;1967;1958;1947;1960;1950;1957;1987;2025;4095;4095;4095;4095;4095;4095;4095;4095
220.41423797607422;1966;1957;1947;1960;1946;1954;1987;2024;4095;4095;4095;4095;4095;4095;4095;4095
221.44460225105286;1968;1959;1949;1962;1949;1956;1984;2024;4095;4095;4095;4095;4095;4095;4095;4095
222.47864842414856;1967;1957;1948;1962;1949;1955;1987;2024;4095;4095;4095;4095;4095;4095;4095;4095
223.5567638874054;1968;1956;1949;1962;1950;1955;1986;2024;4095;4095;4095;4095;4095;4095;4095;4095
224.60568284988403;1969;1958;1949;1961;1949;1956;1988;2024;4095;4095;4095;4095;4095;4095;4095;4095
225.63521575927734;1968;1958;1950;1964;1950;1958;1989;2026;4095;4095;4095;4095;4095;4095;4095;4095
226.6646111011505;1968;1958;1949;1963;1951;1959;1990;2024;4095;4095;4095;4095;4095;4095;4095;4095
227.69517540931702;1970;1960;1949;1962;1949;1956;1990;2026;4095;4095;4095;4095;4095;4095;4095;4095
228.72948670387268;1971;1959;1952;1963;1953;1958;1988;2025;4095;4095;4095;4095;4095;4095;4095;4095
229.75893759727478;1970;1958;1949;1964;1953;1957;1990;2026;4095;4095;4095;4095;4095;4095;4095;4095
230.78949356079102;1969;1959;1950;1963;1951;1957;1989;2025;4095;4095;4095;4095;4095;4095;4095;4095
231.82008695602417;1971;1960;1950;1962;1952;1958;1991;2024;4095;4095;4095;4095;4095;4095;4095;4095
232.88410425186157;1969;1959;1950;1965;1951;1957;1989;2025;4095;4095;4095;4095;4095;4095;4095;4095
233.91762685775757;1968;1961;1953;1964;1952;1960;1989;2026;4095;4095;4095;4095;4095;4095;4095;4095
234.94722294807434;1972;1963;1951;1964;1953;1962;1991;2025;4095;4095;4095;4095;4095;4095;4095;4095
235.9766607284546;1972;1963;1953;1965;1952;1961;1991;2026;4095;4095;4095;4095;4095;4095;4095;4095
237.0066659450531;1970;1963;1953;1965;1953;1960;1990;2026;4095;4095;4095;4095;4095;4095;4095;4095
238.0373752117157;1971;1961;1953;1966;1954;1961;1990;2025;4095;4095;4095;4095;4095;4095;4095;4095
239.07214951515198;1971;1962;1952;1966;1952;1961;1991;2028;4095;4095;4095;4095;4095;4095;4095;4095
240.10177755355835;1974;1962;1954;1966;1955;1961;1992;2027;4095;4095;4095;4095;4095;4095;4095;4095
241.13222742080688;1971;1963;1953;1965;1955;1963;1992;2026;4095;4095;4095;4095;4095;4095;4095;4095
242.16238927841187;1972;1964;1955;1967;1954;1961;1992;2027;4095;4095;4095;4095;4095;4095;4095;4095
243.19200348854065;1973;1962;1953;1966;1953;1961;1992;2027;4095;4095;4095;4095;4095;4095;4095;4095
244.2250270843506;1971;1963;1954;1966;1957;1963;1993;2028;4095;4095;4095;4095;4095;4095;4095;4095
245.25453424453735;1973;1962;1953;1969;1956;1961;1993;2029;4095;4095;4095;4095;4095;4095;4095;4095
246.2846827507019;1972;1961;1956;1968;1957;1962;1993;2028;4095;4095;4095;4095;4095;4095;4095;4095
247.35656213760376;1973;1963;1955;1966;1955;1964;1993;2028;4095;4095;4095;4095;4095;4095;4095;4095
248.38619565963745;1974;1963;1955;1969;1955;1965;1994;2029;4095;4095;4095;4095;4095;4095;4095;4095
249.42097282409668;1973;1963;1956;1969;1957;1963;1993;2028;4095;4095;4095;4095;4095;4095;4095;4095
250.45049118995667;1972;1963;1954;1968;1956;1963;1993;2029;4095;4095;4095;4095;4095;4095;4095;4095
251.48117208480835;1974;1965;1956;1968;1958;1964;1994;2030;4095;4095;4095;4095;4095;4095;4095;4095
252.51076316833496;1973;1965;1958;1971;1957;1965;1993;2029;4095;4095;4095;4095;4095;4095;4095;4095
253.54026556015015;1974;1965;1957;1970;1956;1965;1994;2030;4095;4095;4095;4095;4095;4095;4095;4095
254.57331585884094;1974;1964;1957;1969;1957;1965;1994;2031;4095;4095;4095;4095;4095;4095;4095;4095
255.60405921936035;1975;1965;1957;1970;1959;1963;1994;2029;4095;4095;4095;4095;4095;4095;4095;4095
256.63342547416687;1976;1964;1957;1969;1958;1966;1994;2032;4095;4095;4095;4095;4095;4095;4095;4095
257.6630802154541;1976;1966;1958;1970;1957;1966;1994;2029;4095;4095;4095;4095;4095;4095;4095;4095
258.6927299499512;1976;1966;1958;1971;1958;1966;1995;2029;4095;4095;4095;4095;4095;4095;4095;4095
259.72642374038696;1977;1966;1959;1970;1959;1967;1996;2031;4095;4095;4095;4095;4095;4095;4095;4095
260.7560451030731;1976;1966;1958;1970;1959;1965;1995;2029;4095;4095;4095;4095;4095;4095;4095;4095
261.7854835987091;1976;1966;1960;1971;1960;1967;1995;2031;4095;4095;4095;4095;4095;4095;4095;4095
262.81633710861206;1976;1967;1957;1970;1961;1966;1993;2032;4095;4095;4095;4095;4095;4095;4095;4095
263.84622168540955;1979;1968;1960;1970;1961;1969;1996;2032;4095;4095;4095;4095;4095;4095;4095;4095
264.9158933162689;1978;1967;1960;1970;1963;1967;1997;2029;4095;4095;4095;4095;4095;4095;4095;4095
265.9463460445404;1978;1967;1960;1972;1963;1970;1996;2032;4095;4095;4095;4095;4095;4095;4095;4095
266.97598099708557;1978;1968;1960;1972;1963;1968;1997;2032;4095;4095;4095;4095;4095;4095;4095;4095
268.0056483745575;1978;1968;1960;1972;1961;1969;1996;2032;4095;4095;4095;4095;4095;4095;4095;4095
269.0358452796936;1979;1968;1961;1973;1963;1970;1996;2032;4095;4095;4095;4095;4095;4095;4095;4095
270.1125228404999;1978;1968;1962;1973;1963;1970;1999;2030;4095;4095;4095;4095;4095;4095;4095;4095
271.1420166492462;1977;1969;1962;1972;1964;1972;1998;2032;4095;4095;4095;4095;4095;4095;4095;4095
272.17244243621826;1979;1969;1961;1973;1962;1970;1998;2033;4095;4095;4095;4095;4095;4095;4095;4095
273.20205521583557;1980;1970;1964;1973;1963;1972;1998;2035;4095;4095;4095;4095;4095;4095;4095;4095
274.2317895889282;1980;1971;1960;1975;1963;1970;1997;2034;4095;4095;4095;4095;4095;4095;4095;4095
275.2665457725525;1980;1970;1962;1973;1962;1970;1998;2033;4095;4095;4095;4095;4095;4095;4095;4095
276.29621171951294;1979;1971;1963;1976;1965;1973;1997;2034;4095;4095;4095;4095;4095;4095;4095;4095
277.3256812095642;1978;1969;1962;1974;1965;1972;1998;2034;4095;4095;4095;4095;4095;4095;4095;4095
278.35454201698303;1979;1971;1963;1975;1965;1971;1998;2036;4095;4095;4095;4095;4095;4095;4095;4095
279.38516330718994;1981;1971;1964;1977;1964;1972;1999;2033;4095;4095;4095;4095;4095;4095;4095;4095
280.4203643798828;1981;1970;1964;1976;1967;1973;1998;2032;4095;4095;4095;4095;4095;4095;4095;4095
281.45006918907166;1980;1970;1965;1976;1966;1973;1999;2035;4095;4095;4095;4095;4095;4095;4095;4095
282.4794592857361;1981;1973;1963;1976;1966;1974;1999;2036;4095;4095;4095;4095;4095;4095;4095;4095
283.51018142700195;1981;1972;1964;1977;1965;1975;1999;2036;4095;4095;4095;4095;4095;4095;4095;4095
284.5397434234619;1981;1972;1966;1976;1966;1974;1998;2034;4095;4095;4095;4095;4095;4095;4095;4095
285.5714976787567;1981;1972;1963;1975;1967;1973;1999;2036;4095;4095;4095;4095;4095;4095;4095;4095
286.60115242004395;1983;1973;1963;1975;1966;1974;1998;2035;4095;4095;4095;4095;4095;4095;4095;4095
287.6317090988159;1985;1973;1968;1978;1968;1975;2001;2036;4095;4095;4095;4095;4095;4095;4095;4095
288.66142106056213;1982;1972;1965;1977;1968;1974;2001;2036;4095;4095;4095;4095;4095;4095;4095;4095
289.6905400753021;1982;1974;1963;1978;1969;1973;2001;2035;4095;4095;4095;4095;4095;4095;4095;4095
290.7238190174103;1983;1971;1966;1977;1967;1975;2000;2036;4095;4095;4095;4095;4095;4095;4095;4095
291.7536141872406;1982;1974;1967;1978;1967;1976;2002;2036;4095;4095;4095;4095;4095;4095;4095;4095
292.8666446208954;1983;1973;1966;1977;1969;1976;1999;2035;4095;4095;4095;4095;4095;4095;4095;4095
293.9414141178131;1982;1974;1967;1979;1967;1976;2002;2035;4095;4095;4095;4095;4095;4095;4095;4095
294.98063921928406;1984;1973;1968;1980;1969;1979;2003;2035;4095;4095;4095;4095;4095;4095;4095;4095
296.1131911277771;1982;1974;1966;1980;1968;1977;2001;2037;4095;4095;4095;4095;4095;4095;4095;4095
297.14260363578796;1984;1976;1968;1980;1970;1978;2003;2037;4095;4095;4095;4095;4095;4095;4095;4095
298.17296743392944;1986;1976;1968;1979;1969;1977;2001;2036;4095;4095;4095;4095;4095;4095;4095;4095
299.2025167942047;1987;1974;1966;1981;1970;1977;2002;2039;4095;4095;4095;4095;4095;4095;4095;4095
300.2321536540985;1986;1974;1968;1980;1970;1978;2004;2037;4095;4095;4095;4095;4095;4095;4095;4095
301.26564025878906;1985;1976;1968;1980;1971;1979;2003;2038;4095;4095;4095;4095;4095;4095;4095;4095
302.29524874687195;1986;1975;1970;1980;1970;1977;2004;2039;4095;4095;4095;4095;4095;4095;4095;4095
303.32471537590027;1985;1975;1969;1981;1971;1979;2002;2038;4095;4095;4095;4095;4095;4095;4095;4095
304.35419511795044;1986;1975;1970;1980;1972;1979;2004;2038;4095;4095;4095;4095;4095;4095;4095;4095
305.38483691215515;1984;1975;1970;1981;1970;1980;2004;2037;4095;4095;4095;4095;4095;4095;4095;4095
306.4180600643158;1985;1977;1967;1981;1971;1979;2003;2037;4095;4095;4095;4095;4095;4095;4095;4095
307.4474639892578;1986;1978;1970;1983;1973;1982;2003;2039;4095;4095;4095;4095;4095;4095;4095;4095
308.47699069976807;1987;1979;1970;1981;1973;1982;2002;2041;4095;4095;4095;4095;4095;4095;4095;4095
309.5077474117279;1987;1975;1970;1981;1971;1981;2004;2039;4095;4095;4095;4095;4095;4095;4095;4095
310.5371549129486;1984;1979;1970;1979;1973;1980;2005;2039;4095;4095;4095;4095;4095;4095;4095;4095
311.57243633270264;1988;1977;1971;1984;1973;1981;2004;2040;4095;4095;4095;4095;4095;4095;4095;4095
312.602520942688;1987;1978;1972;1982;1974;1982;2004;2040;4095;4095;4095;4095;4095;4095;4095;4095
313.6330621242523;1988;1978;1973;1986;1974;1982;2006;2041;4095;4095;4095;4095;4095;4095;4095;4095
314.66254806518555;1988;1978;1971;1981;1973;1981;2005;2039;4095;4095;4095;4095;4095;4095;4095;4095
315.69207406044006;1989;1979;1974;1983;1975;1980;2004;2041;4095;4095;4095;4095;4095;4095;4095;4095
316.72654247283936;1989;1978;1973;1983;1976;1982;2005;2040;4095;4095;4095;4095;4095;4095;4095;4095
317.7560667991638;1989;1979;1973;1986;1974;1984;2004;2042;4095;4095;4095;4095;4095;4095;4095;4095
318.8608765602112;1989;1979;1973;1983;1977;1983;2006;2041;4095;4095;4095;4095;4095;4095;4095;4095
319.8906934261322;1988;1980;1972;1986;1975;1983;2004;2042;4095;4095;4095;4095;4095;4095;4095;4095
320.9444057941437;1989;1981;1973;1985;1976;1984;2005;2042;4095;4095;4095;4095;4095;4095;4095;4095
321.9905753135681;1990;1980;1973;1984;1976;1984;2006;2041;4095;4095;4095;4095;4095;4095;4095;4095
323.0202066898346;1990;1980;1974;1983;1976;1983;2006;2040;4095;4095;4095;4095;4095;4095;4095;4095
324.05025124549866;1990;1979;1973;1986;1977;1984;2005;2041;4095;4095;4095;4095;4095;4095;4095;4095
325.080762386322;1990;1981;1973;1986;1977;1985;2007;2042;4095;4095;4095;4095;4095;4095;4095;4095
326.1103050708771;1992;1980;1975;1986;1977;1984;2008;2041;4095;4095;4095;4095;4095;4095;4095;4095
327.1483702659607;1991;1981;1977;1986;1976;1986;2005;2042;4095;4095;4095;4095;4095;4095;4095;4095
328.1785385608673;1991;1981;1977;1988;1977;1985;2006;2042;4095;4095;4095;4095;4095;4095;4095;4095
329.20821809768677;1993;1982;1975;1985;1978;1985;2007;2042;4095;4095;4095;4095;4095;4095;4095;4095
330.23763370513916;1991;1982;1975;1985;1978;1986;2008;2042;4095;4095;4095;4095;4095;4095;4095;4095
331.26698660850525;1991;1982;1977;1986;1978;1987;2006;2043;4095;4095;4095;4095;4095;4095;4095;4095
332.3026649951935;1993;1983;1977;1986;1978;1985;2007;2042;4095;4095;4095;4095;4095;4095;4095;4095
333.33223247528076;1990;1983;1977;1988;1978;1988;2009;2042;4095;4095;4095;4095;4095;4095;4095;4095
334.3617000579834;1992;1982;1976;1986;1977;1987;2007;2043;4095;4095;4095;4095;4095;4095;4095;4095
335.391405582428;1992;1984;1977;1987;1977;1985;2007;2043;4095;4095;4095;4095;4095;4095;4095;4095
336.4218099117279;1993;1985;1975;1988;1981;1989;2008;2044;4095;4095;4095;4095;4095;4095;4095;4095
337.4547986984253;1992;1983;1976;1988;1981;1989;2007;2042;4095;4095;4095;4095;4095;4095;4095;4095
338.4843773841858;1993;1984;1977;1990;1979;1989;2009;2043;4095;4095;4095;4095;4095;4095;4095;4095
339.51456117630005;1994;1985;1978;1990;1980;1990;2010;2043;4095;4095;4095;4095;4095;4095;4095;4095
340.5443682670593;1991;1984;1978;1990;1980;1989;2009;2043;4095;4095;4095;4095;4095;4095;4095;4095
341.6076817512512;1995;1985;1978;1989;1981;1989;2009;2046;4095;4095;4095;4095;4095;4095;4095;4095
342.6415696144104;1995;1985;1979;1989;1980;1988;2010;2047;4095;4095;4095;4095;4095;4095;4095;4095
343.6710784435272;1993;1984;1979;1988;1981;1987;2009;2043;4095;4095;4095;4095;4095;4095;4095;4095
344.7006366252899;1993;1985;1978;1990;1979;1989;2010;2046;4095;4095;4095;4095;4095;4095;4095;4095
345.73022723197937;1993;1986;1979;1992;1982;1988;2010;2045;4095;4095;4095;4095;4095;4095;4095;4095
346.76066398620605;1993;1984;1980;1990;1980;1989;2009;2045;4095;4095;4095;4095;4095;4095;4095;4095
347.79455304145813;1994;1985;1979;1990;1983;1988;2008;2044;4095;4095;4095;4095;4095;4095;4095;4095
348.82462787628174;1995;1987;1978;1990;1982;1990;2010;2046;4095;4095;4095;4095;4095;4095;4095;4095
349.85455656051636;1996;1986;1982;1992;1982;1992;2010;2045;4095;4095;4095;4095;4095;4095;4095;4095
350.88421177864075;1996;1986;1979;1989;1983;1990;2011;2045;4095;4095;4095;4095;4095;4095;4095;4095
351.91379022598267;1994;1986;1979;1990;1983;1991;2012;2044;4095;4095;4095;4095;4095;4095;4095;4095
352.94618701934814;1994;1986;1981;1991;1982;1991;2012;2047;4095;4095;4095;4095;4095;4095;4095;4095
353.9768409729004;1995;1987;1981;1993;1984;1991;2012;2047;4095;4095;4095;4095;4095;4095;4095;4095
355.0065212249756;1994;1988;1981;1990;1983;1992;2011;2048;4095;4095;4095;4095;4095;4095;4095;4095
356.0359663963318;1995;1988;1983;1991;1983;1992;2012;2046;4095;4095;4095;4095;4095;4095;4095;4095
357.0655393600464;1994;1987;1982;1992;1985;1992;2012;2046;4095;4095;4095;4095;4095;4095;4095;4095
358.0999858379364;1997;1987;1982;1992;1984;1991;2013;2046;4095;4095;4095;4095;4095;4095;4095;4095
359.12946033477783;1997;1988;1984;1993;1987;1992;2013;2047;4095;4095;4095;4095;4095;4095;4095;4095
360.1587209701538;1996;1989;1981;1992;1985;1992;2012;2047;4095;4095;4095;4095;4095;4095;4095;4095
361.18845653533936;1997;1986;1983;1993;1986;1992;2011;2045;4095;4095;4095;4095;4095;4095;4095;4095
362.21883511543274;1997;1987;1982;1994;1983;1992;2012;2047;4095;4095;4095;4095;4095;4095;4095;4095
363.2535798549652;1997;1987;1983;1993;1984;1994;2015;2044;4095;4095;4095;4095;4095;4095;4095;4095
364.40333318710327;1998;1990;1984;1991;1986;1993;2015;2049;4095;4095;4095;4095;4095;4095;4095;4095
365.4337365627289;1997;1989;1983;1992;1985;1993;2012;2048;4095;4095;4095;4095;4095;4095;4095;4095
366.46306848526;1997;1990;1983;1995;1987;1994;2013;2047;4095;4095;4095;4095;4095;4095;4095;4095
367.5943658351898;1997;1990;1983;1994;1986;1995;2014;2047;4095;4095;4095;4095;4095;4095;4095;4095
368.6290183067322;2000;1990;1985;1994;1988;1995;2014;2049;4095;4095;4095;4095;4095;4095;4095;4095
369.6584839820862;1996;1989;1985;1997;1985;1994;2016;2048;4095;4095;4095;4095;4095;4095;4095;4095
370.6879737377167;1998;1990;1984;1997;1988;1995;2015;2049;4095;4095;4095;4095;4095;4095;4095;4095
371.71750688552856;1998;1989;1985;1994;1986;1996;2013;2049;4095;4095;4095;4095;4095;4095;4095;4095
372.7483186721802;2000;1991;1985;1994;1988;1996;2014;2049;4095;4095;4095;4095;4095;4095;4095;4095
373.7831041812897;2001;1989;1985;1996;1986;1997;2017;2050;4095;4095;4095;4095;4095;4095;4095;4095
374.8128411769867;2001;1990;1987;1996;1989;1995;2015;2049;4095;4095;4095;4095;4095;4095;4095;4095
375.84268140792847;2000;1990;1984;1995;1989;1997;2015;2050;4095;4095;4095;4095;4095;4095;4095;4095
376.9080948829651;2000;1991;1987;1996;1991;1997;2012;2049;4095;4095;4095;4095;4095;4095;4095;4095
377.93808817863464;2000;1992;1987;1997;1989;1997;2014;2049;4095;4095;4095;4095;4095;4095;4095;4095
378.97412848472595;2001;1991;1986;1997;1988;1998;2016;2052;4095;4095;4095;4095;4095;4095;4095;4095
380.00378465652466;2001;1992;1988;1997;1991;1998;2017;2050;4095;4095;4095;4095;4095;4095;4095;4095
381.03338527679443;2001;1992;1986;1998;1990;1998;2015;2051;4095;4095;4095;4095;4095;4095;4095;4095
382.0629549026489;2002;1992;1986;1997;1990;1996;2017;2051;4095;4095;4095;4095;4095;4095;4095;4095
383.0934839248657;2000;1992;1988;1997;1988;1998;2016;2051;4095;4095;4095;4095;4095;4095;4095;4095
384.128319978714;2003;1992;1987;1998;1990;1999;2017;2050;4095;4095;4095;4095;4095;4095;4095;4095
385.1578755378723;2001;1992;1987;1998;1990;1998;2014;2051;4095;4095;4095;4095;4095;4095;4095;4095
386.18822145462036;2003;1995;1988;1999;1990;1998;2016;2050;4095;4095;4095;4095;4095;4095;4095;4095
387.219934463501;2003;1993;1990;1998;1990;1999;2017;2050;4095;4095;4095;4095;4095;4095;4095;4095
388.2493185997009;2003;1994;1988;1997;1990;2000;2016;2051;4095;4095;4095;4095;4095;4095;4095;4095
389.28178429603577;2004;1994;1990;1999;1991;2001;2016;2049;4095;4095;4095;4095;4095;4095;4095;4095
390.36001086235046;2004;1992;1989;1998;1991;2000;2018;2052;4095;4095;4095;4095;4095;4095;4095;4095
391.38953828811646;2003;1994;1989;1999;1991;2000;2017;2051;4095;4095;4095;4095;4095;4095;4095;4095
392.4203610420227;2001;1993;1987;1999;1992;2000;2017;2051;4095;4095;4095;4095;4095;4095;4095;4095
393.449914932251;2003;1995;1990;1998;1992;2001;2020;2051;4095;4095;4095;4095;4095;4095;4095;4095
394.4848246574402;2003;1995;1990;2001;1992;2001;2019;2053;4095;4095;4095;4095;4095;4095;4095;4095
395.5142834186554;2001;1995;1990;1999;1992;2000;2017;2054;4095;4095;4095;4095;4095;4095;4095;4095
396.5446786880493;2003;1995;1990;2000;1994;2001;2019;2050;4095;4095;4095;4095;4095;4095;4095;4095
397.5742299556732;2002;1995;1992;2002;1992;2001;2016;2054;4095;4095;4095;4095;4095;4095;4095;4095
398.60370922088623;2002;1995;1991;2001;1994;2001;2020;2051;4095;4095;4095;4095;4095;4095;4095;4095
399.6372585296631;2004;1996;1989;2001;1994;2001;2016;2052;4095;4095;4095;4095;4095;4095;4095;4095
400.6670684814453;2005;1995;1991;2002;1995;2000;2018;2054;4095;4095;4095;4095;4095;4095;4095;4095
401.69683146476746;2003;1996;1990;2000;1992;2002;2021;2052;4095;4095;4095;4095;4095;4095;4095;4095
402.7262601852417;2004;1993;1990;1999;1993;2002;2019;2053;4095;4095;4095;4095;4095;4095;4095;4095
403.7569532394409;2003;1997;1990;2001;1993;2003;2018;2054;4095;4095;4095;4095;4095;4095;4095;4095
404.7919251918793;2004;1997;1992;2001;1994;2004;2019;2053;4095;4095;4095;4095;4095;4095;4095;4095
405.82189083099365;2005;1994;1991;2001;1994;2002;2019;2054;4095;4095;4095;4095;4095;4095;4095;4095
406.85144877433777;2005;1996;1992;2003;1996;2003;2021;2054;4095;4095;4095;4095;4095;4095;4095;4095
407.88202118873596;2005;1996;1992;2001;1994;2003;2020;2051;4095;4095;4095;4095;4095;4095;4095;4095
408.9122977256775;2006;1996;1993;2003;1995;2002;2020;2054;4095;4095;4095;4095;4095;4095;4095;4095
409.94195556640625;2006;1998;1993;2002;1997;2004;2020;2053;4095;4095;4095;4095;4095;4095;4095;4095
410.9713411331177;2005;1998;1992;2003;1997;2003;2020;2054;4095;4095;4095;4095;4095;4095;4095;4095
412.0017774105072;2006;1997;1990;2001;1994;2006;2020;2054;4095;4095;4095;4095;4095;4095;4095;4095
413.11096692085266;2007;1999;1994;2003;1997;2003;2021;2055;4095;4095;4095;4095;4095;4095;4095;4095
414.1405038833618;2005;1996;1994;2003;1995;2005;2021;2055;4095;4095;4095;4095;4095;4095;4095;4095
415.175169467926;2005;1995;1994;2003;1996;2003;2021;2054;4095;4095;4095;4095;4095;4095;4095;4095
416.2054214477539;2006;1999;1995;2005;1995;2005;2022;2055;4095;4095;4095;4095;4095;4095;4095;4095
417.2352788448334;2005;1999;1994;2004;1996;2004;2022;2054;4095;4095;4095;4095;4095;4095;4095;4095
418.26497650146484;2006;2000;1995;2004;1998;2004;2020;2056;4095;4095;4095;4095;4095;4095;4095;4095
419.29453015327454;2008;1998;1993;2004;1998;2005;2023;2054;4095;4095;4095;4095;4095;4095;4095;4095
420.33021807670593;2006;1997;1995;2003;1996;2007;2020;2056;4095;4095;4095;4095;4095;4095;4095;4095
421.3599524497986;2005;2001;1995;2003;1998;2005;2022;2054;4095;4095;4095;4095;4095;4095;4095;4095
422.3893394470215;2007;2000;1995;2005;1998;2006;2022;2057;4095;4095;4095;4095;4095;4095;4095;4095
423.418732881546;2009;1999;1995;2005;1998;2006;2022;2056;4095;4095;4095;4095;4095;4095;4095;4095
424.4494700431824;2007;1999;1995;2003;1997;2005;2021;2057;4095;4095;4095;4095;4095;4095;4095;4095
425.48260736465454;2008;2000;1995;2003;1998;2008;2020;2056;4095;4095;4095;4095;4095;4095;4095;4095
426.51231575012207;2008;2000;1994;2005;1999;2006;2023;2056;4095;4095;4095;4095;4095;4095;4095;4095
427.5419976711273;2009;2000;1997;2006;1997;2007;2022;2057;4095;4095;4095;4095;4095;4095;4095;4095
428.57249093055725;2008;2000;1997;2004;1998;2005;2023;2057;4095;4095;4095;4095;4095;4095;4095;4095
429.6021602153778;2008;2002;1994;2005;1998;2008;2022;2057;4095;4095;4095;4095;4095;4095;4095;4095
430.6369116306305;2009;1999;1995;2004;2000;2006;2022;2057;4095;4095;4095;4095;4095;4095;4095;4095
431.66769671440125;2009;2002;1996;2007;1999;2007;2022;2057;4095;4095;4095;4095;4095;4095;4095;4095
432.6974356174469;2009;2000;1996;2007;2000;2007;2022;2058;4095;4095;4095;4095;4095;4095;4095;4095
433.73071217536926;2009;2001;1998;2004;1999;2010;2023;2058;4095;4095;4095;4095;4095;4095;4095;4095
434.80638694763184;2008;2003;1996;2006;2001;2009;2024;2057;4095;4095;4095;4095;4095;4095;4095;4095
435.85860443115234;2009;2002;1997;2006;2000;2008;2023;2056;4095;4095;4095;4095;4095;4095;4095;4095
436.88914585113525;2010;2002;1997;2007;2001;2011;2024;2058;4095;4095;4095;4095;4095;4095;4095;4095
437.91862750053406;2010;2002;1997;2007;2002;2010;2023;2057;4095;4095;4095;4095;4095;4095;4095;4095
438.9483952522278;2011;2004;1999;2009;2002;2009;2024;2058;4095;4095;4095;4095;4095;4095;4095;4095
439.97810339927673;2012;2003;1996;2009;2001;2008;2024;2058;4095;4095;4095;4095;4095;4095;4095;4095
441.013876914978;2009;2003;1998;2007;2000;2009;2024;2057;4095;4095;4095;4095;4095;4095;4095;4095
442.04339027404785;2012;2003;1999;2009;2002;2009;2024;2059;4095;4095;4095;4095;4095;4095;4095;4095
443.07304430007935;2010;2002;1999;2006;2002;2011;2024;2057;4095;4095;4095;4095;4095;4095;4095;4095
444.10252952575684;2010;2002;1998;2007;2001;2011;2025;2058;4095;4095;4095;4095;4095;4095;4095;4095
445.13296914100647;2011;2003;2000;2008;2003;2011;2024;2060;4095;4095;4095;4095;4095;4095;4095;4095
446.1658880710602;2010;2004;2001;2008;2001;2011;2024;2059;4095;4095;4095;4095;4095;4095;4095;4095
447.19540572166443;2009;2005;1998;2007;2000;2009;2025;2059;4095;4095;4095;4095;4095;4095;4095;4095
448.22580337524414;2010;2003;1999;2008;2003;2010;2025;2059;4095;4095;4095;4095;4095;4095;4095;4095
449.255699634552;2011;2004;2001;2007;2003;2011;2026;2058;4095;4095;4095;4095;4095;4095;4095;4095
450.28534173965454;2012;2004;1999;2007;2003;2011;2025;2057;4095;4095;4095;4095;4095;4095;4095;4095
451.3202893733978;2010;2004;1998;2009;2003;2013;2026;2058;4095;4095;4095;4095;4095;4095;4095;4095
452.3509783744812;2012;2005;2001;2011;2002;2011;2026;2060;4095;4095;4095;4095;4095;4095;4095;4095
453.38053941726685;2012;2004;1999;2009;2003;2012;2027;2059;4095;4095;4095;4095;4095;4095;4095;4095
454.41015219688416;2012;2005;2001;2009;2003;2013;2028;2061;4095;4095;4095;4095;4095;4095;4095;4095
455.4399027824402;2012;2005;2001;2010;2003;2011;2025;2058;4095;4095;4095;4095;4095;4095;4095;4095
456.47527265548706;2012;2004;2000;2010;2004;2011;2025;2059;4095;4095;4095;4095;4095;4095;4095;4095
457.50507259368896;2012;2007;2001;2010;2006;2010;2028;2059;4095;4095;4095;4095;4095;4095;4095;4095
458.60827445983887;2013;2005;2003;2011;2005;2013;2029;2062;4095;4095;4095;4095;4095;4095;4095;4095
459.6377377510071;2014;2005;2001;2011;2005;2015;2029;2061;4095;4095;4095;4095;4095;4095;4095;4095
460.66780257225037;2010;2007;2002;2010;2005;2015;2026;2058;4095;4095;4095;4095;4095;4095;4095;4095
461.7010190486908;2013;2005;2003;2009;2006;2014;2027;2060;4095;4095;4095;4095;4095;4095;4095;4095
462.7304787635803;2013;2004;2002;2010;2005;2013;2025;2060;4095;4095;4095;4095;4095;4095;4095;4095
463.75995111465454;2013;2007;2000;2011;2004;2012;2028;2062;4095;4095;4095;4095;4095;4095;4095;4095
464.79034781455994;2012;2005;2001;2012;2003;2013;2027;2062;4095;4095;4095;4095;4095;4095;4095;4095
465.8207178115845;2014;2007;2003;2011;2004;2014;2029;2063;4095;4095;4095;4095;4095;4095;4095;4095
466.8531758785248;2016;2006;2004;2012;2005;2012;2028;2062;4095;4095;4095;4095;4095;4095;4095;4095
467.8826057910919;2014;2007;2001;2010;2005;2013;2027;2061;4095;4095;4095;4095;4095;4095;4095;4095
468.913414478302;2013;2007;2004;2011;2006;2015;2028;2062;4095;4095;4095;4095;4095;4095;4095;4095
469.94276189804077;2014;2007;2003;2013;2005;2012;2030;2062;4095;4095;4095;4095;4095;4095;4095;4095
470.97236013412476;2016;2008;2003;2011;2007;2015;2028;2061;4095;4095;4095;4095;4095;4095;4095;4095
472.01057529449463;2015;2008;2002;2011;2005;2015;2029;2062;4095;4095;4095;4095;4095;4095;4095;4095
473.0404484272003;2016;2009;2004;2012;2007;2015;2028;2062;4095;4095;4095;4095;4095;4095;4095;4095
474.07053208351135;2016;2009;2004;2012;2007;2017;2029;2064;4095;4095;4095;4095;4095;4095;4095;4095
475.1003131866455;2015;2008;2004;2012;2006;2015;2028;2061;4095;4095;4095;4095;4095;4095;4095;4095
476.1305375099182;2016;2008;2003;2013;2007;2015;2029;2064;4095;4095;4095;4095;4095;4095;4095;4095
477.1638810634613;2017;2009;2003;2011;2006;2013;2029;2062;4095;4095;4095;4095;4095;4095;4095;4095
478.1939742565155;2018;2009;2003;2014;2008;2016;2030;2061;4095;4095;4095;4095;4095;4095;4095;4095
479.22387433052063;2015;2008;2003;2011;2009;2016;2030;2065;4095;4095;4095;4095;4095;4095;4095;4095
480.2542564868927;2017;2009;2005;2013;2009;2016;2029;2064;4095;4095;4095;4095;4095;4095;4095;4095
481.3601944446564;2016;2009;2005;2014;2008;2018;2031;2062;4095;4095;4095;4095;4095;4095;4095;4095
482.3958914279938;2017;2008;2005;2014;2006;2014;2030;2063;4095;4095;4095;4095;4095;4095;4095;4095
483.4252815246582;2017;2009;2006;2014;2008;2016;2031;2063;4095;4095;4095;4095;4095;4095;4095;4095
484.45578598976135;2017;2012;2005;2012;2010;2015;2030;2065;4095;4095;4095;4095;4095;4095;4095;4095
485.48534512519836;2018;2010;2006;2015;2010;2018;2030;2062;4095;4095;4095;4095;4095;4095;4095;4095
486.51461911201477;2016;2009;2005;2013;2008;2019;2029;2062;4095;4095;4095;4095;4095;4095;4095;4095
487.54935908317566;2017;2010;2006;2015;2010;2017;2030;2062;4095;4095;4095;4095;4095;4095;4095;4095
488.58022141456604;2017;2009;2005;2014;2008;2018;2030;2064;4095;4095;4095;4095;4095;4095;4095;4095
489.61238527297974;2017;2011;2006;2016;2008;2017;2031;2063;4095;4095;4095;4095;4095;4095;4095;4095
490.6417496204376;2017;2010;2005;2014;2010;2016;2032;2064;4095;4095;4095;4095;4095;4095;4095;4095
491.67134618759155;2018;2010;2005;2016;2010;2016;2031;2065;4095;4095;4095;4095;4095;4095;4095;4095
492.7026107311249;2017;2011;2008;2014;2008;2018;2030;2063;4095;4095;4095;4095;4095;4095;4095;4095
493.73200964927673;2019;2012;2007;2017;2011;2019;2032;2066;4095;4095;4095;4095;4095;4095;4095;4095
494.7615644931793;2017;2011;2007;2013;2010;2018;2032;2065;4095;4095;4095;4095;4095;4095;4095;4095
495.7909848690033;2019;2010;2007;2015;2011;2018;2032;2064;4095;4095;4095;4095;4095;4095;4095;4095
496.8280727863312;2017;2011;2006;2016;2012;2020;2031;2065;4095;4095;4095;4095;4095;4095;4095;4095
497.8606081008911;2020;2012;2007;2015;2012;2020;2033;2066;4095;4095;4095;4095;4095;4095;4095;4095
498.89014863967896;2019;2012;2009;2016;2011;2020;2032;2064;4095;4095;4095;4095;4095;4095;4095;4095
499.92074751853943;2018;2009;2010;2019;2011;2020;2033;2066;4095;4095;4095;4095;4095;4095;4095;4095
500.9504671096802;2019;2011;2010;2016;2011;2021;2033;2066;4095;4095;4095;4095;4095;4095;4095;4095
501.9798574447632;2019;2012;2008;2015;2010;2019;2032;2065;4095;4095;4095;4095;4095;4095;4095;4095
503.01257848739624;2018;2012;2009;2016;2012;2019;2032;2065;4095;4095;4095;4095;4095;4095;4095;4095
504.1098461151123;2019;2014;2010;2016;2011;2019;2034;2067;4095;4095;4095;4095;4095;4095;4095;4095
505.15596890449524;2020;2014;2009;2016;2013;2020;2033;2065;4095;4095;4095;4095;4095;4095;4095;4095
506.18556666374207;2019;2013;2010;2018;2010;2020;2033;2066;4095;4095;4095;4095;4095;4095;4095;4095
507.21499013900757;2019;2014;2009;2016;2013;2023;2031;2064;4095;4095;4095;4095;4095;4095;4095;4095
508.24842500686646;2021;2012;2010;2018;2012;2022;2033;2063;4095;4095;4095;4095;4095;4095;4095;4095
509.2779757976532;2021;2014;2009;2018;2012;2020;2034;2067;4095;4095;4095;4095;4095;4095;4095;4095
510.3074514865875;2020;2013;2008;2019;2012;2021;2034;2066;4095;4095;4095;4095;4095;4095;4095;4095
511.3368287086487;2021;2014;2011;2017;2013;2022;2032;2064;4095;4095;4095;4095;4095;4095;4095;4095
512.3665387630463;2020;2013;2009;2020;2012;2021;2034;2065;4095;4095;4095;4095;4095;4095;4095;4095
513.3988795280457;2021;2013;2011;2017;2013;2021;2034;2068;4095;4095;4095;4095;4095;4095;4095;4095
514.4284796714783;2020;2015;2011;2019;2012;2021;2035;2067;4095;4095;4095;4095;4095;4095;4095;4095
515.4580535888672;2021;2015;2011;2019;2014;2021;2035;2066;4095;4095;4095;4095;4095;4095;4095;4095
516.4886960983276;2022;2015;2010;2020;2015;2021;2033;2067;4095;4095;4095;4095;4095;4095;4095;4095
517.5183391571045;2021;2016;2008;2019;2016;2021;2035;2068;4095;4095;4095;4095;4095;4095;4095;4095
518.5508236885071;2022;2015;2012;2018;2014;2023;2036;2067;4095;4095;4095;4095;4095;4095;4095;4095
519.5803804397583;2021;2016;2011;2021;2014;2022;2033;2069;4095;4095;4095;4095;4095;4095;4095;4095
520.6108829975128;2022;2015;2011;2018;2014;2022;2034;2066;4095;4095;4095;4095;4095;4095;4095;4095
521.640567779541;2023;2016;2011;2020;2014;2022;2035;2066;4095;4095;4095;4095;4095;4095;4095;4095
522.6700308322906;2023;2015;2011;2018;2015;2022;2036;2066;4095;4095;4095;4095;4095;4095;4095;4095
523.7049870491028;2022;2016;2011;2019;2015;2025;2037;2068;4095;4095;4095;4095;4095;4095;4095;4095
524.7345857620239;2022;2017;2012;2019;2014;2023;2034;2069;4095;4095;4095;4095;4095;4095;4095;4095
525.7642271518707;2022;2016;2012;2019;2014;2022;2036;2068;4095;4095;4095;4095;4095;4095;4095;4095
526.8576853275299;2021;2014;2013;2022;2015;2022;2034;2066;4095;4095;4095;4095;4095;4095;4095;4095
527.8865492343903;2022;2017;2013;2021;2016;2022;2037;2067;4095;4095;4095;4095;4095;4095;4095;4095
528.9220061302185;2023;2016;2014;2018;2015;2023;2036;2068;4095;4095;4095;4095;4095;4095;4095;4095
529.9517953395844;2023;2017;2013;2020;2016;2025;2035;2068;4095;4095;4095;4095;4095;4095;4095;4095
530.9812822341919;2023;2018;2010;2020;2014;2022;2034;2067;4095;4095;4095;4095;4095;4095;4095;4095
532.0107114315033;2022;2016;2013;2020;2017;2024;2037;2069;4095;4095;4095;4095;4095;4095;4095;4095
533.0411157608032;2024;2016;2014;2022;2015;2024;2035;2067;4095;4095;4095;4095;4095;4095;4095;4095
534.0769190788269;2023;2016;2013;2021;2015;2024;2036;2067;4095;4095;4095;4095;4095;4095;4095;4095
535.1063513755798;2024;2018;2013;2021;2016;2025;2034;2067;4095;4095;4095;4095;4095;4095;4095;4095
536.1358957290649;2023;2018;2011;2023;2016;2027;2036;2070;4095;4095;4095;4095;4095;4095;4095;4095
537.1663966178894;2024;2015;2013;2020;2017;2026;2036;2068;4095;4095;4095;4095;4095;4095;4095;4095
538.19580078125;2023;2016;2012;2022;2017;2024;2034;2067;4095;4095;4095;4095;4095;4095;4095;4095
539.2288889884949;2023;2017;2012;2020;2018;2026;2036;2069;4095;4095;4095;4095;4095;4095;4095;4095
540.2583014965057;2024;2019;2012;2021;2017;2024;2036;2069;4095;4095;4095;4095;4095;4095;4095;4095
541.2887971401215;2025;2019;2014;2020;2017;2025;2038;2068;4095;4095;4095;4095;4095;4095;4095;4095
542.3181509971619;2024;2019;2013;2024;2019;2027;2038;2070;4095;4095;4095;4095;4095;4095;4095;4095
543.347470998764;2022;2019;2014;2022;2019;2024;2038;2069;4095;4095;4095;4095;4095;4095;4095;4095
544.3826472759247;2023;2017;2013;2023;2017;2024;2036;2069;4095;4095;4095;4095;4095;4095;4095;4095
545.4305226802826;2025;2018;2014;2023;2018;2027;2037;2069;4095;4095;4095;4095;4095;4095;4095;4095
546.4603383541107;2024;2018;2015;2023;2017;2026;2038;2069;4095;4095;4095;4095;4095;4095;4095;4095
547.489907503128;2025;2019;2014;2022;2018;2028;2038;2069;4095;4095;4095;4095;4095;4095;4095;4095
548.5204706192017;2024;2018;2013;2023;2018;2025;2037;2070;4095;4095;4095;4095;4095;4095;4095;4095
549.6095962524414;2025;2019;2016;2022;2018;2026;2039;2070;4095;4095;4095;4095;4095;4095;4095;4095
550.6394715309143;2027;2019;2014;2022;2018;2027;2038;2071;4095;4095;4095;4095;4095;4095;4095;4095
551.6689038276672;2026;2020;2015;2023;2018;2026;2038;2070;4095;4095;4095;4095;4095;4095;4095;4095
552.698184967041;2026;2019;2016;2025;2018;2026;2039;2071;4095;4095;4095;4095;4095;4095;4095;4095
553.7287955284119;2027;2019;2017;2023;2019;2026;2038;2069;4095;4095;4095;4095;4095;4095;4095;4095
554.7583756446838;2025;2020;2016;2023;2019;2027;2037;2070;4095;4095;4095;4095;4095;4095;4095;4095
555.7878320217133;2026;2019;2018;2023;2019;2029;2039;2071;4095;4095;4095;4095;4095;4095;4095;4095
556.8177552223206;2025;2020;2017;2022;2019;2027;2038;2072;4095;4095;4095;4095;4095;4095;4095;4095
557.848495721817;2025;2020;2018;2025;2020;2027;2039;2070;4095;4095;4095;4095;4095;4095;4095;4095
558.8779354095459;2028;2021;2016;2025;2020;2027;2037;2071;4095;4095;4095;4095;4095;4095;4095;4095
559.9103860855103;2027;2019;2016;2023;2020;2031;2040;2071;4095;4095;4095;4095;4095;4095;4095;4095
560.9404513835907;2025;2020;2016;2025;2021;2028;2039;2069;4095;4095;4095;4095;4095;4095;4095;4095
561.971141576767;2026;2022;2016;2024;2020;2027;2040;2070;4095;4095;4095;4095;4095;4095;4095;4095
563.0006868839264;2026;2020;2015;2023;2021;2027;2039;2070;4095;4095;4095;4095;4095;4095;4095;4095
564.0300209522247;2028;2021;2018;2024;2020;2028;2041;2072;4095;4095;4095;4095;4095;4095;4095;4095
565.067803144455;2027;2021;2017;2026;2020;2028;2039;2070;4095;4095;4095;4095;4095;4095;4095;4095
566.0976090431213;2027;2019;2017;2023;2019;2027;2038;2071;4095;4095;4095;4095;4095;4095;4095;4095
567.1274507045746;2028;2021;2017;2025;2022;2029;2040;2072;4095;4095;4095;4095;4095;4095;4095;4095
568.1569383144379;2027;2021;2018;2025;2020;2028;2040;2070;4095;4095;4095;4095;4095;4095;4095;4095
569.186539888382;2026;2024;2016;2026;2022;2029;2040;2073;4095;4095;4095;4095;4095;4095;4095;4095
570.2212283611298;2029;2021;2017;2025;2020;2029;2040;2072;4095;4095;4095;4095;4095;4095;4095;4095
571.2506518363953;2026;2022;2018;2025;2022;2029;2042;2072;4095;4095;4095;4095;4095;4095;4095;4095
572.3590791225433;2027;2021;2020;2026;2021;2027;2039;2072;4095;4095;4095;4095;4095;4095;4095;4095
573.3888311386108;2028;2024;2019;2024;2022;2031;2040;2071;4095;4095;4095;4095;4095;4095;4095;4095
574.4192907810211;2028;2022;2018;2024;2020;2029;2040;2072;4095;4095;4095;4095;4095;4095;4095;4095
575.4523906707764;2028;2021;2018;2025;2021;2031;2041;2074;4095;4095;4095;4095;4095;4095;4095;4095
576.4822404384613;2029;2021;2017;2026;2022;2030;2040;2072;4095;4095;4095;4095;4095;4095;4095;4095
577.513108253479;2029;2025;2018;2026;2023;2030;2040;2072;4095;4095;4095;4095;4095;4095;4095;4095
578.5431842803955;2029;2021;2017;2028;2023;2030;2039;2072;4095;4095;4095;4095;4095;4095;4095;4095
579.5731451511383;2031;2022;2022;2027;2021;2031;2041;2073;4095;4095;4095;4095;4095;4095;4095;4095
580.6054553985596;2028;2024;2017;2025;2021;2029;2042;2072;4095;4095;4095;4095;4095;4095;4095;4095
581.6358726024628;2029;2025;2020;2029;2023;2030;2041;2072;4095;4095;4095;4095;4095;4095;4095;4095
582.665295124054;2028;2023;2021;2025;2022;2029;2043;2073;4095;4095;4095;4095;4095;4095;4095;4095
583.6947321891785;2028;2022;2019;2027;2021;2031;2041;2072;4095;4095;4095;4095;4095;4095;4095;4095
584.7243273258209;2030;2023;2020;2028;2023;2032;2043;2072;4095;4095;4095;4095;4095;4095;4095;4095
585.7603466510773;2029;2023;2020;2027;2022;2030;2042;2072;4095;4095;4095;4095;4095;4095;4095;4095
586.7898488044739;2029;2023;2021;2027;2022;2030;2039;2073;4095;4095;4095;4095;4095;4095;4095;4095
587.8199198246002;2030;2023;2021;2026;2024;2030;2042;2071;4095;4095;4095;4095;4095;4095;4095;4095
588.8501482009888;2030;2024;2021;2027;2024;2033;2040;2073;4095;4095;4095;4095;4095;4095;4095;4095
589.8806717395782;2030;2024;2019;2027;2023;2032;2042;2074;4095;4095;4095;4095;4095;4095;4095;4095
590.9137132167816;2015;2023;2021;2027;2023;2031;2041;2075;4095;4095;4095;4095;4095;4095;4095;4095
591.9434225559235;2030;2025;2020;2026;2024;2032;2041;2074;4095;4095;4095;4095;4095;4095;4095;4095
592.9745380878448;2029;2024;2022;2026;2023;2032;2042;2072;4095;4095;4095;4095;4095;4095;4095;4095
594.0044136047363;2029;2025;2020;2029;2025;2034;2040;2072;4095;4095;4095;4095;4095;4095;4095;4095
595.1133441925049;2032;2025;2021;2027;2022;2034;2041;2072;4095;4095;4095;4095;4095;4095;4095;4095
596.1464903354645;2030;2027;2021;2029;2023;2034;2041;2074;4095;4095;4095;4095;4095;4095;4095;4095
597.1760740280151;2030;2026;2022;2030;2025;2033;2042;2073;4095;4095;4095;4095;4095;4095;4095;4095
598.2065272331238;2029;2025;2021;2027;2024;2032;2042;2073;4095;4095;4095;4095;4095;4095;4095;4095
599.2364253997803;2031;2024;2021;2029;2026;2034;2042;2075;4095;4095;4095;4095;4095;4095;4095;4095
600.2658741474152;2032;2024;2021;2029;2025;2033;2043;2074;4095;4095;4095;4095;4095;4095;4095;4095
601.3007943630219;2033;2027;2021;2029;2025;2033;2043;2074;4095;4095;4095;4095;4095;4095;4095;4095
602.3314175605774;2031;2027;2022;2029;2024;2034;2045;2075;4095;4095;4095;4095;4095;4095;4095;4095
603.3608620166779;2031;2027;2023;2029;2024;2034;2043;2074;4095;4095;4095;4095;4095;4095;4095;4095
604.3904128074646;2028;2027;2021;2029;2025;2034;2044;2074;4095;4095;4095;4095;4095;4095;4095;4095
605.4200241565704;2031;2026;2021;2030;2028;2035;2042;2074;4095;4095;4095;4095;4095;4095;4095;4095
606.4559633731842;2033;2026;2022;2030;2026;2032;2046;2074;4095;4095;4095;4095;4095;4095;4095;4095
607.4852955341339;2032;2026;2022;2029;2026;2034;2043;2074;4095;4095;4095;4095;4095;4095;4095;4095
608.514945268631;2031;2026;2022;2030;2024;2034;2043;2075;4095;4095;4095;4095;4095;4095;4095;4095
609.5454185009003;2030;2027;2022;2030;2026;2034;2045;2075;4095;4095;4095;4095;4095;4095;4095;4095
610.5749909877777;2030;2027;2025;2030;2027;2032;2044;2076;4095;4095;4095;4095;4095;4095;4095;4095
611.6083424091339;2030;2026;2023;2030;2027;2034;2044;2073;4095;4095;4095;4095;4095;4095;4095;4095
612.6378338336945;2033;2028;2023;2031;2028;2034;2043;2075;4095;4095;4095;4095;4095;4095;4095;4095
613.6683497428894;2032;2028;2022;2029;2026;2035;2044;2074;4095;4095;4095;4095;4095;4095;4095;4095
614.6979987621307;2032;2025;2021;2031;2027;2036;2045;2073;4095;4095;4095;4095;4095;4095;4095;4095
615.7272789478302;2034;2027;2024;2032;2024;2034;2046;2074;4095;4095;4095;4095;4095;4095;4095;4095
616.7620077133179;2035;2026;2022;2031;2027;2035;2045;2074;4095;4095;4095;4095;4095;4095;4095;4095
617.8579792976379;2033;2027;2022;2030;2028;2035;2044;2075;4095;4095;4095;4095;4095;4095;4095;4095
618.8885765075684;2034;2027;2024;2031;2025;2034;2044;2075;4095;4095;4095;4095;4095;4095;4095;4095
619.9183852672577;2033;2028;2025;2031;2026;2034;2046;2076;4095;4095;4095;4095;4095;4095;4095;4095
