1683549245.418532,od_lede,0,0,0,0,0,0,0,0,0,0,0,0,0,0,0,0
1683549261.9323986,od_lede,82,82,82,82,82,82,82,82,82,82,82,82,82,82,82,82
1683549278.3641865,od_lede,164,164,164,164,164,164,164,164,164,164,164,164,164,164,164,164
1683549294.7532141,od_lede,246,246,246,246,246,246,246,246,246,246,246,246,246,246,246,246
1683549311.144291,od_lede,328,328,328,328,328,328,328,328,328,328,328,328,328,328,328,328
1683549327.4952483,od_lede,410,410,410,410,410,410,410,410,410,410,410,410,410,410,410,410
1683549343.841926,od_lede,491,491,491,491,491,491,491,491,491,491,491,491,491,491,491,491
1683549360.2056794,od_lede,573,573,573,573,573,573,573,573,573,573,573,573,573,573,573,573
1683549376.6074634,od_lede,655,655,655,655,655,655,655,655,655,655,655,655,655,655,655,655
1683549392.9554954,od_lede,737,737,737,737,737,737,737,737,737,737,737,737,737,737,737,737
1683549409.2963026,od_lede,819,819,819,819,819,819,819,819,819,819,819,819,819,819,819,819
1683549425.680239,od_lede,901,901,901,901,901,901,901,901,901,901,901,901,901,901,901,901
1683549442.0778646,od_lede,983,983,983,983,983,983,983,983,983,983,983,983,983,983,983,983
1683549458.4234622,od_lede,1065,1065,1065,1065,1065,1065,1065,1065,1065,1065,1065,1065,1065,1065,1065,1065
1683549474.8382614,od_lede,1147,1147,1147,1147,1147,1147,1147,1147,1147,1147,1147,1147,1147,1147,1147,1147
1683549491.2735188,od_lede,1228,1228,1228,1228,1228,1228,1228,1228,1228,1228,1228,1228,1228,1228,1228,1228
1683549507.7103896,od_lede,1310,1310,1310,1310,1310,1310,1310,1310,1310,1310,1310,1310,1310,1310,1310,1310
1683549524.1475725,od_lede,1392,1392,1392,1392,1392,1392,1392,1392,1392,1392,1392,1392,1392,1392,1392,1392
1683549540.5839818,od_lede,1474,1474,1474,1474,1474,1474,1474,1474,1474,1474,1474,1474,1474,1474,1474,1474
1683549556.9390917,od_lede,1556,1556,1556,1556,1556,1556,1556,1556,1556,1556,1556,1556,1556,1556,1556,1556
1683549573.376317,od_lede,1638,1638,1638,1638,1638,1638,1638,1638,1638,1638,1638,1638,1638,1638,1638,1638
1683549589.808815,od_lede,1720,1720,1720,1720,1720,1720,1720,1720,1720,1720,1720,1720,1720,1720,1720,1720
1683549606.244316,od_lede,1802,1802,1802,1802,1802,1802,1802,1802,1802,1802,1802,1802,1802,1802,1802,1802
1683549622.68031,od_lede,1884,1884,1884,1884,1884,1884,1884,1884,1884,1884,1884,1884,1884,1884,1884,1884
1683549639.1150177,od_lede,1966,1966,1966,1966,1966,1966,1966,1966,1966,1966,1966,1966,1966,1966,1966,1966
1683549655.4719517,od_lede,2048,2048,2048,2048,2048,2048,2048,2048,2048,2048,2048,2048,2048,2048,2048,2048
1683549671.8262017,od_lede,2129,2129,2129,2129,2129,2129,2129,2129,2129,2129,2129,2129,2129,2129,2129,2129
1683549688.173606,od_lede,2211,2211,2211,2211,2211,2211,2211,2211,2211,2211,2211,2211,2211,2211,2211,2211
1683549704.5277617,od_lede,2293,2293,2293,2293,2293,2293,2293,2293,2293,2293,2293,2293,2293,2293,2293,2293
1683549720.8753083,od_lede,2375,2375,2375,2375,2375,2375,2375,2375,2375,2375,2375,2375,2375,2375,2375,2375
1683549737.226524,od_lede,2457,2457,2457,2457,2457,2457,2457,2457,2457,2457,2457,2457,2457,2457,2457,2457
1683549753.5879264,od_lede,2539,2539,2539,2539,2539,2539,2539,2539,2539,2539,2539,2539,2539,2539,2539,2539
1683549769.9371946,od_lede,2621,2621,2621,2621,2621,2621,2621,2621,2621,2621,2621,2621,2621,2621,2621,2621
1683549786.2795196,od_lede,2703,2703,2703,2703,2703,2703,2703,2703,2703,2703,2703,2703,2703,2703,2703,2703
1683549802.6607063,od_lede,2785,2785,2785,2785,2785,2785,2785,2785,2785,2785,2785,2785,2785,2785,2785,2785
1683549819.020124,od_lede,2866,2866,2866,2866,2866,2866,2866,2866,2866,2866,2866,2866,2866,2866,2866,2866
1683549835.4016588,od_lede,2948,2948,2948,2948,2948,2948,2948,2948,2948,2948,2948,2948,2948,2948,2948,2948
1683549851.8391335,od_lede,3030,3030,3030,3030,3030,3030,3030,3030,3030,3030,3030,3030,3030,3030,3030,3030
1683549868.2756996,od_lede,3112,3112,3112,3112,3112,3112,3112,3112,3112,3112,3112,3112,3112,3112,3112,3112
1683549884.709145,od_lede,3194,3194,3194,3194,3194,3194,3194,3194,3194,3194,3194,3194,3194,3194,3194,3194
1683549901.146937,od_lede,3276,3276,3276,3276,3276,3276,3276,3276,3276,3276,3276,3276,3276,3276,3276,3276
1683549917.5839543,od_lede,3358,3358,3358,3358,3358,3358,3358,3358,3358,3358,3358,3358,3358,3358,3358,3358
1683549933.93686,od_lede,3440,3440,3440,3440,3440,3440,3440,3440,3440,3440,3440,3440,3440,3440,3440,3440
1683549950.3754966,od_lede,3522,3522,3522,3522,3522,3522,3522,3522,3522,3522,3522,3522,3522,3522,3522,3522
1683549966.831216,od_lede,3604,3604,3604,3604,3604,3604,3604,3604,3604,3604,3604,3604,3604,3604,3604,3604
1683549983.242875,od_lede,3686,3686,3686,3686,3686,3686,3686,3686,3686,3686,3686,3686,3686,3686,3686,3686
1683549999.6787996,od_lede,3767,3767,3767,3767,3767,3767,3767,3767,3767,3767,3767,3767,3767,3767,3767,3767
1683550016.1196785,od_lede,3849,3849,3849,3849,3849,3849,3849,3849,3849,3849,3849,3849,3849,3849,3849,3849
1683550032.467971,od_lede,3931,3931,3931,3931,3931,3931,3931,3931,3931,3931,3931,3931,3931,3931,3931,3931
1683550048.81883,od_lede,4013,4013,4013,4013,4013,4013,4013,4013,4013,4013,4013,4013,4013,4013,4013,4013
1683550065.1645176,od_lede,4095,4095,4095,4095,4095,4095,4095,4095,4095,4095,4095,4095,4095,4095,4095,4095
