1681729679.239748,tempb,4080,4078,1959,2009,4080,4079,1964,2101,4079,4078,2005,2019,4079,4076,1966,2020
1681729683.437389,tempb,4077,4077,1960,2007,4080,4077,1961,2098,4079,4078,2004,2020,4079,4078,1965,2019
1681729695.5079362,tempb,4077,4077,1954,1998,4078,4077,1954,2091,4076,4079,2003,2019,4076,4077,1962,2015
1681729707.579801,tempb,4074,4079,1943,1979,4078,4079,1943,2076,4077,4076,1997,2010,4075,4078,1953,2004
1681729719.6706424,tempb,4078,4079,1931,1962,4077,4077,1929,2063,4079,4077,1989,2005,4077,4077,1943,1993
1681729731.7372985,tempb,4079,4077,1917,1942,4079,4077,1919,2044,4080,4076,1980,1993,4079,4077,1932,1980
1681729743.813876,tempb,4078,4079,1903,1927,4079,4078,1904,2027,4078,4078,1967,1985,4078,4078,1921,1968
1681729755.8893785,tempb,4079,4078,1890,1912,4078,4078,1891,2015,4079,4077,1959,1974,4077,4077,1910,1954
1681729767.9603503,tempb,4077,4078,1877,1895,4078,4079,1880,2002,4077,4078,1949,1965,4079,4078,1900,1944
1681729780.0322766,tempb,4080,4078,1868,1883,4078,4077,1868,1987,4078,4077,1940,1953,4079,4080,1888,1933
1681729792.1011121,tempb,4077,4077,1858,1870,4077,4077,1857,1974,4078,4076,1928,1943,4080,4077,1880,1920
1681729804.169336,tempb,4076,4076,1847,1859,4079,4077,1849,1964,4079,4075,1921,1932,4076,4078,1870,1910
1681729816.2404425,tempb,4079,4079,1838,1848,4076,4077,1840,1955,4078,4076,1911,1924,4080,4076,1861,1901
1681729828.3299048,tempb,4075,4078,1829,1836,4079,4077,1830,1941,4077,4078,1902,1916,4079,4076,1853,1892
1681729840.4296567,tempb,4076,4078,1821,1824,4079,4078,1821,1931,4077,4078,1895,1903,4076,4076,1844,1883
1681729852.5013797,tempb,4078,4076,1812,1815,4079,4077,1815,1923,4077,4077,1887,1896,4077,4077,1835,1876
1681729864.5713196,tempb,4077,4077,1803,1805,4076,4077,1804,1912,4078,4077,1878,1887,4078,4079,1828,1867
1681729876.6432092,tempb,4078,4077,1798,1797,4078,4075,1798,1904,4075,4078,1871,1878,4078,4076,1820,1858
1681729888.7144525,tempb,4077,4078,1790,1787,4077,4078,1790,1896,4079,4075,1861,1871,4077,4077,1814,1851
1681729900.7935283,tempb,4078,4077,1782,1779,4078,4079,1782,1890,4079,4077,1854,1862,4078,4079,1807,1846
1681729912.8615315,tempb,4079,4077,1776,1769,4078,4077,1775,1882,4076,4076,1849,1855,4079,4077,1799,1837
1681729924.9334643,tempb,4081,4076,1768,1762,4078,4079,1767,1871,4078,4078,1842,1846,4077,4076,1794,1831
1681729937.0049987,tempb,4078,4079,1759,1754,4077,4078,1762,1865,4078,4078,1834,1840,4079,4078,1786,1825
1681729949.0772882,tempb,4077,4077,1753,1746,4078,4078,1754,1857,4079,4076,1828,1833,4079,4078,1781,1817
1681729961.149364,tempb,4078,4078,1748,1739,4078,4079,1747,1851,4077,4078,1819,1825,4078,4077,1777,1811
1681729973.2228718,tempb,4078,4078,1742,1732,4079,4076,1740,1842,4077,4076,1814,1817,4079,4079,1769,1806
1681729985.2915263,tempb,4076,4076,1736,1726,4075,4078,1735,1837,4077,4076,1808,1810,4077,4076,1761,1797
1681729997.397709,tempb,4079,4078,1729,1718,4077,4077,1728,1829,4076,4078,1801,1805,4076,4080,1756,1792
1681730009.471037,tempb,4078,4077,1724,1712,4079,4076,1723,1822,4078,4078,1796,1796,4078,4075,1751,1787
1681730021.5429292,tempb,4077,4078,1718,1703,4078,4078,1717,1817,4080,4078,1789,1793,4079,4078,1746,1781
1681730033.6146398,tempb,4079,4077,1712,1699,4079,4075,1709,1810,4078,4078,1784,1788,4076,4078,1741,1775
1681730045.6860025,tempb,4079,4077,1706,1691,4079,4078,1702,1804,4079,4079,1779,1778,4077,4079,1732,1767
1681730057.7577581,tempb,4077,4079,1702,1686,4077,4078,1699,1801,4077,4078,1775,1774,4078,4077,1729,1762
1681730069.8264148,tempb,4076,4078,1696,1680,4077,4078,1691,1793,4078,4077,1764,1766,4078,4078,1722,1757
1681730081.9008367,tempb,4079,4079,1691,1674,4078,4078,1686,1785,4079,4078,1759,1762,4076,4081,1719,1752
1681730093.9693222,tempb,4076,4078,1685,1669,4077,4078,1681,1781,4078,4078,1753,1754,4079,4078,1712,1747
1681730106.0411744,tempb,4078,4077,1679,1661,4079,4078,1677,1775,4078,4077,1751,1752,4077,4078,1706,1743
1681730118.1133363,tempb,4078,4077,1673,1658,4078,4076,1670,1768,4078,4076,1740,1745,4078,4079,1701,1736
1681730130.185032,tempb,4078,4078,1671,1649,4079,4077,1666,1762,4076,4077,1736,1738,4078,4079,1700,1731
1681730142.2560844,tempb,4076,4077,1663,1644,4078,4078,1660,1757,4078,4077,1731,1734,4077,4077,1692,1728
1681730154.3255234,tempb,4077,4077,1659,1641,4077,4076,1654,1750,4077,4077,1726,1730,4079,4077,1687,1724
1681730166.4108906,tempb,4078,4078,1655,1634,4078,4077,1650,1746,4079,4078,1721,1724,4078,4078,1683,1720
1681730178.4843278,tempb,4079,4076,1649,1628,4080,4077,1643,1738,4076,4077,1715,1719,4077,4076,1679,1715
1681730190.5562325,tempb,4078,4079,1645,1623,4077,4077,1637,1737,4076,4077,1710,1714,4079,4078,1675,1710
1681730202.6253006,tempb,4077,4075,1639,1619,4076,4077,1635,1727,4078,4075,1706,1709,4076,4077,1668,1706
1681730214.6963537,tempb,4078,4077,1634,1614,4079,4077,1629,1726,4077,4077,1700,1706,4080,4079,1663,1701
1681730226.7672505,tempb,4079,4077,1629,1609,4078,4076,1626,1719,4076,4079,1695,1700,4076,4078,1660,1697
1681730238.839657,tempb,4078,4077,1623,1605,4078,4078,1619,1715,4076,4075,1689,1694,4079,4075,1655,1691
1681730250.9838824,tempb,4078,4078,1621,1598,4079,4076,1615,1708,4077,4076,1686,1690,4077,4076,1650,1687
1681730263.0575078,tempb,4077,4079,1613,1594,4078,4079,1609,1702,4077,4078,1680,1688,4078,4077,1646,1682
1681730275.1286173,tempb,4079,4079,1610,1590,4080,4078,1604,1699,4077,4076,1675,1681,4079,4077,1641,1677
1681730287.200894,tempb,4078,4078,1605,1584,4080,4078,1600,1692,4078,4077,1670,1677,4077,4077,1636,1673
1681730299.2693002,tempb,4077,4076,1600,1579,4078,4078,1595,1677,4079,4078,1666,1672,4076,4077,1633,1668
1681730311.3409364,tempb,4078,4079,1596,1573,4079,4077,1590,1683,4078,4078,1662,1665,4079,4078,1627,1664
1681730323.4120958,tempb,4077,4078,1593,1569,4079,4077,1583,1679,4078,4076,1658,1662,4079,4079,1621,1658
1681730335.5417528,tempb,4080,4077,1587,1564,4077,4078,1581,1677,4075,4077,1652,1659,4078,4077,1617,1655
1681730347.6142454,tempb,4078,4077,1583,1561,4077,4078,1576,1670,4078,4077,1648,1655,4078,4079,1615,1650
1681730359.6865366,tempb,4078,4077,1576,1558,4080,4078,1572,1665,4076,4076,1645,1651,4078,4079,1612,1650
1681730371.7575016,tempb,4078,4079,1573,1552,4078,4076,1567,1661,4077,4077,1640,1646,4078,4078,1608,1643
1681730383.8294287,tempb,4077,4077,1570,1547,4077,4079,1563,1658,4078,4078,1634,1643,4078,4078,1604,1639
1681730395.8958378,tempb,4077,4077,1567,1541,4076,4080,1558,1652,4078,4077,1631,1639,4078,4077,1598,1637
1681730408.0682783,tempb,4075,4078,1562,1539,4077,4077,1555,1647,4078,4078,1627,1633,4077,4078,1594,1633
1681730420.1412604,tempb,4078,4077,1556,1534,4080,4078,1549,1646,4079,4077,1623,1631,4079,4077,1591,1629
1681730432.2158265,tempb,4078,4078,1554,1529,4079,4077,1546,1641,4078,4079,1618,1627,4079,4079,1588,1623
1681730444.2885475,tempb,4075,4076,1547,1525,4078,4076,1542,1637,4078,4077,1613,1622,4076,4077,1582,1619
1681730456.3602881,tempb,4078,4077,1545,1522,4078,4077,1536,1634,4077,4077,1609,1619,4078,4077,1579,1618
1681730468.433559,tempb,4078,4077,1540,1517,4079,4077,1535,1627,4078,4077,1606,1615,4079,4077,1574,1612
1681730480.4967055,tempb,4078,4077,1536,1512,4077,4078,1532,1625,4078,4077,1601,1610,4077,4077,1570,1609
1681730492.594691,tempb,4077,4078,1535,1511,4077,4077,1524,1621,4079,4078,1598,1609,4078,4077,1569,1605
1681730504.6662972,tempb,4077,4076,1528,1506,4078,4075,1522,1615,4078,4078,1595,1603,4076,4078,1565,1600
1681730516.7300901,tempb,4075,4080,1522,1500,4077,4075,1516,1612,4076,4076,1590,1599,4077,4076,1561,1599
1681730528.8022203,tempb,4077,4076,1523,1498,4077,4078,1511,1610,4077,4079,1587,1595,4078,4077,1558,1595
1681730540.8732285,tempb,4078,4079,1518,1493,4078,4077,1508,1606,4079,4079,1582,1592,4079,4078,1551,1591
1681730552.945523,tempb,4078,4077,1514,1490,4077,4076,1504,1602,4078,4077,1577,1587,4076,4076,1549,1589
1681730565.0176613,tempb,4078,4078,1511,1486,4077,4076,1502,1598,4078,4077,1574,1584,4077,4077,1544,1583
1681730577.0888076,tempb,4078,4078,1507,1485,4079,4078,1498,1593,4080,4077,1570,1582,4080,4079,1542,1582
1681730589.164096,tempb,4079,4077,1504,1479,4080,4077,1495,1587,4077,4078,1566,1577,4077,4077,1539,1578
1681730601.2296178,tempb,4076,4078,1500,1475,4080,4078,1491,1584,4077,4077,1564,1574,4079,4079,1536,1576
1681730613.302089,tempb,4078,4080,1495,1470,4078,4077,1487,1583,4077,4078,1559,1570,4077,4077,1531,1568
1681730625.3653305,tempb,4077,4078,1493,1468,4078,4077,1482,1577,4078,4077,1556,1566,4076,4077,1529,1569
1681730637.437524,tempb,4077,4077,1489,1464,4076,4078,1481,1573,4077,4075,1552,1565,4079,4077,1524,1564
1681730649.5062807,tempb,4078,4077,1486,1462,4079,4078,1478,1573,4077,4077,1548,1562,4078,4076,1520,1564
1681730661.5785236,tempb,4079,4076,1482,1456,4076,4077,1471,1567,4075,4076,1544,1555,4078,4077,1518,1558
1681730673.6535296,tempb,4078,4079,1480,1454,4079,4080,1469,1566,4080,4078,1542,1554,4077,4078,1514,1556
1681730685.7255647,tempb,4078,4078,1478,1452,4077,4077,1466,1561,4077,4077,1538,1551,4078,4077,1512,1554
1681730697.7977014,tempb,4078,4079,1473,1445,4078,4079,1464,1562,4080,4078,1534,1550,4081,4078,1510,1552
1681730709.8690357,tempb,4077,4076,1468,1444,4077,4077,1459,1554,4078,4077,1531,1546,4076,4076,1504,1545
1681730721.93752,tempb,4077,4079,1466,1440,4079,4077,1455,1556,4078,4079,1527,1542,4076,4078,1503,1545
1681730734.0053892,tempb,4076,4077,1462,1436,4077,4076,1452,1550,4078,4075,1524,1539,4079,4075,1499,1543
1681730746.0778055,tempb,4077,4079,1460,1434,4081,4079,1448,1545,4080,4078,1523,1536,4079,4077,1497,1539
1681730758.1522713,tempb,4077,4076,1456,1430,4077,4078,1444,1541,4077,4075,1517,1531,4078,4078,1492,1536
1681730770.2283728,tempb,4078,4077,1452,1426,4078,4077,1443,1543,4077,4078,1516,1528,4077,4078,1489,1531
1681730782.2916014,tempb,4078,4078,1450,1425,4077,4078,1440,1536,4076,4076,1511,1526,4078,4077,1486,1530
1681730794.3614116,tempb,4080,4078,1448,1422,4077,4078,1436,1533,4077,4077,1510,1523,4079,4078,1484,1527
1681730806.4295259,tempb,4079,4076,1444,1419,4076,4077,1433,1529,4076,4078,1506,1521,4079,4079,1482,1524
1681730818.4973755,tempb,4079,4076,1442,1415,4077,4078,1429,1528,4078,4077,1502,1517,4078,4076,1477,1521
1681730830.5702996,tempb,4078,4078,1440,1412,4078,4075,1428,1523,4077,4075,1501,1514,4078,4076,1475,1518
1681730842.6412735,tempb,4078,4078,1433,1407,4077,4076,1422,1522,4078,4077,1497,1512,4076,4077,1473,1517
1681730854.7123706,tempb,4077,4076,1432,1406,4078,4078,1420,1520,4078,4077,1495,1507,4078,4078,1470,1516
1681730866.7843497,tempb,4077,4079,1428,1402,4078,4077,1417,1514,4077,4075,1492,1506,4075,4078,1467,1511
1681730878.856593,tempb,4076,4078,1425,1399,4076,4077,1416,1511,4079,4077,1487,1503,4078,4077,1464,1508
1681730890.925486,tempb,4078,4078,1424,1396,4079,4077,1412,1509,4079,4077,1485,1502,4078,4077,1463,1506
1681730902.9958127,tempb,4078,4078,1419,1395,4077,4078,1409,1505,4078,4077,1481,1497,4078,4076,1459,1504
1681730915.0627666,tempb,4077,4077,1417,1392,4075,4079,1407,1506,4078,4078,1479,1495,4076,4077,1456,1501
1681730927.1384246,tempb,4077,4078,1416,1389,4079,4078,1406,1505,4079,4076,1478,1494,4079,4076,1454,1497
1681730939.212885,tempb,4077,4077,1413,1386,4078,4079,1400,1499,4077,4078,1473,1491,4076,4077,1451,1496
1681730951.2854369,tempb,4078,4076,1411,1384,4078,4077,1396,1497,4076,4077,1470,1487,4078,4078,1448,1492
1681730963.3579628,tempb,4077,4077,1406,1381,4078,4078,1396,1496,4076,4077,1467,1485,4079,4079,1447,1491
1681730975.4254632,tempb,4078,4078,1405,1377,4077,4077,1394,1493,4079,4075,1466,1483,4078,4079,1443,1489
1681730987.4919114,tempb,4079,4079,1401,1375,4079,4078,1391,1489,4078,4077,1462,1479,4079,4079,1441,1488
1681730999.5620368,tempb,4078,4078,1400,1373,4078,4078,1387,1486,4078,4077,1460,1478,4076,4078,1436,1484
1681731011.633967,tempb,4075,4078,1398,1371,4076,4077,1385,1484,4077,4077,1457,1475,4081,4078,1434,1482
1681731023.7051866,tempb,4077,4078,1393,1368,4075,4075,1383,1482,4076,4078,1453,1472,4079,4078,1432,1480
1681731035.7772002,tempb,4076,4078,1389,1364,4077,4077,1381,1481,4076,4077,1448,1470,4077,4078,1429,1480
1681731047.8452952,tempb,4077,4077,1387,1361,4077,4076,1377,1477,4077,4075,1449,1466,4078,4078,1427,1476
1681731059.91461,tempb,4078,4076,1384,1358,4079,4076,1374,1475,4078,4078,1444,1466,4078,4076,1425,1474
1681731071.9856877,tempb,4078,4077,1385,1355,4076,4079,1373,1473,4077,4078,1444,1465,4078,4077,1422,1472
1681731084.0645492,tempb,4080,4077,1382,1354,4078,4077,1370,1472,4081,4079,1443,1460,4077,4077,1422,1470
1681731096.1368408,tempb,4077,4077,1378,1352,4079,4076,1369,1468,4078,4078,1439,1459,4077,4077,1419,1468
1681731108.2124987,tempb,4077,4077,1376,1349,4078,4076,1366,1467,4077,4078,1439,1457,4078,4076,1417,1465
1681731120.2841895,tempb,4078,4078,1374,1350,4076,4076,1364,1464,4078,4078,1436,1456,4078,4078,1415,1462
1681731132.3934681,tempb,4077,4078,1370,1345,4078,4078,1361,1461,4078,4078,1433,1450,4076,4077,1412,1460
1681731144.4655077,tempb,4076,4077,1371,1342,4079,4079,1360,1460,4077,4078,1431,1451,4077,4078,1410,1459
1681731156.5383384,tempb,4080,4076,1368,1340,4078,4078,1357,1459,4078,4078,1430,1448,4077,4077,1407,1458
1681731168.6013124,tempb,4078,4077,1366,1337,4080,4077,1355,1456,4077,4079,1425,1446,4077,4077,1407,1455
1681731180.6733837,tempb,4078,4075,1364,1335,4079,4078,1356,1456,4079,4077,1425,1443,4080,4077,1403,1454
1681731192.7453163,tempb,4079,4077,1361,1332,4076,4079,1352,1453,4076,4078,1421,1440,4078,4080,1400,1451
1681731204.8164225,tempb,4076,4078,1359,1329,4077,4077,1348,1449,4076,4078,1420,1439,4075,4077,1398,1449
1681731216.888428,tempb,4078,4079,1356,1327,4079,4077,1347,1450,4079,4078,1417,1437,4077,4078,1397,1447
1681731228.9575152,tempb,4077,4077,1355,1327,4078,4079,1343,1446,4078,4077,1416,1434,4079,4079,1394,1447
1681731241.0295284,tempb,4075,4078,1351,1325,4077,4078,1341,1444,4078,4079,1412,1434,4077,4078,1392,1443
1681731253.1019993,tempb,4077,4079,1350,1324,4078,4078,1339,1442,4077,4077,1410,1431,4079,4079,1391,1442
1681731265.1756928,tempb,4077,4077,1347,1323,4077,4077,1336,1439,4077,4078,1410,1427,4078,4077,1389,1439
1681731277.2493377,tempb,4077,4078,1345,1319,4077,4078,1336,1439,4077,4077,1406,1426,4078,4080,1386,1438
1681731289.3198159,tempb,4078,4077,1343,1316,4078,4079,1334,1435,4077,4076,1404,1425,4078,4077,1384,1437
1681731301.421333,tempb,4079,4077,1341,1313,4079,4078,1331,1435,4079,4074,1400,1422,4077,4078,1380,1435
1681731313.5410702,tempb,4075,4076,1339,1313,4078,4076,1328,1432,4077,4075,1399,1422,4076,4076,1381,1434
1681731325.612343,tempb,4077,4077,1339,1311,4077,4078,1329,1430,4079,4080,1397,1420,4079,4079,1380,1434
1681731337.6838613,tempb,4078,4076,1336,1308,4078,4077,1326,1427,4077,4077,1397,1417,4077,4079,1374,1431
1681731349.7776713,tempb,4080,4078,1335,1307,4078,4077,1325,1427,4078,4079,1394,1415,4078,4079,1374,1430
1681731361.8526206,tempb,4077,4079,1332,1305,4080,4080,1323,1425,4079,4077,1391,1412,4077,4078,1372,1429
1681731373.9198031,tempb,4078,4079,1331,1302,4078,4077,1321,1420,4079,4078,1389,1410,4077,4077,1370,1427
1681731386.0608172,tempb,4079,4078,1327,1300,4078,4079,1318,1419,4079,4079,1385,1408,4079,4076,1368,1424
1681731398.132954,tempb,4078,4078,1326,1298,4079,4077,1315,1418,4077,4078,1383,1406,4079,4077,1367,1421
1681731410.203879,tempb,4077,4078,1325,1294,4079,4078,1314,1416,4076,4078,1382,1404,4076,4077,1364,1421
1681731422.276125,tempb,4079,4078,1322,1292,4078,4077,1311,1414,4078,4078,1380,1401,4080,4077,1362,1418
1681731434.3456056,tempb,4079,4078,1319,1292,4079,4077,1312,1414,4076,4076,1377,1401,4076,4077,1360,1416
1681731446.4206638,tempb,4079,4078,1320,1288,4080,4077,1310,1414,4077,4077,1378,1400,4078,4077,1357,1414
1681731458.4958053,tempb,4078,4077,1316,1287,4078,4078,1308,1410,4077,4076,1375,1396,4077,4079,1354,1413
1681731470.565315,tempb,4079,4078,1316,1286,4078,4077,1306,1409,4078,4077,1373,1395,4079,4077,1354,1410
1681731482.6399105,tempb,4079,4076,1314,1282,4077,4077,1305,1407,4077,4077,1369,1391,4080,4078,1354,1411
1681731494.7107716,tempb,4080,4077,1313,1282,4080,4079,1302,1404,4078,4078,1367,1392,4077,4079,1352,1407
1681731506.7790694,tempb,4078,4078,1311,1279,4081,4079,1301,1404,4077,4078,1366,1389,4078,4078,1349,1406
1681731518.8509378,tempb,4077,4076,1308,1280,4079,4077,1298,1405,4078,4079,1364,1388,4077,4078,1344,1403
1681731530.9375234,tempb,4078,4078,1307,1279,4077,4078,1299,1402,4078,4078,1361,1387,4078,4078,1345,1402
1681731543.0122662,tempb,4076,4076,1305,1277,4078,4078,1297,1400,4077,4078,1360,1383,4077,4077,1343,1401
1681731555.0844154,tempb,4078,4077,1305,1274,4078,4077,1296,1399,4077,4078,1360,1384,4079,4077,1341,1398
1681731567.1552017,tempb,4079,4077,1302,1272,4077,4076,1293,1396,4078,4078,1357,1381,4077,4079,1340,1397
1681731579.2253401,tempb,4076,4078,1304,1274,4078,4078,1290,1394,4079,4078,1356,1380,4077,4077,1341,1396
1681731591.29764,tempb,4076,4076,1300,1270,4076,4077,1289,1394,4077,4078,1354,1379,4077,4077,1337,1395
1681731603.36989,tempb,4078,4077,1301,1269,4080,4078,1288,1392,4079,4076,1353,1377,4078,4077,1334,1392
1681731615.44151,tempb,4079,4079,1297,1267,4076,4077,1284,1388,4077,4078,1351,1376,4077,4078,1334,1389
1681731627.5162792,tempb,4079,4079,1294,1264,4078,4080,1283,1388,4076,4079,1349,1373,4078,4077,1334,1391
1681731639.5885353,tempb,4076,4076,1293,1265,4077,4075,1281,1385,4077,4076,1347,1370,4078,4077,1330,1389
1681731651.6596684,tempb,4077,4078,1292,1263,4077,4077,1279,1385,4077,4078,1345,1370,4077,4078,1331,1389
1681731663.730319,tempb,4079,4078,1291,1263,4077,4078,1281,1383,4076,4078,1343,1368,4079,4076,1329,1386
1681731675.7965136,tempb,4077,4076,1290,1260,4078,4076,1277,1382,4078,4079,1341,1368,4078,4078,1326,1386
1681731687.8687603,tempb,4078,4077,1288,1260,4077,4077,1277,1381,4078,4076,1342,1365,4078,4078,1323,1383
1681731699.941503,tempb,4078,4077,1286,1258,4078,4076,1275,1381,4080,4078,1339,1364,4079,4079,1324,1383
1681731712.0171263,tempb,4077,4079,1286,1256,4077,4078,1274,1381,4076,4078,1336,1362,4079,4078,1322,1382
1681731724.0894501,tempb,4078,4078,1284,1255,4076,4079,1273,1380,4079,4077,1336,1361,4077,4079,1321,1381
1681731736.1606643,tempb,4080,4077,1285,1256,4078,4078,1274,1377,4079,4077,1334,1360,4080,4079,1320,1382
1681731748.2323496,tempb,4077,4078,1283,1254,4078,4079,1270,1379,4078,4077,1335,1358,4077,4077,1317,1383
1681731760.3045704,tempb,4079,4077,1283,1254,4077,4078,1268,1376,4078,4077,1331,1356,4076,4079,1315,1382
1681731772.3997042,tempb,4078,4078,1280,1251,4078,4075,1271,1376,4077,4078,1330,1352,4076,4076,1313,1382
1681731784.4695256,tempb,4078,4078,1280,1250,4078,4078,1269,1374,4079,4077,1330,1352,4078,4076,1313,1381
1681731796.5410106,tempb,4078,4079,1279,1248,4077,4078,1267,1372,4077,4076,1327,1353,4080,4078,1311,1380
1681731808.6130595,tempb,4080,4076,1279,1249,4077,4080,1267,1371,4078,4078,1327,1349,4080,4076,1310,1377
1681731820.6850688,tempb,4077,4079,1277,1247,4079,4078,1268,1368,4079,4078,1324,1347,4078,4077,1308,1375
1681731832.7570448,tempb,4079,4078,1279,1247,4079,4076,1264,1370,4080,4077,1321,1346,4077,4077,1306,1374
1681731844.8253179,tempb,4079,4075,1276,1246,4077,4077,1261,1368,4076,4076,1322,1344,4079,4077,1305,1374
1681731856.8964357,tempb,4077,4078,1273,1244,4078,4078,1262,1368,4076,4077,1321,1344,4078,4078,1307,1372
1681731868.9695327,tempb,4079,4078,1273,1242,4078,4076,1261,1366,4077,4078,1317,1343,4075,4076,1302,1371
1681731881.0408893,tempb,4078,4077,1274,1241,4079,4078,1260,1364,4080,4079,1317,1344,4079,4077,1302,1372
1681731893.113289,tempb,4077,4076,1273,1240,4079,4077,1256,1365,4079,4077,1316,1340,4078,4080,1300,1370
1681731905.1844106,tempb,4078,4077,1270,1241,4079,4076,1257,1364,4076,4076,1313,1337,4078,4076,1299,1367
1681731917.2493298,tempb,4076,4077,1270,1238,4079,4078,1254,1360,4075,4078,1312,1337,4079,4079,1296,1366
1681731929.3146207,tempb,4077,4079,1267,1238,4079,4077,1255,1361,4078,4078,1311,1335,4077,4078,1296,1364
1681731941.4231753,tempb,4079,4076,1267,1237,4077,4078,1253,1359,4076,4077,1308,1334,4077,4076,1295,1362
1681731953.4974804,tempb,4078,4078,1266,1236,4076,4077,1251,1357,4078,4078,1308,1332,4078,4076,1291,1362
1681731965.569585,tempb,4077,4077,1267,1235,4077,4076,1252,1358,4077,4076,1304,1332,4078,4077,1290,1362
1681731977.6404846,tempb,4077,4075,1265,1234,4078,4076,1249,1357,4079,4078,1306,1329,4078,4077,1289,1359
1681731989.7121515,tempb,4077,4077,1264,1232,4077,4078,1249,1356,4078,4076,1302,1328,4076,4077,1287,1356
1681732001.7787006,tempb,4079,4077,1264,1230,4079,4079,1246,1358,4079,4077,1302,1329,4077,4076,1285,1354
1681732013.849316,tempb,4078,4077,1260,1231,4076,4077,1246,1353,4076,4077,1300,1326,4078,4077,1286,1355
1681732025.9202447,tempb,4077,4078,1260,1229,4078,4077,1247,1352,4076,4079,1300,1326,4077,4077,1285,1354
1681732037.993896,tempb,4080,4078,1260,1229,4078,4077,1244,1353,4077,4078,1298,1325,4077,4078,1283,1353
1681732050.0708563,tempb,4079,4078,1258,1227,4078,4078,1244,1349,4078,4077,1296,1322,4079,4077,1282,1353
1681732062.1417804,tempb,4078,4077,1259,1226,4077,4078,1241,1350,4078,4077,1297,1322,4077,4081,1285,1349
1681732074.213285,tempb,4078,4078,1257,1225,4079,4075,1241,1348,4079,4078,1294,1320,4079,4077,1281,1351
1681732086.2812748,tempb,4077,4078,1257,1223,4075,4079,1242,1350,4076,4077,1293,1322,4079,4076,1280,1350
1681732098.3538334,tempb,4076,4078,1256,1224,4080,4078,1243,1349,4078,4078,1295,1323,4078,4077,1280,1350
1681732110.4249952,tempb,4079,4078,1254,1225,4078,4077,1242,1352,4079,4078,1294,1323,4078,4079,1281,1351
1681732122.497487,tempb,4078,4079,1258,1225,4078,4077,1241,1350,4077,4078,1294,1322,4078,4078,1281,1349
1681732134.5629597,tempb,4077,4077,1256,1225,4079,4078,1242,1351,4076,4076,1294,1322,4078,4076,1280,1348
1681732146.6253304,tempb,4078,4078,1254,1222,4078,4076,1240,1349,4076,4076,1290,1322,4077,4075,1280,1350
1681732158.6974308,tempb,4078,4076,1254,1220,4076,4076,1238,1349,4077,4076,1294,1321,4075,4078,1280,1348
1681732170.768503,tempb,4079,4078,1253,1219,4078,4076,1239,1351,4077,4076,1291,1322,4078,4076,1280,1349
1681732182.8409128,tempb,4079,4078,1252,1219,4077,4076,1239,1350,4078,4078,1291,1321,4076,4077,1280,1347
1681732194.9161325,tempb,4077,4078,1251,1219,4079,4076,1238,1349,4079,4076,1292,1321,4078,4078,1279,1347
1681732206.9894917,tempb,4079,4077,1252,1219,4077,4078,1237,1347,4076,4077,1291,1321,4079,4077,1281,1345
1681732219.0647776,tempb,4078,4077,1252,1217,4078,4078,1237,1346,4077,4077,1289,1321,4079,4077,1281,1347
1681732231.1368294,tempb,4076,4077,1250,1217,4076,4076,1237,1346,4076,4077,1288,1320,4080,4076,1279,1344
1681732243.2078185,tempb,4078,4076,1251,1217,4079,4076,1236,1345,4078,4079,1290,1320,4078,4078,1276,1344
1681732255.2796962,tempb,4080,4076,1249,1215,4078,4077,1234,1344,4076,4078,1286,1319,4076,4077,1278,1346
1681732267.352377,tempb,4078,4078,1248,1216,4078,4077,1235,1347,4077,4077,1287,1318,4078,4078,1277,1344
1681732279.417338,tempb,4077,4078,1249,1214,4077,4075,1233,1347,4077,4077,1286,1319,4076,4077,1276,1342
1681732291.489519,tempb,4078,4076,1247,1213,4076,4078,1234,1344,4077,4078,1288,1317,4077,4075,1274,1343
1681732303.5616364,tempb,4078,4078,1247,1211,4076,4077,1234,1345,4078,4077,1285,1317,4077,4076,1274,1340
1681732315.6341372,tempb,4077,4077,1246,1213,4077,4079,1230,1342,4077,4077,1286,1314,4078,4076,1274,1340
1681732327.7051322,tempb,4076,4076,1246,1211,4077,4078,1232,1340,4077,4079,1285,1315,4079,4078,1274,1340
1681732339.77677,tempb,4077,4075,1246,1211,4078,4079,1231,1342,4079,4076,1288,1315,4081,4077,1275,1340
1681732351.8453393,tempb,4077,4077,1245,1207,4077,4077,1231,1340,4076,4078,1285,1316,4078,4076,1274,1338
1681732363.9163575,tempb,4077,4078,1244,1210,4079,4076,1230,1341,4079,4078,1286,1314,4078,4078,1272,1337
1681732375.9895377,tempb,4077,4076,1241,1208,4078,4078,1227,1340,4077,4078,1284,1316,4078,4078,1270,1337
1681732388.0623631,tempb,4078,4078,1242,1208,4077,4077,1227,1338,4078,4077,1285,1314,4080,4076,1272,1337
1681732400.1344,tempb,4075,4077,1240,1205,4078,4078,1228,1339,4078,4078,1284,1314,4079,4079,1271,1337
1681732412.2053506,tempb,4080,4077,1242,1207,4079,4076,1227,1340,4079,4077,1284,1314,4078,4077,1272,1336
1681732424.2770429,tempb,4078,4078,1242,1205,4077,4077,1228,1338,4076,4079,1284,1313,4078,4077,1271,1336
1681732436.3890722,tempb,4077,4079,1240,1206,4077,4075,1227,1339,4077,4076,1283,1311,4077,4078,1270,1333
1681732448.4602358,tempb,4076,4075,1238,1203,4077,4077,1225,1335,4079,4076,1281,1312,4076,4078,1268,1334
1681732460.534994,tempb,4078,4077,1239,1203,4079,4077,1226,1337,4077,4079,1282,1312,4078,4078,1268,1334
1681732472.606787,tempb,4077,4077,1239,1202,4078,4077,1225,1334,4078,4077,1281,1311,4077,4077,1266,1333
1681732484.678056,tempb,4079,4077,1238,1202,4076,4076,1224,1336,4080,4077,1281,1309,4079,4077,1267,1334
1681732496.749998,tempb,4077,4075,1236,1201,4081,4076,1224,1335,4076,4078,1280,1308,4079,4077,1267,1329
1681732508.8223584,tempb,4079,4076,1234,1201,4079,4078,1222,1338,4078,4076,1280,1311,4078,4077,1265,1332
1681732520.893278,tempb,4077,4077,1236,1199,4079,4078,1224,1336,4078,4077,1278,1310,4077,4078,1266,1331
1681732532.9642823,tempb,4076,4079,1234,1199,4079,4077,1223,1334,4078,4078,1276,1306,4078,4078,1266,1330
1681732545.0323734,tempb,4079,4077,1235,1199,4078,4079,1222,1337,4078,4078,1279,1306,4079,4076,1262,1330
1681732557.1092465,tempb,4077,4077,1235,1199,4078,4077,1222,1336,4077,4079,1279,1308,4078,4081,1264,1329
1681732569.1802082,tempb,4077,4079,1235,1198,4079,4077,1222,1336,4078,4078,1276,1308,4080,4078,1263,1327
1681732581.2523127,tempb,4078,4078,1235,1199,4077,4078,1222,1337,4079,4079,1279,1305,4076,4077,1264,1329
1681732593.3213992,tempb,4079,4077,1234,1197,4077,4079,1221,1340,4078,4077,1277,1306,4079,4078,1263,1328
1681732605.430106,tempb,4078,4078,1234,1198,4078,4077,1221,1338,4075,4078,1278,1306,4077,4078,1261,1328
1681732617.5013201,tempb,4080,4077,1234,1197,4077,4078,1223,1341,4078,4077,1277,1306,4077,4078,1263,1330
1681732629.5725095,tempb,4078,4077,1232,1197,4078,4078,1221,1338,4078,4077,1275,1305,4079,4078,1263,1328
1681732641.643229,tempb,4076,4078,1231,1198,4078,4078,1222,1337,4078,4078,1278,1305,4080,4078,1261,1328
1681732653.71793,tempb,4079,4079,1232,1196,4077,4079,1220,1338,4078,4080,1275,1304,4078,4080,1263,1327
1681732665.7898962,tempb,4080,4078,1232,1196,4078,4077,1221,1340,4078,4078,1274,1304,4078,4077,1261,1325
1681732677.8612962,tempb,4077,4078,1234,1196,4078,4075,1219,1341,4076,4077,1273,1304,4077,4077,1260,1326
1681732689.9330642,tempb,4077,4079,1233,1197,4077,4077,1220,1340,4076,4077,1275,1305,4078,4078,1261,1328
1681732702.0034153,tempb,4079,4076,1233,1196,4078,4078,1221,1341,4080,4076,1275,1305,4080,4076,1263,1327
1681732714.075567,tempb,4076,4077,1232,1195,4079,4075,1222,1343,4077,4076,1276,1305,4078,4078,1261,1328
1681732726.1488345,tempb,4078,4076,1232,1195,4078,4077,1222,1344,4077,4076,1276,1307,4078,4079,1262,1328
1681732738.2209215,tempb,4079,4078,1232,1196,4078,4077,1222,1343,4078,4077,1276,1306,4078,4076,1261,1327
1681732750.291681,tempb,4078,4078,1231,1195,4077,4077,1221,1347,4079,4077,1277,1305,4078,4078,1262,1326
1681732762.3614073,tempb,4078,4077,1231,1195,4079,4079,1222,1344,4078,4078,1276,1308,4079,4077,1261,1326
1681732774.432576,tempb,4075,4078,1232,1193,4077,4076,1220,1342,4079,4077,1277,1306,4077,4077,1260,1324
1681732786.5026608,tempb,4076,4076,1230,1194,4077,4076,1221,1342,4075,4076,1275,1303,4077,4076,1257,1325
1681732798.5746875,tempb,4078,4075,1229,1192,4078,4076,1218,1342,4080,4076,1275,1305,4080,4077,1258,1324
1681732810.6454978,tempb,4079,4077,1230,1191,4077,4080,1217,1341,4078,4077,1274,1302,4078,4077,1257,1323
1681732822.7170954,tempb,4078,4076,1228,1191,4079,4078,1218,1341,4077,4077,1269,1302,4078,4077,1258,1322
1681732834.7853363,tempb,4079,4077,1228,1190,4077,4077,1218,1340,4076,4077,1273,1300,4079,4078,1255,1323
1681732846.8565445,tempb,4076,4075,1227,1190,4079,4079,1216,1340,4079,4078,1272,1300,4080,4076,1255,1322
1681732858.9274971,tempb,4079,4078,1225,1189,4079,4078,1217,1339,4078,4075,1269,1298,4079,4077,1254,1322
1681732870.9997163,tempb,4079,4077,1227,1188,4078,4078,1216,1341,4078,4078,1269,1296,4077,4076,1256,1322
1681732883.0721648,tempb,4079,4078,1226,1188,4078,4080,1214,1343,4078,4077,1268,1297,4080,4079,1252,1321
1681732895.1476955,tempb,4078,4077,1224,1185,4080,4079,1214,1342,4077,4079,1267,1296,4078,4078,1252,1321
1681732907.224819,tempb,4076,4077,1225,1188,4078,4077,1213,1342,4077,4077,1267,1294,4078,4078,1250,1318
1681732919.2933586,tempb,4079,4079,1223,1186,4078,4079,1212,1340,4079,4078,1266,1292,4078,4078,1251,1319
1681732931.364544,tempb,4078,4077,1223,1185,4078,4079,1211,1339,4078,4079,1264,1291,4079,4077,1249,1317
1681732943.4293265,tempb,4078,4078,1222,1186,4079,4075,1211,1341,4077,4078,1266,1291,4079,4078,1249,1318
1681732955.501541,tempb,4081,4077,1221,1185,4078,4077,1208,1338,4079,4078,1265,1290,4079,4079,1247,1316
1681732967.6054957,tempb,4078,4077,1221,1183,4080,4078,1209,1337,4078,4079,1263,1288,4077,4076,1248,1315
1681732979.6765165,tempb,4078,4076,1222,1184,4079,4077,1209,1337,4080,4078,1263,1289,4080,4077,1247,1316
1681732991.7484705,tempb,4077,4077,1220,1181,4077,4077,1209,1340,4079,4076,1261,1287,4078,4077,1247,1316
1681733003.8204281,tempb,4079,4078,1220,1184,4079,4077,1209,1340,4078,4079,1264,1289,4079,4078,1246,1315
1681733015.8813279,tempb,4078,4077,1220,1184,4078,4078,1209,1341,4078,4077,1260,1288,4077,4077,1248,1315
1681733027.9493089,tempb,4077,4076,1221,1183,4079,4077,1211,1341,4078,4077,1260,1289,4078,4076,1244,1313
1681733040.0214586,tempb,4078,4077,1218,1181,4077,4077,1208,1343,4078,4075,1261,1287,4077,4077,1246,1313
1681733052.0936048,tempb,4076,4077,1219,1182,4079,4077,1207,1340,4077,4077,1260,1289,4079,4076,1243,1312
1681733064.1683164,tempb,4079,4078,1220,1182,4080,4077,1208,1342,4079,4079,1261,1286,4078,4077,1245,1313
1681733076.240025,tempb,4077,4077,1219,1181,4078,4077,1208,1342,4077,4079,1259,1287,4077,4076,1243,1315
1681733088.303233,tempb,4078,4076,1219,1181,4078,4079,1206,1339,4078,4078,1260,1285,4079,4079,1244,1313
1681733100.4013546,tempb,4077,4078,1218,1180,4077,4077,1207,1341,4080,4077,1259,1285,4080,4078,1242,1314
1681733112.4733438,tempb,4080,4077,1218,1180,4078,4076,1205,1337,4078,4079,1258,1285,4077,4078,1242,1314
1681733124.5452943,tempb,4076,4078,1217,1179,4080,4077,1204,1340,4080,4079,1259,1284,4077,4078,1241,1312
1681733136.6209693,tempb,4078,4077,1216,1181,4078,4077,1205,1341,4078,4079,1257,1283,4078,4078,1240,1313
1681733148.6920738,tempb,4080,4075,1217,1179,4078,4076,1205,1340,4078,4078,1256,1284,4080,4077,1240,1311
1681733160.7637715,tempb,4078,4078,1217,1178,4079,4076,1204,1340,4077,4078,1257,1284,4080,4079,1239,1312
1681733172.8333085,tempb,4078,4078,1217,1177,4079,4076,1203,1341,4076,4077,1254,1282,4078,4077,1237,1310
1681733184.9041653,tempb,4079,4077,1218,1180,4077,4077,1205,1342,4080,4077,1256,1281,4078,4078,1238,1311
1681733196.976015,tempb,4078,4077,1217,1178,4077,4076,1203,1338,4079,4077,1254,1281,4080,4079,1237,1312
1681733209.045308,tempb,4078,4078,1216,1178,4078,4079,1203,1340,4078,4077,1256,1282,4078,4077,1237,1309
1681733221.1202614,tempb,4076,4076,1217,1177,4078,4079,1203,1341,4078,4078,1255,1280,4078,4077,1238,1310
1681733233.195997,tempb,4078,4078,1214,1176,4078,4080,1202,1340,4079,4080,1254,1280,4078,4078,1234,1309
1681733245.26795,tempb,4077,4076,1214,1175,4080,4079,1200,1341,4076,4077,1253,1280,4079,4076,1234,1307
1681733257.3410616,tempb,4079,4079,1216,1174,4075,4079,1203,1340,4076,4078,1253,1279,4079,4076,1235,1308
1681733269.426543,tempb,4078,4077,1213,1177,4078,4077,1203,1339,4076,4077,1255,1278,4077,4077,1234,1306
1681733281.4973235,tempb,4077,4079,1214,1175,4077,4077,1201,1339,4079,4078,1253,1278,4079,4078,1235,1306
1681733293.5613413,tempb,4078,4076,1211,1174,4078,4078,1200,1339,4078,4077,1251,1277,4078,4076,1233,1305
1681733305.6323507,tempb,4077,4078,1213,1175,4077,4079,1200,1341,4079,4079,1251,1277,4077,4076,1235,1306
1681733317.7035286,tempb,4080,4078,1214,1174,4079,4079,1199,1342,4078,4077,1250,1277,4079,4078,1235,1305
1681733329.765323,tempb,4077,4077,1214,1172,4079,4078,1199,1340,4076,4077,1251,1276,4077,4078,1232,1304
1681733341.8333483,tempb,4077,4076,1212,1175,4078,4077,1198,1340,4078,4078,1248,1275,4078,4076,1233,1304
1681733353.9043698,tempb,4078,4076,1211,1173,4078,4077,1196,1339,4079,4078,1249,1275,4078,4076,1232,1304
1681733365.9774065,tempb,4078,4077,1212,1172,4078,4079,1199,1343,4078,4077,1248,1274,4078,4078,1232,1305
1681733378.049391,tempb,4077,4075,1212,1173,4078,4076,1198,1342,4079,4077,1248,1274,4078,4076,1231,1302
1681733390.1173422,tempb,4078,4077,1212,1175,4077,4079,1199,1345,4076,4078,1250,1275,4079,4076,1233,1303
1681733402.1906452,tempb,4075,4079,1212,1174,4078,4077,1199,1342,4080,4075,1248,1274,4079,4078,1231,1303
1681733414.2608507,tempb,4079,4077,1212,1174,4078,4077,1200,1342,4078,4075,1247,1275,4077,4077,1231,1302
1681733426.3295608,tempb,4078,4077,1212,1174,4079,4078,1196,1342,4077,4076,1248,1274,4078,4076,1230,1301
1681733438.4003348,tempb,4076,4078,1213,1172,4077,4078,1198,1343,4079,4077,1248,1274,4078,4077,1232,1300
1681733450.4700859,tempb,4079,4077,1213,1174,4080,4078,1198,1345,4077,4079,1250,1275,4077,4078,1230,1301
1681733462.5400555,tempb,4077,4077,1212,1174,4080,4076,1198,1349,4077,4078,1249,1274,4075,4077,1232,1304
1681733474.6091318,tempb,4079,4077,1214,1174,4077,4078,1199,1346,4077,4076,1250,1275,4079,4077,1232,1302
1681733486.679973,tempb,4078,4077,1214,1173,4077,4078,1199,1349,4078,4078,1249,1275,4078,4078,1231,1302
1681733498.7495818,tempb,4077,4077,1215,1174,4075,4078,1199,1348,4077,4079,1252,1274,4077,4078,1231,1300
1681733510.8191643,tempb,4077,4079,1213,1172,4078,4077,1199,1349,4077,4076,1247,1275,4078,4078,1228,1299
1681733522.8813374,tempb,4079,4077,1213,1172,4080,4079,1198,1350,4079,4077,1249,1273,4078,4078,1229,1299
1681733534.9525633,tempb,4079,4078,1210,1172,4077,4076,1198,1349,4078,4076,1247,1273,4078,4079,1228,1300
1681733547.0223367,tempb,4076,4078,1212,1173,4079,4079,1198,1348,4078,4077,1247,1272,4078,4078,1229,1301
1681733559.0968943,tempb,4075,4074,1212,1168,4078,4078,1196,1347,4075,4077,1247,1271,4076,4079,1228,1301
1681733571.170967,tempb,4076,4076,1209,1169,4079,4077,1195,1348,4077,4076,1246,1272,4078,4077,1229,1298
1681733583.2417922,tempb,4077,4078,1210,1170,4079,4076,1198,1347,4078,4078,1247,1273,4077,4077,1227,1300
1681733595.311705,tempb,4077,4076,1210,1167,4078,4077,1195,1346,4077,4077,1247,1272,4076,4078,1225,1300
1681733607.3824108,tempb,4079,4076,1212,1170,4075,4077,1199,1347,4077,4077,1246,1272,4079,4078,1229,1306
1681733619.456468,tempb,4077,4076,1211,1169,4078,4077,1196,1343,4078,4078,1249,1272,4078,4077,1225,1306
1681733631.5262797,tempb,4078,4077,1213,1167,4079,4075,1197,1347,4078,4078,1247,1271,4078,4078,1226,1309
1681733643.596855,tempb,4078,4076,1211,1166,4077,4077,1196,1345,4079,4078,1247,1267,4078,4076,1224,1307
1681733655.661577,tempb,4075,4077,1213,1168,4078,4079,1199,1348,4080,4079,1245,1270,4078,4077,1223,1308
1681733667.7325163,tempb,4077,4079,1209,1167,4077,4078,1197,1347,4077,4077,1244,1268,4079,4079,1225,1309
1681733679.8023422,tempb,4076,4077,1213,1167,4078,4077,1196,1346,4078,4078,1246,1268,4078,4078,1227,1309
1681733691.8737738,tempb,4077,4077,1213,1166,4076,4077,1196,1344,4078,4077,1243,1269,4078,4077,1225,1306
1681733703.9398422,tempb,4078,4077,1213,1167,4080,4079,1198,1343,4079,4076,1246,1267,4080,4079,1226,1306
1681733716.0130794,tempb,4077,4077,1212,1164,4077,4077,1197,1346,4077,4078,1244,1265,4078,4077,1224,1303
1681733728.0839815,tempb,4077,4079,1213,1164,4078,4078,1200,1346,4079,4079,1244,1265,4078,4078,1222,1308
1681733740.1597185,tempb,4078,4077,1211,1163,4076,4078,1198,1345,4078,4078,1245,1265,4078,4076,1221,1304
1681733752.235529,tempb,4076,4079,1213,1163,4078,4077,1194,1348,4077,4078,1245,1265,4081,4076,1222,1306
1681733764.3090754,tempb,4078,4077,1213,1161,4080,4077,1198,1350,4078,4077,1245,1265,4080,4078,1224,1305
1681733776.3846653,tempb,4078,4077,1214,1164,4078,4078,1197,1352,4078,4079,1243,1266,4079,4079,1224,1304
1681733788.4569268,tempb,4077,4077,1213,1161,4078,4077,1213,1351,4075,4077,1245,1265,4077,4078,1224,1304
1681733800.5284712,tempb,4077,4076,1211,1161,4079,4076,1195,1354,4078,4078,1244,1264,4077,4079,1223,1304
1681733812.6002138,tempb,4080,4079,1212,1161,4077,4078,1199,1353,4079,4076,1244,1265,4077,4078,1225,1302
1681733824.6631846,tempb,4078,4079,1214,1161,4078,4079,1200,1353,4078,4077,1245,1268,4079,4080,1224,1303
1681733836.7352948,tempb,4077,4077,1214,1160,4078,4078,1196,1353,4077,4078,1244,1263,4077,4077,1225,1301
1681733848.8053408,tempb,4077,4077,1214,1158,4078,4076,1198,1353,4078,4076,1244,1265,4078,4076,1224,1300
1681733860.881444,tempb,4076,4077,1215,1160,4078,4078,1195,1352,4076,4078,1243,1264,4079,4077,1222,1300
1681733872.9577591,tempb,4078,4079,1214,1159,4077,4078,1194,1352,4078,4077,1242,1263,4078,4078,1222,1300
1681733885.0289013,tempb,4078,4078,1213,1157,4075,4079,1195,1350,4075,4078,1242,1264,4078,4078,1221,1301
1681733897.0999086,tempb,4077,4076,1215,1156,4079,4076,1195,1354,4082,4079,1243,1263,4078,4080,1222,1303
1681733909.1676455,tempb,4078,4078,1213,1158,4079,4077,1194,1352,4078,4078,1243,1262,4077,4077,1223,1300
1681733921.2392845,tempb,4079,4078,1215,1158,4079,4077,1193,1352,4079,4076,1242,1261,4078,4077,1220,1301
1681733933.3111346,tempb,4078,4076,1213,1157,4076,4077,1194,1351,4077,4078,1241,1262,4078,4077,1220,1301
1681733945.38769,tempb,4076,4079,1213,1157,4080,4076,1194,1357,4078,4077,1243,1263,4079,4078,1220,1302
1681733957.4647675,tempb,4077,4079,1216,1156,4077,4076,1194,1355,4077,4078,1242,1263,4079,4079,1221,1301
1681733969.5356767,tempb,4077,4077,1213,1157,4078,4077,1193,1352,4078,4077,1241,1261,4079,4078,1219,1301
1681733981.6072812,tempb,4078,4077,1211,1156,4078,4076,1195,1355,4078,4077,1244,1260,4078,4079,1221,1301
1681733993.6773171,tempb,4079,4076,1217,1158,4079,4078,1195,1359,4079,4079,1242,1261,4079,4080,1220,1301
1681734005.748529,tempb,4079,4077,1214,1157,4078,4079,1194,1356,4077,4079,1243,1260,4079,4078,1220,1299
1681734017.819307,tempb,4079,4077,1213,1153,4080,4078,1194,1356,4078,4078,1243,1260,4080,4077,1218,1299
1681734029.891264,tempb,4077,4077,1214,1155,4077,4075,1192,1358,4079,4077,1240,1260,4078,4076,1217,1298
1681734041.966726,tempb,4079,4076,1214,1157,4077,4078,1191,1360,4076,4079,1243,1261,4080,4077,1220,1299
1681734054.0382807,tempb,4080,4078,1215,1156,4082,4079,1192,1357,4078,4077,1242,1259,4077,4078,1219,1301
1681734066.110114,tempb,4080,4077,1213,1156,4078,4079,1191,1360,4079,4077,1242,1259,4078,4076,1217,1296
1681734078.1736178,tempb,4077,4077,1215,1155,4076,4077,1193,1356,4078,4077,1244,1259,4077,4079,1217,1298
1681734090.245826,tempb,4079,4077,1215,1157,4077,4077,1194,1354,4078,4077,1244,1259,4080,4077,1217,1298
1681734102.3207974,tempb,4081,4077,1214,1155,4079,4078,1192,1352,4078,4078,1243,1258,4078,4076,1217,1294
1681734114.3933692,tempb,4078,4076,1214,1156,4078,4078,1193,1348,4078,4077,1245,1257,4077,4078,1217,1299
1681734126.4678297,tempb,4077,4076,1217,1158,4077,4077,1194,1354,4079,4078,1247,1262,4079,4078,1219,1300
1681734138.538669,tempb,4079,4079,1219,1160,4080,4079,1196,1360,4080,4077,1247,1262,4080,4078,1222,1299
1681734150.6106207,tempb,4079,4078,1218,1159,4077,4078,1197,1364,4077,4077,1249,1264,4080,4078,1222,1300
1681734162.6826117,tempb,4078,4078,1219,1158,4076,4075,1197,1365,4077,4076,1249,1265,4077,4075,1223,1297
1681734174.7537084,tempb,4078,4079,1220,1158,4078,4077,1199,1367,4078,4078,1251,1265,4078,4078,1223,1303
1681734186.8247635,tempb,4077,4077,1219,1160,4077,4077,1196,1369,4079,4077,1251,1266,4078,4078,1224,1302
1681734198.8964856,tempb,4076,4079,1219,1160,4077,4077,1198,1367,4077,4078,1252,1266,4078,4079,1225,1303
1681734210.9732158,tempb,4078,4077,1220,1158,4079,4078,1198,1369,4078,4078,1252,1267,4076,4077,1225,1301
1681734223.0442216,tempb,4078,4077,1222,1162,4079,4076,1200,1375,4079,4079,1256,1268,4080,4080,1225,1304
1681734235.1159382,tempb,4077,4078,1220,1159,4079,4077,1197,1378,4078,4078,1257,1268,4077,4075,1227,1303
1681734247.1853342,tempb,4081,4077,1223,1160,4078,4078,1199,1378,4077,4079,1257,1270,4080,4077,1228,1305
1681734259.2565112,tempb,4077,4077,1224,1164,4079,4078,1199,1378,4078,4077,1256,1270,4078,4077,1229,1304
1681734271.3218937,tempb,4078,4078,1223,1163,4079,4078,1199,1377,4074,4077,1258,1269,4079,4078,1229,1305
1681734283.3996475,tempb,4076,4077,1224,1164,4079,4078,1201,1382,4080,4077,1259,1272,4078,4079,1228,1305
1681734295.4710639,tempb,4079,4077,1223,1164,4078,4077,1201,1381,4076,4077,1260,1273,4077,4078,1228,1306
1681734307.5417902,tempb,4078,4077,1222,1162,4080,4079,1201,1382,4077,4078,1262,1270,4078,4078,1229,1305
1681734319.6096485,tempb,4078,4078,1225,1162,4077,4078,1202,1387,4078,4077,1259,1271,4079,4077,1229,1306
1681734331.6783094,tempb,4078,4078,1225,1164,4079,4076,1203,1386,4076,4076,1260,1271,4079,4078,1229,1307
1681734343.7501373,tempb,4077,4077,1226,1163,4077,4077,1203,1384,4078,4075,1262,1271,4077,4077,1230,1304
1681734355.8218465,tempb,4078,4078,1227,1164,4080,4078,1203,1384,4079,4077,1262,1271,4078,4078,1233,1306
1681734367.8926857,tempb,4080,4079,1226,1164,4078,4078,1202,1382,4077,4077,1263,1271,4080,4078,1229,1307
1681734379.9666862,tempb,4077,4075,1226,1163,4079,4078,1203,1382,4077,4077,1261,1270,4078,4078,1229,1305
1681734392.0387814,tempb,4077,4076,1227,1163,4078,4076,1202,1386,4076,4076,1262,1272,4077,4075,1231,1306
1681734404.1098044,tempb,4077,4077,1228,1164,4078,4076,1202,1385,4079,4077,1262,1273,4077,4078,1233,1307
1681734416.1816049,tempb,4080,4077,1230,1164,4080,4079,1203,1389,4081,4077,1265,1276,4079,4077,1233,1311
1681734428.253502,tempb,4077,4079,1230,1167,4078,4078,1206,1387,4077,4076,1265,1274,4079,4078,1235,1309
1681734440.32531,tempb,4077,4079,1229,1165,4078,4077,1205,1390,4077,4076,1267,1276,4079,4079,1233,1308
1681734452.3997016,tempb,4080,4077,1229,1166,4078,4077,1206,1390,4079,4078,1265,1275,4077,4078,1230,1309
1681734464.4733384,tempb,4076,4077,1229,1164,4079,4080,1204,1390,4078,4077,1267,1277,4079,4078,1233,1308
1681734476.544688,tempb,4077,4078,1229,1164,4079,4077,1204,1389,4079,4078,1265,1274,4079,4076,1232,1307
1681734488.6155806,tempb,4078,4078,1230,1164,4078,4077,1203,1389,4079,4077,1265,1273,4078,4077,1231,1305
1681734500.6872365,tempb,4077,4077,1229,1163,4078,4078,1204,1394,4077,4076,1266,1273,4079,4078,1230,1304
1681734512.7573678,tempb,4078,4078,1228,1162,4079,4079,1202,1390,4078,4076,1267,1272,4079,4077,1230,1306
1681734524.8293188,tempb,4077,4077,1228,1163,4077,4076,1202,1391,4079,4077,1266,1274,4076,4076,1229,1306
1681734536.900321,tempb,4078,4076,1229,1161,4077,4079,1202,1393,4079,4077,1265,1273,4079,4077,1229,1306
1681734548.9771116,tempb,4076,4079,1229,1162,4080,4077,1203,1392,4080,4078,1267,1274,4078,4080,1230,1307
1681734561.0490565,tempb,4079,4078,1229,1165,4080,4079,1202,1392,4078,4077,1267,1273,4079,4079,1231,1306
1681734573.1201253,tempb,4078,4077,1229,1162,4077,4077,1201,1394,4077,4079,1265,1272,4078,4076,1231,1307
1681734585.1916986,tempb,4078,4079,1229,1163,4078,4077,1201,1393,4076,4078,1267,1273,4079,4076,1231,1304
1681734597.2603757,tempb,4077,4076,1229,1162,4077,4078,1201,1396,4078,4078,1266,1272,4078,4077,1229,1305
1681734609.3349884,tempb,4078,4078,1230,1163,4078,4078,1202,1396,4077,4078,1267,1271,4080,4077,1230,1306
1681734621.43276,tempb,4076,4080,1228,1161,4079,4077,1203,1394,4078,4076,1268,1272,4079,4077,1230,1304
1681734633.5077038,tempb,4077,4076,1229,1164,4078,4080,1203,1394,4079,4078,1266,1272,4077,4078,1230,1305
1681734645.5785096,tempb,4077,4076,1228,1160,4079,4078,1204,1392,4080,4077,1265,1271,4078,4078,1229,1303
1681734657.6494067,tempb,4076,4076,1229,1162,4081,4078,1200,1391,4079,4076,1265,1272,4078,4077,1229,1304
1681734669.7181087,tempb,4078,4075,1227,1160,4078,4077,1202,1393,4080,4079,1265,1270,4077,4077,1228,1301
1681734681.7901201,tempb,4078,4078,1229,1162,4078,4077,1202,1393,4079,4076,1266,1274,4079,4077,1228,1303
1681734693.8612983,tempb,4078,4079,1228,1164,4079,4077,1203,1395,4079,4076,1268,1271,4079,4078,1230,1305
1681734705.9334972,tempb,4075,4079,1229,1163,4076,4080,1204,1396,4079,4077,1267,1273,4079,4078,1230,1306
1681734718.0092356,tempb,4080,4078,1230,1164,4077,4077,1203,1395,4077,4078,1267,1274,4078,4076,1232,1306
1681734730.0733163,tempb,4078,4077,1229,1160,4079,4079,1202,1398,4078,4077,1268,1273,4078,4077,1229,1304
1681734742.1452131,tempb,4078,4078,1229,1162,4077,4079,1203,1394,4077,4078,1268,1273,4077,4078,1232,1305
1681734754.2173166,tempb,4079,4076,1230,1160,4079,4077,1201,1395,4078,4080,1269,1272,4080,4076,1229,1305
1681734766.2892144,tempb,4078,4078,1228,1159,4078,4078,1202,1395,4076,4077,1266,1271,4078,4076,1229,1305
1681734778.4030383,tempb,4077,4078,1229,1162,4078,4080,1202,1395,4078,4079,1269,1273,4080,4076,1229,1307
1681734790.4787126,tempb,4077,4076,1228,1161,4077,4078,1202,1394,4079,4080,1267,1272,4077,4078,1229,1304
1681734802.5502083,tempb,4078,4077,1230,1161,4078,4076,1203,1397,4079,4077,1268,1272,4081,4077,1231,1305
1681734814.6221416,tempb,4077,4076,1229,1161,4078,4077,1203,1398,4078,4076,1269,1272,4078,4077,1228,1305
1681734826.7901201,tempb,4078,4078,1229,1161,4078,4077,1201,1397,4078,4079,1267,1270,4079,4076,1227,1304
1681734838.8619537,tempb,4077,4078,1229,1161,4080,4077,1201,1398,4079,4077,1268,1270,4078,4076,1230,1306
1681734850.9331439,tempb,4078,4077,1230,1162,4077,4078,1202,1395,4078,4076,1270,1271,4077,4079,1228,1306
1681734863.0053282,tempb,4078,4077,1228,1160,4078,4076,1202,1397,4077,4078,1267,1269,4077,4076,1228,1303
1681734875.0775204,tempb,4076,4077,1228,1161,4077,4079,1201,1395,4077,4077,1268,1269,4076,4077,1227,1303
1681734887.1518562,tempb,4078,4076,1228,1161,4078,4077,1204,1397,4078,4077,1270,1271,4078,4077,1228,1306
1681734899.3225238,tempb,4077,4077,1230,1162,4078,4076,1201,1395,4078,4077,1267,1270,4076,4076,1230,1304
1681734911.392001,tempb,4079,4079,1230,1161,4077,4075,1203,1398,4079,4079,1269,1271,4078,4077,1229,1303
1681734923.46247,tempb,4078,4076,1228,1162,4078,4076,1202,1401,4078,4078,1267,1271,4077,4078,1228,1303
1681734935.5323882,tempb,4078,4076,1230,1161,4078,4077,1202,1401,4081,4077,1269,1270,4078,4078,1228,1304
1681734947.6052384,tempb,4077,4078,1228,1161,4078,4077,1201,1403,4079,4078,1269,1271,4077,4077,1228,1304
1681734959.6775038,tempb,4079,4077,1230,1162,4080,4078,1201,1401,4078,4078,1269,1273,4078,4076,1232,1304
1681734971.7517388,tempb,4078,4078,1230,1161,4078,4078,1202,1402,4077,4077,1268,1272,4077,4077,1229,1305
1681734983.8227525,tempb,4077,4076,1230,1163,4076,4077,1203,1401,4078,4078,1272,1271,4078,4076,1231,1306
1681734995.891214,tempb,4078,4078,1230,1161,4078,4078,1202,1403,4077,4075,1270,1273,4079,4077,1228,1305
1681735007.964813,tempb,4078,4078,1230,1163,4077,4077,1201,1403,4079,4076,1271,1272,4080,4078,1229,1305
1681735020.0344853,tempb,4075,4080,1229,1161,4079,4079,1201,1404,4079,4078,1271,1272,4078,4079,1228,1303
1681735032.1048026,tempb,4078,4079,1229,1163,4079,4078,1201,1404,4079,4079,1273,1273,4079,4078,1229,1305
1681735044.1774652,tempb,4080,4078,1227,1162,4078,4079,1201,1402,4078,4078,1270,1271,4079,4077,1230,1305
1681735056.2507858,tempb,4077,4077,1232,1161,4078,4077,1202,1407,4079,4079,1273,1272,4078,4078,1229,1306
1681735068.3504279,tempb,4077,4077,1228,1160,4079,4077,1199,1404,4079,4078,1271,1272,4078,4076,1230,1304
1681735080.4242985,tempb,4079,4079,1229,1162,4079,4079,1204,1403,4080,4079,1272,1272,4077,4078,1230,1302
1681735092.4963787,tempb,4079,4077,1229,1162,4078,4078,1202,1405,4079,4077,1272,1274,4078,4077,1232,1303
1681735104.567055,tempb,4078,4078,1229,1161,4078,4076,1201,1403,4080,4077,1272,1271,4077,4078,1229,1305
1681735116.638135,tempb,4079,4076,1227,1160,4079,4077,1200,1406,4075,4076,1271,1271,4079,4078,1230,1304
1681735128.7055218,tempb,4077,4076,1227,1160,4079,4080,1201,1405,4079,4077,1274,1272,4078,4078,1231,1303
1681735140.7756917,tempb,4078,4076,1230,1161,4077,4077,1202,1409,4079,4077,1273,1271,4079,4076,1229,1304
1681735152.8464272,tempb,4078,4078,1232,1161,4080,4077,1202,1409,4077,4077,1273,1273,4078,4079,1231,1304
1681735164.9178884,tempb,4079,4079,1229,1163,4078,4078,1205,1408,4077,4077,1274,1274,4077,4078,1232,1307
1681735176.9886105,tempb,4076,4078,1229,1163,4076,4078,1203,1411,4076,4078,1274,1275,4077,4078,1229,1305
1681735189.0585093,tempb,4079,4080,1230,1162,4079,4077,1204,1411,4078,4079,1274,1274,4081,4078,1230,1303
1681735201.1298785,tempb,4077,4076,1230,1162,4079,4078,1206,1410,4078,4077,1274,1275,4080,4079,1230,1304
1681735213.2017498,tempb,4079,4078,1229,1162,4077,4078,1202,1412,4078,4080,1274,1274,4079,4078,1231,1304
1681735225.2719164,tempb,4079,4078,1229,1162,4078,4077,1203,1410,4079,4078,1274,1272,4077,4076,1232,1302
1681735237.3523169,tempb,4079,4078,1230,1162,4078,4076,1202,1411,4078,4077,1276,1272,4080,4079,1231,1304
1681735249.4255917,tempb,4078,4076,1231,1162,4078,4076,1204,1410,4077,4076,1275,1274,4077,4077,1230,1302
1681735261.49568,tempb,4077,4077,1230,1162,4079,4078,1204,1402,4079,4076,1274,1272,4078,4078,1231,1304
1681735273.56566,tempb,4080,4078,1232,1163,4078,4079,1204,1399,4078,4078,1274,1273,4079,4078,1232,1305
1681735285.6332936,tempb,4079,4077,1232,1164,4081,4078,1205,1399,4077,4076,1276,1275,4078,4075,1234,1306
1681735297.7014973,tempb,4078,4077,1233,1163,4079,4079,1207,1402,4080,4079,1275,1275,4077,4077,1234,1308
1681735309.7613504,tempb,4078,4077,1231,1163,4079,4077,1205,1407,4079,4076,1276,1274,4078,4079,1233,1306
1681735321.83191,tempb,4079,4080,1231,1163,4078,4080,1203,1411,4078,4076,1278,1273,4078,4077,1232,1306
1681735333.9028616,tempb,4079,4077,1232,1165,4079,4078,1204,1412,4079,4076,1276,1276,4079,4079,1233,1307
1681735345.9733415,tempb,4078,4080,1233,1162,4076,4077,1204,1414,4080,4079,1277,1275,4077,4076,1235,1307
1681735358.0431576,tempb,4077,4077,1232,1163,4078,4078,1207,1419,4078,4077,1277,1278,4079,4078,1235,1307
1681735370.1138291,tempb,4076,4077,1233,1166,4079,4079,1207,1414,4078,4078,1278,1281,4079,4081,1234,1307
1681735382.184677,tempb,4079,4079,1235,1166,4081,4078,1205,1414,4077,4078,1278,1276,4079,4075,1235,1308
1681735394.2557337,tempb,4078,4077,1232,1166,4079,4076,1205,1415,4080,4076,1277,1278,4078,4077,1234,1306
1681735406.3262618,tempb,4078,4077,1232,1164,4078,4078,1204,1417,4075,4076,1278,1275,4076,4076,1232,1305
1681735418.3976343,tempb,4077,4076,1233,1160,4077,4078,1203,1419,4080,4076,1277,1274,4076,4079,1233,1306
1681735430.4611216,tempb,4079,4077,1231,1163,4078,4079,1205,1416,4078,4076,1278,1276,4078,4078,1234,1306
1681735442.5321767,tempb,4077,4079,1230,1162,4079,4079,1206,1418,4077,4078,1279,1276,4078,4077,1233,1305
1681735454.5933268,tempb,4076,4078,1231,1163,4077,4079,1204,1418,4079,4077,1278,1275,4077,4078,1234,1306
1681735466.6616883,tempb,4079,4075,1231,1163,4078,4078,1205,1419,4079,4077,1278,1275,4078,4078,1233,1305
1681735478.7331774,tempb,4077,4079,1231,1160,4078,4078,1204,1414,4079,4079,1278,1275,4078,4076,1234,1305
1681735490.8162837,tempb,4077,4078,1230,1161,4079,4076,1204,1413,4079,4079,1279,1275,4077,4078,1233,1306
1681735502.8858006,tempb,4077,4079,1232,1162,4078,4078,1205,1413,4077,4077,1278,1274,4079,4078,1235,1306
1681735514.9533548,tempb,4077,4077,1230,1162,4078,4077,1204,1411,4077,4076,1277,1276,4078,4077,1232,1305
1681735527.0213187,tempb,4078,4078,1231,1163,4078,4080,1205,1410,4078,4078,1277,1275,4078,4078,1232,1307
1681735539.0909429,tempb,4077,4079,1231,1163,4078,4078,1204,1415,4081,4077,1279,1276,4079,4078,1233,1305
1681735551.1620302,tempb,4077,4078,1229,1162,4076,4078,1204,1416,4077,4077,1277,1275,4077,4076,1233,1304
1681735563.235728,tempb,4077,4077,1229,1162,4078,4077,1204,1412,4077,4077,1277,1275,4077,4077,1231,1303
1681735575.314423,tempb,4078,4076,1230,1161,4078,4077,1204,1413,4078,4078,1278,1275,4077,4077,1232,1304
1681735587.3842294,tempb,4079,4078,1231,1162,4078,4079,1204,1415,4076,4077,1277,1274,4077,4077,1232,1302
1681735599.4493144,tempb,4075,4077,1230,1161,4077,4079,1204,1416,4078,4078,1276,1275,4078,4077,1235,1303
1681735611.5190058,tempb,4080,4079,1231,1163,4078,4076,1203,1418,4077,4079,1277,1273,4078,4078,1233,1304
1681735623.5924041,tempb,4079,4077,1229,1161,4078,4076,1203,1417,4080,4078,1276,1272,4079,4078,1233,1303
1681735635.6654992,tempb,4078,4078,1228,1160,4076,4079,1204,1418,4077,4077,1276,1273,4079,4077,1229,1302
1681735647.7408962,tempb,4078,4078,1230,1161,4076,4077,1203,1418,4077,4078,1276,1273,4078,4079,1230,1302
1681735659.814502,tempb,4077,4078,1229,1161,4078,4078,1202,1416,4079,4078,1277,1271,4077,4078,1232,1303
1681735671.8843458,tempb,4079,4076,1230,1162,4079,4078,1203,1419,4078,4077,1277,1273,4078,4078,1232,1303
1681735683.9548242,tempb,4077,4077,1230,1163,4076,4078,1202,1419,4078,4076,1276,1273,4078,4077,1231,1304
1681735696.0256493,tempb,4079,4078,1227,1161,4079,4077,1202,1421,4078,4078,1277,1273,4078,4078,1231,1304
1681735708.0957484,tempb,4080,4077,1228,1164,4080,4078,1204,1424,4080,4077,1278,1274,4080,4079,1233,1305
1681735720.1697528,tempb,4078,4078,1229,1163,4078,4076,1204,1424,4078,4076,1278,1272,4079,4078,1233,1305
1681735732.2386231,tempb,4080,4077,1228,1162,4078,4078,1203,1418,4077,4076,1277,1273,4079,4078,1233,1306
1681735744.3133566,tempb,4077,4077,1229,1162,4078,4078,1202,1398,4078,4078,1277,1273,4080,4077,1236,1306
1681735756.3912117,tempb,4078,4079,1231,1164,4079,4078,1203,1397,4078,4078,1279,1273,4080,4079,1236,1307
1681735768.4653187,tempb,4076,4078,1230,1163,4078,4079,1206,1408,4077,4076,1278,1277,4077,4078,1235,1307
1681735780.540681,tempb,4079,4078,1229,1166,4079,4078,1205,1407,4078,4077,1281,1276,4078,4078,1236,1306
1681735792.601358,tempb,4079,4077,1230,1165,4080,4078,1206,1413,4080,4078,1279,1277,4078,4078,1235,1307
1681735804.6697416,tempb,4078,4078,1233,1166,4078,4077,1207,1417,4079,4077,1281,1276,4077,4078,1236,1306
1681735816.7398183,tempb,4080,4079,1232,1165,4079,4077,1206,1416,4079,4078,1280,1278,4079,4078,1236,1305
1681735828.8131814,tempb,4076,4078,1229,1164,4078,4076,1205,1419,4079,4077,1281,1276,4079,4078,1236,1305
1681750159.5018163,tempb,4077,4077,1171,1110,4077,4077,1142,1559,4078,4077,1211,1205,4075,4078,1193,1264
1681750163.6611707,tempb,4077,4080,1171,1109,4078,4078,1141,1559,4079,4075,1213,1205,4077,4077,1193,1262
1681750175.7316825,tempb,4076,4080,1171,1108,4078,4076,1139,1568,4079,4078,1211,1205,4079,4077,1194,1262
1681750187.803065,tempb,4079,4076,1172,1110,4078,4079,1140,1572,4079,4078,1214,1205,4078,4077,1196,1261
1681750199.873398,tempb,4077,4077,1171,1109,4078,4077,1140,1572,4077,4077,1213,1204,4079,4077,1192,1261
1681750211.945496,tempb,4076,4076,1172,1109,4077,4077,1142,1567,4076,4076,1212,1205,4078,4078,1195,1261
1681750224.021313,tempb,4080,4079,1174,1111,4078,4078,1144,1571,4079,4077,1211,1204,4075,4078,1192,1261
1681750236.09199,tempb,4080,4077,1173,1113,4078,4078,1145,1571,4079,4078,1214,1206,4077,4077,1195,1258
1681750248.1624954,tempb,4075,4076,1174,1113,4078,4078,1143,1577,4079,4077,1212,1205,4079,4077,1194,1261
1681750260.2356894,tempb,4077,4079,1174,1111,4078,4077,1146,1579,4077,4077,1214,1208,4078,4078,1196,1261
1681750272.307677,tempb,4077,4076,1175,1112,4080,4076,1146,1579,4078,4077,1215,1208,4076,4078,1197,1262
1681750284.3997006,tempb,4075,4076,1174,1114,4076,4078,1145,1578,4078,4077,1215,1208,4078,4080,1197,1262
1681750296.4735343,tempb,4078,4078,1174,1112,4076,4075,1145,1581,4080,4079,1215,1208,4080,4079,1199,1263
1681750308.5481482,tempb,4080,4076,1178,1112,4078,4077,1147,1583,4077,4077,1216,1210,4078,4078,1197,1262
1681750320.6234775,tempb,4079,4079,1176,1113,4078,4077,1145,1581,4077,4077,1216,1209,4079,4078,1195,1262
1681750332.689355,tempb,4077,4077,1173,1111,4078,4075,1145,1582,4076,4077,1216,1209,4078,4076,1198,1261
1681750344.7609067,tempb,4076,4077,1172,1112,4079,4077,1146,1584,4078,4078,1218,1211,4077,4076,1195,1260
1681750356.8319347,tempb,4079,4077,1173,1113,4076,4078,1144,1588,4078,4077,1217,1211,4077,4077,1196,1260
1681750368.9022188,tempb,4078,4075,1173,1111,4077,4078,1143,1585,4078,4076,1215,1209,4075,4078,1196,1260
1681750380.9775498,tempb,4080,4078,1173,1111,4077,4077,1144,1585,4078,4077,1217,1208,4078,4077,1195,1262
1681750393.0485077,tempb,4078,4077,1174,1110,4076,4077,1144,1584,4076,4077,1215,1209,4078,4077,1194,1262
1681750405.1190045,tempb,4077,4077,1175,1110,4078,4076,1144,1590,4079,4076,1215,1208,4078,4078,1194,1260
1681750417.1905034,tempb,4079,4077,1173,1111,4078,4077,1146,1591,4077,4078,1214,1209,4079,4077,1197,1259
1681750429.2621276,tempb,4080,4077,1172,1111,4079,4078,1144,1591,4078,4078,1215,1209,4081,4077,1193,1260
1681750441.3318543,tempb,4079,4077,1174,1112,4078,4076,1142,1589,4077,4076,1213,1209,4078,4078,1194,1260
1681750453.4303365,tempb,4075,4078,1172,1111,4079,4078,1143,1588,4078,4077,1213,1206,4078,4079,1194,1263
1681750465.5014343,tempb,4078,4077,1173,1111,4079,4077,1144,1585,4076,4076,1212,1206,4080,4077,1193,1262
1681750477.574532,tempb,4079,4075,1175,1111,4079,4078,1144,1583,4078,4080,1213,1208,4079,4077,1195,1264
1681750489.6459167,tempb,4078,4077,1174,1112,4078,4079,1143,1588,4080,4078,1214,1207,4079,4078,1195,1263
1681750501.7126565,tempb,4078,4078,1173,1111,4078,4078,1144,1590,4076,4079,1213,1206,4079,4077,1195,1265
1681750513.7848473,tempb,4077,4080,1175,1112,4077,4077,1142,1593,4077,4077,1213,1207,4077,4076,1195,1264
1681750525.8557053,tempb,4075,4079,1174,1109,4077,4076,1144,1594,4078,4075,1212,1206,4076,4077,1196,1264
1681750537.9270992,tempb,4079,4077,1174,1109,4078,4079,1142,1599,4078,4079,1213,1205,4079,4077,1196,1266
1681750550.0014083,tempb,4078,4078,1175,1111,4079,4078,1142,1600,4079,4080,1211,1206,4079,4077,1196,1269
1681750562.076335,tempb,4076,4077,1174,1112,4078,4075,1142,1603,4076,4078,1210,1207,4079,4078,1194,1267
1681750574.1477728,tempb,4077,4078,1172,1109,4079,4077,1144,1603,4079,4076,1211,1206,4079,4076,1194,1265
1681750586.2152014,tempb,4078,4078,1173,1111,4079,4078,1142,1603,4080,4078,1213,1206,4079,4079,1195,1266
1681750598.286578,tempb,4078,4078,1175,1110,4078,4078,1145,1603,4078,4079,1214,1206,4077,4078,1197,1266
1681750610.357431,tempb,4080,4077,1174,1111,4080,4080,1144,1606,4079,4078,1212,1206,4078,4080,1194,1266
1681750622.4291534,tempb,4077,4077,1173,1112,4079,4077,1143,1608,4078,4078,1213,1204,4079,4078,1194,1267
1681750634.5014095,tempb,4075,4077,1174,1110,4079,4078,1142,1611,4078,4077,1210,1206,4077,4076,1194,1264
1681750646.5721974,tempb,4076,4078,1174,1109,4078,4077,1141,1610,4079,4078,1211,1205,4079,4076,1196,1264
1681750658.6471584,tempb,4078,4076,1173,1110,4078,4076,1142,1611,4077,4077,1211,1203,4076,4076,1193,1265
1681750670.7173448,tempb,4079,4078,1174,1110,4078,4078,1143,1611,4080,4079,1211,1205,4079,4078,1194,1264
1681750682.7881663,tempb,4078,4077,1173,1110,4080,4077,1143,1606,4080,4077,1211,1204,4078,4077,1192,1263
1681750694.8533332,tempb,4078,4078,1173,1110,4078,4079,1141,1606,4076,4077,1211,1206,4077,4078,1193,1263
1681750706.9249563,tempb,4079,4079,1175,1112,4077,4078,1142,1606,4076,4080,1211,1204,4077,4079,1195,1264
1681750718.99353,tempb,4078,4076,1175,1110,4078,4078,1143,1610,4077,4077,1211,1205,4078,4078,1190,1263
1681750731.0642116,tempb,4077,4078,1172,1110,4078,4079,1142,1609,4078,4077,1209,1205,4079,4079,1190,1267
1681750743.134595,tempb,4079,4080,1173,1111,4078,4075,1142,1611,4077,4077,1210,1204,4077,4077,1193,1265
1681750755.20897,tempb,4075,4076,1173,1109,4078,4076,1141,1611,4078,4075,1209,1203,4077,4077,1191,1263
1681750767.2829344,tempb,4077,4076,1173,1112,4076,4078,1141,1613,4077,4078,1208,1204,4078,4078,1191,1264
1681750779.3537872,tempb,4079,4079,1172,1108,4080,4076,1139,1613,4078,4076,1211,1203,4079,4079,1194,1264
1681750791.417306,tempb,4079,4079,1171,1110,4079,4078,1139,1607,4078,4078,1208,1202,4078,4079,1193,1263
1681750803.4889333,tempb,4079,4078,1174,1110,4078,4077,1140,1609,4079,4077,1208,1204,4079,4077,1192,1265
1681750815.5533345,tempb,4077,4076,1173,1110,4077,4076,1141,1612,4079,4077,1209,1203,4077,4077,1193,1264
1681750827.624098,tempb,4079,4078,1174,1109,4077,4078,1143,1616,4077,4078,1209,1203,4080,4077,1194,1265
1681750839.6943538,tempb,4077,4078,1176,1110,4077,4077,1142,1622,4080,4078,1207,1205,4078,4078,1195,1264
1681750851.7657475,tempb,4077,4077,1175,1110,4078,4079,1142,1629,4077,4076,1212,1205,4079,4077,1193,1267
1681750863.8373091,tempb,4078,4075,1175,1112,4076,4079,1144,1630,4078,4077,1211,1205,4078,4076,1193,1266
1681750875.9077723,tempb,4078,4079,1175,1110,4079,4077,1143,1631,4079,4076,1210,1205,4077,4077,1193,1264
1681750887.9775214,tempb,4079,4078,1175,1111,4078,4077,1144,1630,4078,4078,1213,1206,4079,4076,1194,1263
1681750900.0453212,tempb,4077,4076,1175,1110,4078,4079,1143,1632,4078,4078,1210,1206,4076,4078,1195,1267
1681750912.1162896,tempb,4078,4079,1174,1109,4078,4076,1142,1634,4078,4077,1213,1208,4078,4077,1194,1265
1681750924.1895785,tempb,4078,4078,1175,1111,4077,4078,1143,1632,4076,4077,1213,1207,4077,4076,1195,1267
1681750936.2601824,tempb,4078,4077,1175,1109,4076,4077,1141,1633,4078,4077,1211,1209,4079,4079,1195,1265
1681750948.369592,tempb,4077,4077,1176,1109,4077,4076,1142,1633,4076,4077,1212,1207,4078,4077,1196,1265
1681750960.4412775,tempb,4077,4078,1175,1108,4078,4078,1142,1639,4077,4077,1212,1209,4076,4078,1197,1267
1681750972.509386,tempb,4076,4075,1176,1111,4079,4077,1144,1638,4078,4079,1215,1211,4078,4077,1196,1266
1681750984.5800545,tempb,4078,4079,1177,1110,4078,4077,1144,1640,4076,4077,1216,1211,4078,4079,1198,1268
1681750996.6506705,tempb,4077,4077,1177,1110,4078,4077,1145,1642,4076,4075,1217,1211,4078,4079,1199,1263
1681751008.7216916,tempb,4076,4076,1178,1112,4079,4076,1145,1642,4077,4078,1217,1212,4077,4077,1200,1266
1681751020.7934928,tempb,4077,4078,1175,1110,4078,4078,1148,1645,4076,4075,1216,1212,4078,4077,1198,1266
1681751032.8636956,tempb,4077,4076,1177,1110,4076,4076,1143,1644,4076,4075,1215,1212,4076,4077,1199,1265
1681751044.9344814,tempb,4076,4076,1177,1110,4078,4076,1145,1644,4078,4079,1215,1212,4078,4076,1198,1265
1681751057.0053985,tempb,4078,4078,1175,1111,4078,4076,1145,1635,4079,4077,1217,1212,4078,4077,1198,1264
1681751069.077243,tempb,4079,4078,1178,1113,4077,4077,1146,1628,4079,4077,1217,1212,4078,4078,1198,1264
1681751081.1478236,tempb,4079,4078,1180,1111,4078,4076,1146,1631,4081,4077,1219,1212,4078,4077,1198,1263
1681751093.2215743,tempb,4077,4077,1180,1113,4077,4077,1149,1637,4077,4077,1219,1215,4078,4077,1200,1265
1681751105.291744,tempb,4078,4076,1180,1115,4077,4077,1149,1638,4079,4076,1217,1213,4080,4079,1199,1264
1681751117.3950098,tempb,4076,4078,1179,1112,4078,4077,1147,1646,4077,4077,1218,1213,4078,4075,1201,1263
1681751129.4668665,tempb,4079,4079,1179,1112,4079,4078,1150,1652,4077,4080,1221,1215,4081,4077,1201,1264
1681751141.5381365,tempb,4079,4077,1180,1112,4078,4078,1148,1651,4075,4077,1220,1214,4078,4077,1201,1266
1681751153.6084712,tempb,4078,4079,1180,1116,4079,4079,1147,1649,4078,4077,1221,1216,4075,4079,1201,1264
1681751165.6799533,tempb,4077,4077,1180,1115,4079,4077,1150,1655,4077,4078,1221,1218,4079,4079,1203,1266
1681751177.7517073,tempb,4077,4077,1180,1115,4079,4078,1152,1656,4078,4076,1221,1218,4079,4079,1203,1265
1681751189.821927,tempb,4077,4077,1183,1117,4080,4078,1151,1665,4077,4078,1223,1217,4079,4078,1203,1266
1681751201.8929331,tempb,4078,4077,1184,1116,4078,4076,1151,1664,4077,4078,1223,1220,4078,4078,1205,1266
1681751213.9631758,tempb,4082,4079,1183,1117,4079,4076,1150,1669,4078,4077,1225,1220,4078,4079,1206,1266
1681751226.0350742,tempb,4077,4077,1185,1117,4079,4077,1152,1664,4079,4075,1224,1219,4077,4076,1204,1265
1681751238.1055543,tempb,4078,4078,1185,1117,4077,4076,1153,1666,4077,4076,1224,1219,4077,4078,1204,1264
1681751250.1772668,tempb,4078,4077,1182,1116,4078,4075,1151,1659,4077,4078,1224,1219,4077,4076,1202,1266
1681751262.2536254,tempb,4079,4076,1181,1114,4077,4077,1152,1659,4078,4078,1224,1219,4077,4076,1201,1264
1681751274.3295643,tempb,4079,4078,1183,1116,4077,4077,1152,1664,4081,4078,1224,1217,4078,4079,1203,1264
1681751286.3932934,tempb,4076,4078,1181,1116,4079,4079,1151,1671,4079,4078,1224,1219,4080,4078,1202,1265
1681751298.48934,tempb,4078,4077,1180,1114,4078,4076,1149,1672,4078,4078,1220,1218,4078,4078,1200,1263
1681751310.5646403,tempb,4078,4079,1183,1116,4079,4081,1151,1667,4077,4075,1224,1216,4079,4077,1202,1265
1681751322.6351323,tempb,4077,4076,1180,1112,4079,4079,1149,1662,4078,4076,1221,1216,4079,4077,1199,1262
1681751334.7067213,tempb,4079,4077,1180,1112,4078,4077,1150,1664,4077,4079,1222,1217,4079,4078,1200,1263
1681751346.777335,tempb,4078,4078,1180,1113,4078,4077,1150,1662,4077,4077,1222,1215,4079,4077,1201,1261
1681751358.8593745,tempb,4076,4078,1181,1112,4080,4079,1149,1650,4078,4076,1219,1215,4077,4076,1200,1262
1681751370.9308178,tempb,4078,4077,1181,1114,4078,4078,1147,1649,4079,4077,1220,1214,4079,4078,1200,1265
1681751383.0013194,tempb,4078,4078,1179,1111,4078,4077,1149,1652,4078,4077,1221,1215,4079,4077,1200,1262
1681751395.072645,tempb,4077,4078,1180,1114,4079,4075,1148,1648,4076,4077,1220,1213,4079,4078,1199,1262
1681751407.1413307,tempb,4077,4078,1179,1115,4079,4075,1148,1646,4079,4077,1220,1215,4079,4077,1200,1262
1681751419.240956,tempb,4078,4078,1181,1114,4079,4077,1149,1643,4077,4077,1220,1215,4078,4078,1201,1262
1681751431.3164797,tempb,4078,4079,1180,1112,4078,4078,1150,1647,4077,4077,1220,1214,4079,4077,1200,1266
1681751443.3882246,tempb,4078,4077,1178,1112,4077,4077,1149,1649,4077,4076,1220,1215,4080,4077,1201,1265
1681751455.4613204,tempb,4078,4077,1179,1113,4077,4075,1147,1651,4077,4075,1219,1216,4077,4078,1201,1262
1681751467.5348573,tempb,4080,4078,1178,1113,4079,4078,1149,1646,4078,4075,1219,1214,4076,4077,1200,1262
1681751479.6094391,tempb,4079,4079,1180,1111,4076,4077,1149,1642,4077,4078,1221,1213,4078,4078,1200,1263
1681751491.680074,tempb,4078,4077,1177,1111,4077,4078,1148,1642,4076,4077,1219,1213,4076,4076,1199,1262
1681751503.7501953,tempb,4077,4078,1178,1112,4078,4079,1148,1639,4077,4076,1217,1213,4077,4078,1199,1259
1681751515.8216624,tempb,4080,4075,1178,1112,4080,4078,1147,1636,4078,4079,1219,1212,4077,4077,1201,1263
1681751527.8931012,tempb,4080,4075,1178,1111,4077,4075,1147,1634,4078,4078,1220,1214,4078,4077,1200,1261
1681751539.9667454,tempb,4077,4076,1177,1112,4079,4077,1147,1635,4078,4077,1220,1214,4079,4078,1199,1261
1681751552.0380604,tempb,4079,4076,1179,1113,4076,4076,1149,1630,4077,4078,1221,1215,4077,4077,1199,1262
1681751564.1089435,tempb,4076,4077,1179,1112,4077,4078,1148,1627,4078,4077,1221,1215,4078,4079,1200,1261
1681751576.1806486,tempb,4076,4075,1179,1112,4078,4074,1146,1624,4075,4078,1220,1216,4078,4077,1198,1263
1681751588.250964,tempb,4078,4079,1181,1114,4077,4077,1147,1621,4076,4076,1220,1214,4078,4078,1200,1259
1681751600.3274934,tempb,4078,4077,1179,1112,4078,4076,1147,1618,4077,4078,1220,1214,4077,4076,1200,1259
1681751612.3949323,tempb,4077,4077,1179,1113,4078,4077,1148,1614,4080,4078,1223,1214,4079,4076,1200,1260
1681751624.4684744,tempb,4077,4077,1180,1114,4077,4077,1148,1616,4079,4078,1219,1214,4079,4076,1199,1261
1681751636.5387902,tempb,4077,4077,1179,1112,4078,4078,1148,1613,4078,4078,1221,1212,4078,4077,1200,1259
1681751648.601338,tempb,4078,4078,1178,1112,4077,4076,1146,1617,4078,4077,1220,1213,4078,4078,1200,1258
1681751660.673341,tempb,4076,4077,1178,1111,4078,4077,1146,1612,4077,4076,1220,1213,4077,4076,1199,1258
1681751672.7439692,tempb,4077,4076,1180,1111,4078,4077,1148,1613,4077,4079,1219,1212,4078,4079,1199,1257
1681751684.8141332,tempb,4078,4079,1179,1113,4078,4079,1147,1616,4078,4078,1219,1212,4077,4078,1198,1257
1681751696.8858733,tempb,4078,4077,1179,1112,4078,4076,1146,1617,4077,4078,1221,1213,4078,4078,1199,1258
1681751708.9574866,tempb,4079,4078,1178,1110,4078,4078,1147,1613,4077,4077,1220,1213,4078,4076,1198,1257
1681751721.028225,tempb,4078,4078,1179,1112,4077,4077,1148,1612,4079,4077,1219,1211,4079,4078,1200,1258
1681751733.0986345,tempb,4077,4078,1178,1112,4078,4077,1148,1606,4080,4079,1218,1214,4078,4077,1198,1257
1681751745.1669686,tempb,4077,4077,1177,1112,4077,4078,1145,1604,4078,4077,1219,1213,4078,4079,1197,1259
1681751757.2383559,tempb,4078,4076,1177,1110,4079,4076,1145,1607,4080,4076,1218,1214,4077,4077,1196,1260
1681751769.3118567,tempb,4079,4076,1177,1110,4078,4079,1146,1606,4077,4079,1218,1212,4079,4078,1198,1258
1681751781.4227655,tempb,4078,4077,1176,1111,4077,4077,1145,1608,4077,4079,1219,1214,4077,4076,1196,1258
1681751793.497854,tempb,4077,4075,1176,1108,4078,4078,1144,1608,4077,4076,1218,1211,4077,4076,1197,1260
1681751805.569726,tempb,4078,4078,1178,1110,4077,4076,1144,1606,4077,4078,1218,1214,4079,4078,1197,1259
1681751817.6373408,tempb,4078,4078,1175,1109,4080,4077,1145,1602,4078,4077,1218,1212,4077,4077,1197,1260
1681751829.7082434,tempb,4079,4079,1176,1110,4078,4079,1146,1607,4078,4078,1220,1212,4080,4079,1196,1262
1681751841.778458,tempb,4078,4076,1175,1108,4076,4077,1146,1606,4076,4079,1218,1212,4080,4077,1196,1262
1681751853.8498378,tempb,4076,4078,1175,1109,4080,4077,1145,1604,4078,4077,1221,1211,4078,4078,1197,1263
1681751865.9213407,tempb,4077,4078,1174,1109,4077,4079,1143,1601,4079,4077,1219,1212,4079,4078,1197,1259
1681751877.9931784,tempb,4076,4077,1174,1110,4079,4078,1144,1602,4079,4077,1217,1211,4078,4079,1197,1261
1681751890.063711,tempb,4078,4078,1176,1109,4078,4077,1145,1602,4081,4079,1216,1213,4079,4079,1195,1261
1681751902.1349218,tempb,4078,4075,1174,1109,4079,4078,1144,1602,4076,4078,1217,1212,4078,4078,1198,1260
1681751914.206314,tempb,4079,4077,1174,1110,4077,4077,1144,1603,4080,4078,1218,1212,4077,4079,1195,1262
1681751926.27718,tempb,4076,4077,1173,1108,4078,4075,1140,1601,4078,4076,1216,1212,4078,4077,1194,1262
1681751938.3495343,tempb,4078,4079,1173,1107,4077,4077,1143,1605,4080,4078,1215,1211,4079,4080,1194,1259
1681751950.4170303,tempb,4078,4078,1173,1109,4079,4076,1143,1616,4078,4077,1216,1212,4079,4077,1196,1258
1681751962.4893358,tempb,4077,4078,1173,1106,4077,4076,1143,1616,4078,4077,1218,1212,4080,4078,1195,1261
1681751974.5644703,tempb,4079,4079,1173,1108,4078,4078,1144,1613,4078,4077,1217,1210,4080,4077,1195,1258
1681751986.6406744,tempb,4076,4078,1172,1108,4077,4078,1143,1613,4077,4077,1217,1211,4080,4079,1196,1258
1681751998.709328,tempb,4080,4078,1174,1105,4077,4077,1142,1617,4077,4077,1217,1210,4078,4078,1195,1260
1681752010.7800329,tempb,4076,4078,1172,1108,4079,4077,1144,1618,4079,4075,1217,1209,4078,4078,1193,1259
1681752022.8506083,tempb,4076,4079,1171,1105,4074,4078,1140,1621,4079,4077,1216,1209,4077,4078,1193,1258
1681752034.9210951,tempb,4078,4077,1170,1106,4077,4078,1142,1622,4077,4077,1213,1208,4078,4076,1193,1257
1681752046.9973729,tempb,4080,4077,1170,1106,4076,4076,1140,1625,4078,4077,1213,1209,4075,4076,1194,1257
1681752059.0680487,tempb,4076,4076,1172,1105,4079,4076,1140,1622,4079,4078,1217,1209,4077,4078,1194,1257
1681752071.1431718,tempb,4077,4076,1170,1105,4079,4077,1141,1621,4079,4076,1213,1208,4079,4076,1193,1256
1681752083.2133083,tempb,4078,4078,1170,1106,4078,4078,1142,1618,4077,4079,1216,1207,4077,4079,1192,1257
1681752095.284243,tempb,4077,4076,1171,1104,4078,4078,1139,1620,4078,4077,1213,1209,4077,4077,1193,1257
1681752107.353322,tempb,4078,4076,1171,1104,4078,4078,1138,1619,4078,4077,1212,1208,4078,4079,1191,1258
1681752119.4307528,tempb,4078,4079,1171,1105,4079,4078,1142,1617,4077,4076,1213,1207,4078,4079,1192,1256
1681752131.5069351,tempb,4077,4078,1170,1104,4080,4078,1140,1611,4079,4077,1213,1208,4077,4078,1192,1257
1681752143.5773144,tempb,4078,4077,1168,1105,4077,4078,1138,1602,4079,4076,1214,1207,4078,4077,1190,1256
1681752155.6490405,tempb,4077,4076,1168,1103,4076,4076,1139,1597,4079,4078,1214,1208,4077,4079,1190,1259
1681752167.7173765,tempb,4078,4078,1169,1106,4079,4078,1140,1598,4078,4077,1212,1206,4077,4078,1191,1259
1681752179.7880268,tempb,4078,4080,1169,1104,4078,4079,1140,1600,4079,4075,1213,1207,4079,4079,1192,1259
1681752191.8584552,tempb,4078,4078,1169,1104,4080,4076,1138,1600,4077,4075,1212,1207,4077,4077,1191,1260
1681752203.9298651,tempb,4077,4079,1169,1102,4079,4078,1139,1603,4079,4078,1212,1208,4078,4076,1191,1259
1681752216.0013292,tempb,4078,4077,1167,1102,4078,4077,1139,1607,4077,4079,1212,1209,4078,4078,1192,1261
1681752228.0748982,tempb,4075,4078,1166,1102,4080,4077,1140,1613,4077,4077,1211,1209,4077,4078,1192,1258
1681752240.1460009,tempb,4077,4076,1169,1103,4077,4076,1138,1618,4079,4077,1211,1208,4076,4077,1190,1257
1681752252.2089942,tempb,4078,4079,1169,1104,4077,4076,1139,1626,4080,4077,1212,1208,4079,4078,1193,1258
1681752264.2803497,tempb,4076,4078,1170,1103,4076,4080,1139,1639,4079,4078,1213,1208,4080,4076,1191,1259
1681752276.393445,tempb,4078,4077,1167,1103,4077,4078,1138,1650,4077,4078,1214,1208,4078,4077,1193,1259
1681752288.4696379,tempb,4078,4078,1169,1103,4078,4078,1138,1660,4078,4078,1214,1207,4077,4076,1192,1258
1681752300.5427241,tempb,4077,4077,1166,1103,4079,4078,1138,1671,4077,4077,1213,1207,4079,4076,1191,1258
1681752312.614535,tempb,4078,4077,1167,1101,4079,4076,1139,1684,4078,4078,1211,1208,4078,4079,1192,1258
1681752324.8139873,tempb,4077,4079,1168,1103,4079,4076,1138,1697,4078,4076,1212,1207,4078,4079,1191,1258
1681752336.8855255,tempb,4078,4077,1165,1101,4078,4078,1137,1709,4077,4076,1213,1207,4078,4078,1191,1259
1681752348.9578693,tempb,4078,4078,1166,1103,4078,4078,1139,1715,4076,4076,1212,1208,4078,4079,1193,1258
1681752361.028537,tempb,4076,4078,1169,1102,4079,4077,1137,1728,4078,4078,1209,1207,4078,4078,1190,1258
1681752373.1020336,tempb,4077,4075,1170,1104,4078,4077,1138,1741,4078,4077,1211,1208,4079,4077,1191,1258
1681752385.1816165,tempb,4079,4077,1168,1102,4078,4078,1139,1770,4078,4078,1210,1210,4079,4078,1190,1258
1681752397.317328,tempb,4077,4078,1168,1103,4078,4078,1138,1778,4075,4078,1209,1205,4077,4079,1191,1257
1681752409.3907692,tempb,4079,4078,1172,1104,4078,4076,1139,1787,4078,4077,1211,1207,4079,4077,1192,1256
1681752421.4613132,tempb,4076,4078,1167,1102,4077,4076,1138,1806,4078,4076,1211,1207,4076,4079,1191,1257
1681752433.53279,tempb,4077,4081,1168,1103,4078,4078,1137,1839,4078,4076,1213,1206,4078,4078,1191,1256
1681752445.6043475,tempb,4076,4078,1168,1102,4077,4078,1138,1865,4078,4078,1212,1207,4078,4080,1191,1257
1681752457.6774955,tempb,4078,4079,1167,1103,4075,4078,1137,1867,4079,4079,1211,1206,4078,4076,1190,1257
1681752469.7540705,tempb,4077,4078,1168,1104,4076,4076,1136,1873,4079,4077,1212,1206,4076,4079,1188,1255
1681752481.8253202,tempb,4076,4078,1170,1102,4078,4078,1139,1866,4076,4076,1210,1205,4080,4077,1191,1257
1681752493.8911812,tempb,4079,4076,1167,1103,4079,4078,1139,1899,4077,4078,1211,1207,4077,4079,1191,1258
1681752505.961676,tempb,4078,4077,1167,1103,4078,4079,1139,1907,4077,4078,1212,1207,4078,4076,1193,1257
1681752518.0293221,tempb,4078,4076,1169,1103,4077,4077,1137,1906,4079,4077,1211,1208,4077,4078,1191,1255
1681752530.0986567,tempb,4076,4077,1167,1103,4078,4078,1139,1912,4077,4076,1212,1207,4080,4078,1191,1255
1681752542.1734698,tempb,4079,4078,1166,1103,4080,4077,1138,1928,4078,4078,1210,1206,4079,4078,1192,1255
1681752554.2477376,tempb,4078,4077,1168,1104,4077,4077,1136,1966,4081,4077,1211,1207,4079,4077,1190,1257
1681752566.3203704,tempb,4079,4078,1167,1104,4078,4078,1138,2018,4079,4078,1211,1207,4079,4078,1191,1257
1681752578.3912227,tempb,4078,4078,1168,1105,4079,4077,1138,2070,4079,4078,1212,1206,4079,4078,1190,1256
1681752590.462532,tempb,4076,4079,1167,1101,4079,4075,1137,2127,4076,4077,1211,1207,4079,4076,1190,1257
1681752602.5330205,tempb,4078,4079,1167,1103,4078,4079,1138,2164,4079,4078,1211,1206,4079,4077,1190,1256
1681752614.6065114,tempb,4080,4076,1167,1104,4078,4078,1138,2227,4078,4078,1212,1205,4078,4077,1191,1256
1681752626.6819901,tempb,4079,4078,1168,1104,4076,4077,1136,2236,4077,4077,1210,1207,4081,4079,1188,1256
1681752638.7551374,tempb,4080,4077,1168,1104,4079,4079,1139,2241,4079,4078,1212,1206,4079,4078,1190,1257
1681752650.8173542,tempb,4078,4077,1169,1101,4078,4078,1138,2251,4079,4079,1212,1205,4076,4079,1191,1256
1681752662.8823702,tempb,4078,4077,1167,1102,4077,4077,1136,2258,4078,4076,1212,1205,4078,4076,1187,1256
1681752674.9539647,tempb,4078,4077,1168,1104,4081,4078,1137,2300,4077,4078,1212,1204,4078,4078,1189,1256
1681752687.0275936,tempb,4079,4078,1167,1103,4077,4077,1137,2335,4078,4078,1212,1204,4078,4078,1189,1255
1681752699.0987444,tempb,4078,4077,1168,1103,4080,4078,1136,2373,4077,4079,1210,1204,4079,4078,1188,1255
1681752711.1726136,tempb,4078,4075,1167,1103,4078,4078,1136,2353,4077,4078,1211,1203,4077,4078,1189,1254
1681752723.2477431,tempb,4079,4079,1165,1102,4076,4078,1136,2370,4076,4077,1212,1205,4078,4079,1188,1256
1681752735.3202908,tempb,4078,4079,1166,1104,4078,4077,1138,2410,4079,4078,1212,1204,4077,4078,1189,1256
1681752747.3911908,tempb,4077,4078,1166,1103,4080,4079,1138,2431,4079,4077,1211,1206,4078,4077,1188,1256
1681752759.466195,tempb,4077,4077,1166,1102,4078,4077,1136,2463,4076,4078,1211,1205,4077,4077,1189,1257
1681752771.5373597,tempb,4078,4078,1168,1104,4079,4079,1137,2460,4078,4076,1210,1205,4078,4078,1187,1256
1681752783.601311,tempb,4078,4078,1165,1102,4077,4079,1136,2410,4077,4077,1210,1203,4078,4078,1188,1254
1681752795.673474,tempb,4077,4078,1168,1103,4078,4078,1138,2391,4077,4077,1210,1204,4078,4077,1189,1257
1681752807.747751,tempb,4077,4075,1166,1103,4077,4076,1135,2427,4077,4077,1213,1204,4080,4076,1185,1254
1681752819.8198814,tempb,4076,4076,1167,1103,4077,4078,1137,2528,4077,4078,1211,1206,4080,4076,1188,1256
1681752831.8912108,tempb,4078,4078,1168,1104,4078,4077,1138,2589,4079,4079,1210,1206,4078,4079,1188,1257
1681752843.961591,tempb,4079,4079,1168,1103,4079,4079,1138,2579,4078,4077,1209,1204,4076,4078,1188,1256
1681752856.036796,tempb,4078,4078,1165,1106,4078,4078,1138,2532,4079,4079,1211,1204,4078,4078,1190,1257
1681752868.1030133,tempb,4076,4077,1168,1104,4078,4077,1137,2543,4081,4079,1211,1204,4080,4078,1188,1256
1681752880.177636,tempb,4078,4076,1165,1103,4077,4078,1138,2640,4078,4077,1209,1204,4079,4078,1189,1256
1681752892.2510064,tempb,4079,4077,1167,1102,4077,4077,1136,2681,4081,4079,1211,1204,4078,4079,1186,1256
1681752904.323672,tempb,4078,4077,1166,1103,4079,4077,1138,2651,4078,4075,1210,1203,4078,4078,1187,1256
1681752916.3973513,tempb,4078,4077,1167,1104,4081,4078,1139,2601,4076,4077,1209,1204,4078,4078,1189,1256
1681752928.4679427,tempb,4078,4078,1166,1103,4079,4077,1136,2576,4077,4076,1210,1204,4079,4075,1186,1254
1681752940.5333622,tempb,4077,4077,1168,1105,4078,4077,1138,2585,4076,4077,1212,1205,4080,4076,1187,1254
1681752952.6053412,tempb,4078,4077,1167,1108,4078,4077,1138,2572,4078,4077,1211,1203,4077,4077,1187,1252
1681752964.6820126,tempb,4077,4077,1167,1104,4078,4078,1138,2625,4080,4076,1209,1205,4079,4078,1185,1254
1681752976.755723,tempb,4078,4078,1167,1105,4077,4076,1140,2660,4079,4076,1210,1205,4078,4077,1188,1255
1681752988.8271916,tempb,4077,4078,1169,1105,4079,4078,1137,2623,4077,4077,1211,1205,4079,4078,1187,1254
1681753000.8912053,tempb,4079,4078,1168,1104,4078,4077,1137,2637,4079,4077,1210,1204,4077,4077,1187,1254
1681753012.961739,tempb,4077,4076,1167,1104,4077,4075,1137,2671,4078,4076,1211,1203,4077,4078,1186,1252
1681753025.0370207,tempb,4079,4078,1167,1105,4079,4079,1139,2596,4080,4078,1212,1203,4079,4079,1187,1254
1681753037.1085222,tempb,4077,4077,1166,1103,4077,4077,1140,2537,4077,4078,1210,1203,4078,4076,1185,1253
1681753049.1821554,tempb,4079,4075,1166,1105,4079,4077,1136,2489,4076,4076,1208,1202,4077,4077,1185,1253
1681753061.2574644,tempb,4077,4077,1168,1105,4079,4078,1138,2511,4077,4077,1211,1205,4079,4079,1187,1254
1681753073.3295815,tempb,4078,4075,1168,1106,4078,4078,1136,2493,4078,4077,1211,1203,4078,4079,1187,1251
1681753085.432387,tempb,4079,4079,1169,1105,4077,4078,1138,2473,4080,4078,1211,1204,4078,4077,1186,1254
1681753097.5036974,tempb,4078,4079,1168,1106,4078,4077,1138,2465,4077,4078,1211,1205,4077,4078,1187,1255
1681753109.5743647,tempb,4077,4076,1168,1102,4078,4080,1139,2487,4079,4077,1210,1205,4079,4078,1185,1256
1681753121.6446862,tempb,4078,4077,1166,1105,4076,4078,1136,2480,4076,4078,1210,1205,4078,4077,1187,1255
1681753133.713501,tempb,4078,4078,1169,1106,4078,4079,1137,2526,4079,4077,1210,1205,4078,4077,1188,1254
1681753145.7809868,tempb,4077,4076,1167,1105,4077,4078,1139,2564,4078,4077,1209,1205,4078,4079,1187,1254
1681753157.8527503,tempb,4078,4078,1169,1107,4079,4079,1140,2599,4081,4077,1211,1205,4078,4078,1187,1256
1681753169.9230218,tempb,4078,4080,1168,1103,4077,4077,1138,2606,4078,4077,1210,1206,4078,4077,1187,1255
1681753181.9942477,tempb,4080,4079,1169,1105,4079,4077,1138,2639,4078,4077,1211,1205,4078,4077,1186,1257
1681753194.0586195,tempb,4076,4077,1168,1106,4078,4079,1139,2675,4079,4076,1211,1205,4078,4078,1188,1256
1681753206.1300552,tempb,4079,4079,1168,1105,4080,4078,1137,2656,4078,4077,1209,1205,4076,4078,1185,1258
1681753218.1977253,tempb,4078,4076,1169,1103,4078,4077,1137,2572,4078,4077,1210,1203,4077,4077,1186,1256
1681753230.2681122,tempb,4078,4078,1170,1106,4079,4078,1139,2517,4078,4079,1210,1204,4078,4078,1186,1255
1681753242.33872,tempb,4077,4079,1170,1105,4079,4078,1139,2519,4078,4080,1213,1205,4079,4078,1188,1255
1681753254.4149246,tempb,4076,4080,1170,1105,4077,4076,1138,2537,4077,4077,1211,1205,4076,4078,1186,1256
1681753266.4853153,tempb,4077,4077,1168,1106,4079,4079,1138,2544,4078,4078,1211,1205,4078,4079,1188,1255
1681753278.556679,tempb,4078,4077,1169,1105,4078,4076,1138,2543,4078,4079,1210,1206,4080,4077,1185,1255
1681753290.625338,tempb,4077,4078,1169,1105,4077,4079,1136,2515,4078,4076,1208,1206,4079,4077,1187,1255
1681753302.6935134,tempb,4077,4077,1169,1104,4077,4077,1138,2476,4077,4075,1208,1204,4078,4080,1188,1257
1681753314.7639503,tempb,4074,4078,1168,1104,4078,4078,1138,2457,4078,4077,1208,1204,4078,4077,1187,1256
1681753326.8357599,tempb,4077,4080,1170,1105,4078,4078,1139,2452,4078,4077,1211,1207,4077,4077,1188,1256
1681753338.907006,tempb,4077,4076,1168,1105,4078,4078,1137,2450,4076,4079,1208,1207,4077,4076,1186,1257
1681753350.9773233,tempb,4079,4079,1168,1103,4078,4076,1139,2432,4077,4075,1208,1205,4079,4079,1187,1257
1681753363.0489361,tempb,4078,4078,1167,1107,4079,4077,1138,2416,4078,4079,1209,1204,4078,4079,1189,1257
1681753375.117333,tempb,4079,4076,1168,1107,4076,4077,1136,2402,4078,4078,1211,1205,4079,4080,1187,1257
1681753387.1895018,tempb,4080,4078,1168,1103,4078,4076,1138,2374,4079,4078,1208,1207,4078,4076,1188,1256
1681753399.2602117,tempb,4077,4078,1169,1105,4078,4077,1138,2359,4079,4078,1209,1205,4079,4078,1188,1257
1681753411.3322775,tempb,4078,4078,1167,1105,4077,4078,1138,2363,4078,4078,1209,1203,4077,4079,1186,1258
1681753423.4173665,tempb,4077,4077,1168,1105,4078,4080,1137,2376,4077,4079,1210,1205,4078,4078,1189,1257
1681753435.4813306,tempb,4079,4078,1168,1102,4079,4078,1137,2387,4078,4076,1210,1206,4079,4076,1188,1256
1681753447.5535793,tempb,4078,4078,1167,1103,4079,4077,1136,2363,4078,4076,1208,1206,4077,4076,1188,1259
1681753459.6251733,tempb,4078,4078,1167,1102,4077,4077,1137,2333,4078,4078,1210,1207,4078,4078,1192,1260
1681753471.697822,tempb,4079,4077,1167,1104,4077,4078,1137,2309,4079,4078,1209,1205,4079,4079,1190,1256
1681753483.7735274,tempb,4079,4077,1168,1105,4079,4078,1136,2273,4077,4079,1210,1207,4079,4078,1189,1259
1681753495.8373225,tempb,4078,4077,1165,1103,4079,4077,1137,2263,4077,4079,1209,1206,4078,4079,1189,1258
1681753507.9086351,tempb,4079,4078,1169,1104,4079,4079,1138,2248,4079,4079,1210,1209,4079,4078,1190,1259
1681753519.9786947,tempb,4075,4078,1167,1104,4078,4077,1136,2233,4078,4076,1207,1207,4077,4077,1190,1257
1681753532.0500524,tempb,4079,4078,1169,1104,4078,4077,1138,2221,4079,4080,1208,1207,4079,4079,1190,1258
1681753544.1185126,tempb,4079,4077,1169,1103,4077,4077,1138,2210,4078,4079,1208,1208,4078,4079,1192,1260
1681753556.1935468,tempb,4080,4078,1168,1104,4078,4076,1137,2197,4079,4078,1210,1205,4076,4079,1191,1258
1681753568.2678027,tempb,4079,4078,1168,1105,4079,4078,1136,2188,4079,4076,1208,1207,4077,4078,1191,1257
1681753580.3770158,tempb,4077,4078,1168,1102,4077,4078,1136,2172,4077,4078,1209,1209,4076,4078,1191,1260
1681753592.4477074,tempb,4079,4078,1169,1102,4077,4077,1136,2166,4079,4077,1211,1207,4078,4076,1191,1259
1681753604.5189724,tempb,4079,4076,1165,1104,4080,4076,1137,2146,4078,4078,1210,1209,4077,4077,1190,1258
1681753616.581018,tempb,4078,4077,1167,1104,4076,4077,1136,2114,4079,4077,1211,1211,4079,4076,1191,1259
1681753628.6573234,tempb,4078,4077,1168,1102,4077,4076,1137,2112,4077,4077,1211,1208,4079,4078,1193,1259
1681753640.729513,tempb,4078,4078,1166,1103,4079,4076,1138,2120,4078,4078,1209,1210,4078,4077,1190,1259
1681753652.8050957,tempb,4077,4079,1167,1102,4077,4078,1138,2124,4080,4077,1211,1210,4078,4078,1193,1259
1681753664.8770633,tempb,4079,4078,1169,1104,4079,4077,1137,2128,4080,4079,1208,1210,4078,4078,1192,1260
1681753676.9475667,tempb,4079,4078,1167,1103,4077,4077,1135,2124,4079,4078,1209,1211,4078,4078,1193,1261
1681753689.017895,tempb,4078,4078,1168,1104,4078,4078,1137,2120,4078,4076,1209,1212,4077,4077,1191,1260
1681753701.0946116,tempb,4078,4079,1170,1104,4082,4077,1140,2114,4080,4077,1209,1212,4078,4077,1193,1262
1681753713.1661851,tempb,4076,4077,1167,1104,4079,4078,1138,2111,4078,4077,1209,1208,4077,4078,1193,1262
1681753725.2388604,tempb,4075,4077,1169,1103,4079,4075,1139,2102,4078,4075,1210,1207,4079,4077,1192,1262
1681753737.3158586,tempb,4078,4078,1170,1105,4079,4077,1137,2101,4078,4077,1210,1207,4078,4080,1189,1262
1681753749.423833,tempb,4076,4079,1168,1104,4079,4076,1138,2097,4077,4077,1210,1206,4077,4077,1190,1262
1681753761.497374,tempb,4078,4078,1169,1105,4078,4078,1136,2088,4080,4077,1211,1208,4077,4077,1191,1261
1681753773.5712113,tempb,4077,4077,1168,1103,4078,4076,1135,2081,4078,4077,1210,1209,4079,4077,1192,1262
1681753785.6415882,tempb,4078,4078,1167,1103,4080,4078,1138,2072,4078,4077,1209,1209,4079,4079,1192,1262
1681753797.7122698,tempb,4077,4078,1169,1104,4079,4077,1136,2053,4076,4077,1208,1208,4078,4078,1194,1261
1681753809.782569,tempb,4079,4078,1168,1103,4079,4077,1137,2055,4078,4079,1211,1208,4077,4077,1192,1263
1681753821.8539445,tempb,4075,4077,1168,1103,4078,4078,1136,2052,4078,4078,1209,1212,4078,4078,1193,1263
1681753833.9213219,tempb,4080,4079,1169,1105,4081,4077,1138,2051,4079,4077,1210,1209,4076,4078,1190,1266
1681753845.9931395,tempb,4080,4078,1168,1104,4080,4078,1138,2059,4077,4078,1207,1208,4079,4076,1192,1263
1681753858.0649285,tempb,4078,4077,1169,1104,4077,4076,1135,2058,4077,4075,1210,1210,4078,4077,1193,1264
1681753870.1364605,tempb,4077,4079,1168,1103,4078,4078,1136,2049,4079,4077,1211,1210,4077,4075,1192,1263
1681753882.2067485,tempb,4077,4077,1169,1103,4078,4077,1137,2033,4081,4079,1210,1209,4078,4078,1192,1263
1681753894.2838748,tempb,4076,4078,1170,1102,4078,4077,1137,2035,4077,4078,1210,1207,4078,4078,1193,1264
1681753906.3536408,tempb,4078,4078,1167,1104,4079,4078,1137,2032,4080,4075,1211,1212,4077,4077,1192,1265
1681753918.4243188,tempb,4080,4078,1168,1104,4078,4078,1135,2017,4078,4077,1213,1211,4078,4075,1195,1265
1681753930.496784,tempb,4076,4080,1166,1105,4078,4078,1139,2010,4078,4078,1214,1213,4079,4080,1196,1265
1681753942.5684693,tempb,4077,4078,1170,1102,4077,4076,1137,2003,4078,4076,1212,1213,4077,4078,1194,1265
1681753954.640318,tempb,4076,4079,1168,1105,4076,4077,1136,1997,4078,4077,1211,1214,4081,4078,1195,1267
1681753966.7111883,tempb,4077,4076,1168,1104,4077,4077,1138,1999,4077,4078,1210,1215,4079,4079,1195,1263
1681753978.785741,tempb,4079,4078,1166,1103,4078,4077,1137,2003,4078,4078,1211,1213,4079,4076,1194,1264
1681753990.856305,tempb,4076,4077,1168,1103,4078,4077,1136,2001,4081,4076,1212,1213,4076,4077,1193,1264
1681754002.9277027,tempb,4076,4077,1170,1104,4077,4077,1137,2001,4078,4077,1212,1212,4078,4077,1194,1265
1681754015.0038583,tempb,4077,4078,1166,1104,4080,4078,1136,2007,4079,4078,1210,1212,4077,4076,1194,1264
1681754027.075183,tempb,4079,4076,1166,1103,4079,4076,1138,2009,4077,4078,1212,1212,4077,4078,1193,1265
1681754039.138277,tempb,4078,4077,1168,1103,4076,4078,1137,2001,4076,4078,1212,1211,4079,4077,1194,1265
1681754051.2097733,tempb,4080,4079,1170,1103,4078,4078,1139,1980,4078,4077,1212,1212,4080,4079,1196,1263
1681754063.279827,tempb,4078,4076,1168,1105,4078,4079,1136,1976,4079,4078,1212,1211,4079,4078,1195,1266
1681754075.3853173,tempb,4078,4078,1170,1104,4078,4077,1137,1980,4078,4077,1214,1212,4079,4077,1196,1266
1681754087.4559686,tempb,4080,4077,1169,1104,4078,4079,1137,1982,4079,4077,1214,1213,4078,4079,1196,1267
1681754099.5213423,tempb,4079,4078,1167,1104,4079,4078,1138,1984,4079,4078,1213,1214,4078,4076,1195,1267
1681754111.593359,tempb,4078,4078,1168,1103,4077,4077,1138,1986,4077,4078,1214,1213,4078,4078,1197,1268
1681754123.6698956,tempb,4077,4077,1168,1103,4078,4077,1137,1980,4080,4075,1213,1215,4077,4078,1198,1267
1681754135.74082,tempb,4080,4080,1170,1104,4081,4078,1138,1969,4080,4077,1213,1216,4079,4076,1197,1268
1681754147.8118138,tempb,4076,4077,1168,1103,4079,4079,1136,1947,4079,4077,1211,1212,4077,4079,1196,1269
1681754159.8735542,tempb,4078,4078,1169,1103,4079,4078,1140,1936,4078,4079,1212,1212,4078,4078,1197,1269
1681754171.9450996,tempb,4077,4078,1168,1104,4078,4078,1137,1931,4078,4078,1213,1212,4079,4078,1197,1268
1681754184.0158067,tempb,4079,4077,1169,1105,4081,4078,1138,1924,4076,4077,1212,1214,4076,4077,1196,1267
1681754196.127035,tempb,4078,4078,1169,1104,4078,4078,1137,1926,4080,4078,1211,1215,4077,4079,1198,1268
1681754208.199939,tempb,4078,4078,1168,1102,4078,4078,1137,1929,4079,4078,1209,1213,4078,4077,1197,1269
1681754220.2711024,tempb,4078,4080,1167,1104,4077,4077,1139,1944,4078,4078,1212,1214,4077,4077,1197,1270
1681754232.3413434,tempb,4078,4077,1168,1104,4077,4077,1137,1941,4077,4077,1212,1214,4078,4077,1198,1268
1681754244.4092934,tempb,4078,4078,1169,1104,4079,4078,1137,1944,4078,4078,1214,1213,4079,4078,1197,1269
1681754256.4797904,tempb,4078,4078,1169,1103,4080,4078,1138,1942,4077,4077,1213,1213,4078,4079,1197,1269
1681754268.556317,tempb,4077,4077,1168,1102,4077,4078,1139,1945,4077,4077,1213,1211,4079,4076,1197,1268
1681754280.6279893,tempb,4081,4079,1167,1104,4079,4078,1140,1949,4077,4077,1213,1211,4077,4078,1196,1268
1681754292.7018797,tempb,4076,4078,1168,1104,4076,4077,1137,1964,4079,4077,1214,1210,4077,4077,1197,1265
1681754304.773096,tempb,4080,4078,1170,1103,4078,4078,1137,1967,4079,4077,1215,1214,4080,4078,1197,1265
1681754316.845351,tempb,4076,4078,1170,1106,4077,4079,1138,1975,4079,4079,1214,1213,4078,4079,1199,1266
1681754328.9184432,tempb,4078,4078,1168,1106,4079,4078,1141,1986,4077,4078,1214,1213,4079,4077,1198,1267
1681754340.9892306,tempb,4074,4076,1170,1105,4077,4078,1137,1998,4077,4078,1214,1212,4080,4077,1197,1268
1681754353.0607638,tempb,4078,4075,1170,1106,4078,4078,1140,2004,4078,4078,1214,1211,4076,4079,1196,1267
1681754365.129302,tempb,4078,4078,1168,1104,4078,4077,1139,2000,4078,4076,1214,1211,4076,4077,1198,1265
1681754377.2025802,tempb,4079,4077,1169,1106,4079,4078,1139,1992,4077,4078,1213,1212,4076,4079,1194,1265
1681754389.2730834,tempb,4077,4077,1172,1104,4080,4076,1139,1970,4078,4076,1215,1211,4078,4077,1195,1266
1681754401.3451912,tempb,4079,4078,1170,1106,4077,4079,1139,1955,4076,4077,1215,1213,4079,4076,1196,1267
1681754413.4213414,tempb,4079,4076,1171,1106,4079,4078,1141,1936,4079,4078,1214,1212,4077,4079,1196,1266
1681754425.4922066,tempb,4078,4080,1170,1105,4078,4077,1141,1937,4076,4077,1215,1211,4079,4078,1195,1267
1681754437.5690322,tempb,4078,4077,1170,1105,4077,4075,1141,1948,4078,4077,1215,1209,4076,4077,1194,1265
1681754449.6442027,tempb,4077,4077,1169,1105,4078,4078,1140,1953,4078,4077,1214,1209,4077,4075,1195,1267
1681754461.718481,tempb,4078,4079,1171,1106,4078,4079,1140,1953,4078,4077,1212,1213,4077,4078,1196,1268
1681754473.7897937,tempb,4077,4076,1168,1106,4077,4076,1141,1948,4078,4076,1214,1210,4078,4078,1193,1268
1681754485.8517218,tempb,4078,4078,1169,1104,4077,4079,1141,1946,4079,4078,1215,1211,4079,4078,1194,1265
1681754497.9237087,tempb,4078,4077,1170,1105,4079,4077,1141,1938,4076,4079,1213,1210,4079,4078,1192,1266
1681754509.9940526,tempb,4078,4076,1168,1105,4077,4079,1140,1940,4078,4077,1215,1211,4077,4079,1195,1267
1681754522.0656228,tempb,4079,4079,1169,1105,4079,4078,1137,1960,4079,4079,1214,1211,4079,4080,1195,1266
