1683905816.4734788,od_lede,0,0,0,0,0,0,0,0,0,0,0,0,0,0,0,0
1683905832.8992438,od_lede,1,1,1,1,1,1,1,1,1,1,1,1,1,1,1,1
1683905849.3363333,od_lede,2,2,2,2,2,2,2,2,2,2,2,2,2,2,2,2
1683905865.6713755,od_lede,3,3,3,3,3,3,3,3,3,3,3,3,3,3,3,3
1683905882.0037181,od_lede,4,4,4,4,4,4,4,4,4,4,4,4,4,4,4,4
1683905898.367513,od_lede,5,5,5,5,5,5,5,5,5,5,5,5,5,5,5,5
1683905914.7027578,od_lede,6,6,6,6,6,6,6,6,6,6,6,6,6,6,6,6
1683905931.0395203,od_lede,7,7,7,7,7,7,7,7,7,7,7,7,7,7,7,7
1683905947.3976817,od_lede,8,8,8,8,8,8,8,8,8,8,8,8,8,8,8,8
1683905963.8120456,od_lede,9,9,9,9,9,9,9,9,9,9,9,9,9,9,9,9
1683905980.216393,od_lede,10,10,10,10,10,10,10,10,10,10,10,10,10,10,10,10
1683905996.6211674,od_lede,11,11,11,11,11,11,11,11,11,11,11,11,11,11,11,11
1683906012.9564927,od_lede,12,12,12,12,12,12,12,12,12,12,12,12,12,12,12,12
1683906029.2954855,od_lede,13,13,13,13,13,13,13,13,13,13,13,13,13,13,13,13
1683906045.6325026,od_lede,14,14,14,14,14,14,14,14,14,14,14,14,14,14,14,14
1683906061.9759514,od_lede,15,15,15,15,15,15,15,15,15,15,15,15,15,15,15,15
1683906078.3152337,od_lede,16,16,16,16,16,16,16,16,16,16,16,16,16,16,16,16
1683906094.6580348,od_lede,17,17,17,17,17,17,17,17,17,17,17,17,17,17,17,17
1683906111.0926828,od_lede,18,18,18,18,18,18,18,18,18,18,18,18,18,18,18,18
1683906127.5017078,od_lede,19,19,19,19,19,19,19,19,19,19,19,19,19,19,19,19
1683906143.8965824,od_lede,20,20,20,20,20,20,20,20,20,20,20,20,20,20,20,20
1683906160.2720585,od_lede,21,21,21,21,21,21,21,21,21,21,21,21,21,21,21,21
1683906176.6518457,od_lede,22,22,22,22,22,22,22,22,22,22,22,22,22,22,22,22
1683906192.993193,od_lede,23,23,23,23,23,23,23,23,23,23,23,23,23,23,23,23
1683906209.3343472,od_lede,24,24,24,24,24,24,24,24,24,24,24,24,24,24,24,24
1683906225.6748297,od_lede,25,25,25,25,25,25,25,25,25,25,25,25,25,25,25,25
1683906242.265463,od_lede,26,26,26,26,26,26,26,26,26,26,26,26,26,26,26,26
1683906258.6869442,od_lede,27,27,27,27,27,27,27,27,27,27,27,27,27,27,27,27
1683906275.0880146,od_lede,28,28,28,28,28,28,28,28,28,28,28,28,28,28,28,28
1683906291.4281762,od_lede,29,29,29,29,29,29,29,29,29,29,29,29,29,29,29,29
1683906307.766489,od_lede,30,30,30,30,30,30,30,30,30,30,30,30,30,30,30,30
1683906324.107981,od_lede,31,31,31,31,31,31,31,31,31,31,31,31,31,31,31,31
1683906340.4493463,od_lede,32,32,32,32,32,32,32,32,32,32,32,32,32,32,32,32
1683906356.785499,od_lede,33,33,33,33,33,33,33,33,33,33,33,33,33,33,33,33
1683906373.1268513,od_lede,34,34,34,34,34,34,34,34,34,34,34,34,34,34,34,34
1683906389.5604122,od_lede,35,35,35,35,35,35,35,35,35,35,35,35,35,35,35,35
1683906405.9579766,od_lede,36,36,36,36,36,36,36,36,36,36,36,36,36,36,36,36
1683906422.37066,od_lede,37,37,37,37,37,37,37,37,37,37,37,37,37,37,37,37
1683906438.7080188,od_lede,38,38,38,38,38,38,38,38,38,38,38,38,38,38,38,38
1683906455.0479238,od_lede,39,39,39,39,39,39,39,39,39,39,39,39,39,39,39,39
1683906471.4232147,od_lede,40,40,40,40,40,40,40,40,40,40,40,40,40,40,40,40
1683906487.763897,od_lede,41,41,41,41,41,41,41,41,41,41,41,41,41,41,41,41
1683906504.104637,od_lede,42,42,42,42,42,42,42,42,42,42,42,42,42,42,42,42
1683906520.44259,od_lede,43,43,43,43,43,43,43,43,43,43,43,43,43,43,43,43
1683906536.833212,od_lede,44,44,44,44,44,44,44,44,44,44,44,44,44,44,44,44
