1680790877.5121026,"stiri,8,8,8,8,8,8,8,8,8,8,8,8,8,8,8,8,_!","stire,8,8,8,8,8,8,8,8,8,8,8,8,8,8,8,8,end"
1680790878.5180683,"od_135i,1000,_!","od_135b,65508,65510,64395,65511,65512,65511,65318,65421,65511,65510,65509,65321,65511,65510,65457,65492,end"
1680791384.3053336,"stiri,8,8,8,8,8,8,8,8,8,8,8,8,8,8,8,8,_!","stire,8,8,8,8,8,8,8,8,8,8,8,8,8,8,8,8,end"
1680791385.3104286,"tempi,2048,2048,2048,2048,2048,2048,2048,2048,2048,2048,2048,2048,2048,2048,2048,2048,_!","tempe,2048,2048,2048,2048,2048,2048,2048,2048,2048,2048,2048,2048,2048,2048,2048,2048,end"
1680791385.3108,"tempi,2048,2048,2048,2048,2048,2048,2048,2048,2048,2048,2048,2048,2048,2048,2048,2048,_!","tempe,2048,2048,2048,2048,2048,2048,2048,2048,2048,2048,2048,2048,2048,2048,2048,2048,endt"
1680791385.3201632,"tempi,2048,2048,2048,2048,2048,2048,2048,2048,2048,2048,2048,2048,2048,2048,2048,2048,_!","tempe,2048,2048,2048,2048,2048,2048,2048,2048,2048,2048,2048,2048,2048,2048,2048,2048,endte"
1680791385.3204176,"tempi,2048,2048,2048,2048,2048,2048,2048,2048,2048,2048,2048,2048,2048,2048,2048,2048,_!","tempe,2048,2048,2048,2048,2048,2048,2048,2048,2048,2048,2048,2048,2048,2048,2048,2048,endtem"
1680791385.3206239,"tempi,2048,2048,2048,2048,2048,2048,2048,2048,2048,2048,2048,2048,2048,2048,2048,2048,_!","tempe,2048,2048,2048,2048,2048,2048,2048,2048,2048,2048,2048,2048,2048,2048,2048,2048,endtemp"
1680791385.3208194,"tempi,2048,2048,2048,2048,2048,2048,2048,2048,2048,2048,2048,2048,2048,2048,2048,2048,_!","tempe,2048,2048,2048,2048,2048,2048,2048,2048,2048,2048,2048,2048,2048,2048,2048,2048,endtempb"
1680791385.3210118,"tempi,2048,2048,2048,2048,2048,2048,2048,2048,2048,2048,2048,2048,2048,2048,2048,2048,_!","tempe,2048,2048,2048,2048,2048,2048,2048,2048,2048,2048,2048,2048,2048,2048,2048,2048,endtempb,"
1680791385.3211968,"tempi,2048,2048,2048,2048,2048,2048,2048,2048,2048,2048,2048,2048,2048,2048,2048,2048,_!","tempe,2048,2048,2048,2048,2048,2048,2048,2048,2048,2048,2048,2048,2048,2048,2048,2048,endtempb,4"
1680791385.3213837,"tempi,2048,2048,2048,2048,2048,2048,2048,2048,2048,2048,2048,2048,2048,2048,2048,2048,_!","tempe,2048,2048,2048,2048,2048,2048,2048,2048,2048,2048,2048,2048,2048,2048,2048,2048,endtempb,40"
1680791385.3215683,"tempi,2048,2048,2048,2048,2048,2048,2048,2048,2048,2048,2048,2048,2048,2048,2048,2048,_!","tempe,2048,2048,2048,2048,2048,2048,2048,2048,2048,2048,2048,2048,2048,2048,2048,2048,endtempb,409"
1680791385.3217466,"tempi,2048,2048,2048,2048,2048,2048,2048,2048,2048,2048,2048,2048,2048,2048,2048,2048,_!","tempe,2048,2048,2048,2048,2048,2048,2048,2048,2048,2048,2048,2048,2048,2048,2048,2048,endtempb,4095"
1680791385.3219259,"tempi,2048,2048,2048,2048,2048,2048,2048,2048,2048,2048,2048,2048,2048,2048,2048,2048,_!","tempe,2048,2048,2048,2048,2048,2048,2048,2048,2048,2048,2048,2048,2048,2048,2048,2048,endtempb,4095,"
1680791385.3221102,"tempi,2048,2048,2048,2048,2048,2048,2048,2048,2048,2048,2048,2048,2048,2048,2048,2048,_!","tempe,2048,2048,2048,2048,2048,2048,2048,2048,2048,2048,2048,2048,2048,2048,2048,2048,endtempb,4095,4"
1680791385.3223155,"tempi,2048,2048,2048,2048,2048,2048,2048,2048,2048,2048,2048,2048,2048,2048,2048,2048,_!","tempe,2048,2048,2048,2048,2048,2048,2048,2048,2048,2048,2048,2048,2048,2048,2048,2048,endtempb,4095,40"
1680791385.3225274,"tempi,2048,2048,2048,2048,2048,2048,2048,2048,2048,2048,2048,2048,2048,2048,2048,2048,_!","tempe,2048,2048,2048,2048,2048,2048,2048,2048,2048,2048,2048,2048,2048,2048,2048,2048,endtempb,4095,409"
1680791385.3227673,"tempi,2048,2048,2048,2048,2048,2048,2048,2048,2048,2048,2048,2048,2048,2048,2048,2048,_!","tempe,2048,2048,2048,2048,2048,2048,2048,2048,2048,2048,2048,2048,2048,2048,2048,2048,endtempb,4095,4095"
1680791385.322965,"tempi,2048,2048,2048,2048,2048,2048,2048,2048,2048,2048,2048,2048,2048,2048,2048,2048,_!","tempe,2048,2048,2048,2048,2048,2048,2048,2048,2048,2048,2048,2048,2048,2048,2048,2048,endtempb,4095,4095,"
1680791385.3231478,"tempi,2048,2048,2048,2048,2048,2048,2048,2048,2048,2048,2048,2048,2048,2048,2048,2048,_!","tempe,2048,2048,2048,2048,2048,2048,2048,2048,2048,2048,2048,2048,2048,2048,2048,2048,endtempb,4095,4095,2"
1680791385.3233597,"tempi,2048,2048,2048,2048,2048,2048,2048,2048,2048,2048,2048,2048,2048,2048,2048,2048,_!","tempe,2048,2048,2048,2048,2048,2048,2048,2048,2048,2048,2048,2048,2048,2048,2048,2048,endtempb,4095,4095,20"
1680791385.3235545,"tempi,2048,2048,2048,2048,2048,2048,2048,2048,2048,2048,2048,2048,2048,2048,2048,2048,_!","tempe,2048,2048,2048,2048,2048,2048,2048,2048,2048,2048,2048,2048,2048,2048,2048,2048,endtempb,4095,4095,207"
1680791385.323737,"tempi,2048,2048,2048,2048,2048,2048,2048,2048,2048,2048,2048,2048,2048,2048,2048,2048,_!","tempe,2048,2048,2048,2048,2048,2048,2048,2048,2048,2048,2048,2048,2048,2048,2048,2048,endtempb,4095,4095,2078"
1680791385.323917,"tempi,2048,2048,2048,2048,2048,2048,2048,2048,2048,2048,2048,2048,2048,2048,2048,2048,_!","tempe,2048,2048,2048,2048,2048,2048,2048,2048,2048,2048,2048,2048,2048,2048,2048,2048,endtempb,4095,4095,2078,"
1680791385.324093,"tempi,2048,2048,2048,2048,2048,2048,2048,2048,2048,2048,2048,2048,2048,2048,2048,2048,_!","tempe,2048,2048,2048,2048,2048,2048,2048,2048,2048,2048,2048,2048,2048,2048,2048,2048,endtempb,4095,4095,2078,2"
1680791385.324274,"tempi,2048,2048,2048,2048,2048,2048,2048,2048,2048,2048,2048,2048,2048,2048,2048,2048,_!","tempe,2048,2048,2048,2048,2048,2048,2048,2048,2048,2048,2048,2048,2048,2048,2048,2048,endtempb,4095,4095,2078,20"
1680791385.324454,"tempi,2048,2048,2048,2048,2048,2048,2048,2048,2048,2048,2048,2048,2048,2048,2048,2048,_!","tempe,2048,2048,2048,2048,2048,2048,2048,2048,2048,2048,2048,2048,2048,2048,2048,2048,endtempb,4095,4095,2078,207"
1680791385.3246346,"tempi,2048,2048,2048,2048,2048,2048,2048,2048,2048,2048,2048,2048,2048,2048,2048,2048,_!","tempe,2048,2048,2048,2048,2048,2048,2048,2048,2048,2048,2048,2048,2048,2048,2048,2048,endtempb,4095,4095,2078,2077"
1680791385.3248549,"tempi,2048,2048,2048,2048,2048,2048,2048,2048,2048,2048,2048,2048,2048,2048,2048,2048,_!","tempe,2048,2048,2048,2048,2048,2048,2048,2048,2048,2048,2048,2048,2048,2048,2048,2048,endtempb,4095,4095,2078,2077,"
1680791385.3250341,"tempi,2048,2048,2048,2048,2048,2048,2048,2048,2048,2048,2048,2048,2048,2048,2048,2048,_!","tempe,2048,2048,2048,2048,2048,2048,2048,2048,2048,2048,2048,2048,2048,2048,2048,2048,endtempb,4095,4095,2078,2077,4"
1680791385.3252134,"tempi,2048,2048,2048,2048,2048,2048,2048,2048,2048,2048,2048,2048,2048,2048,2048,2048,_!","tempe,2048,2048,2048,2048,2048,2048,2048,2048,2048,2048,2048,2048,2048,2048,2048,2048,endtempb,4095,4095,2078,2077,40"
1680791385.3253927,"tempi,2048,2048,2048,2048,2048,2048,2048,2048,2048,2048,2048,2048,2048,2048,2048,2048,_!","tempe,2048,2048,2048,2048,2048,2048,2048,2048,2048,2048,2048,2048,2048,2048,2048,2048,endtempb,4095,4095,2078,2077,409"
1680791385.3255718,"tempi,2048,2048,2048,2048,2048,2048,2048,2048,2048,2048,2048,2048,2048,2048,2048,2048,_!","tempe,2048,2048,2048,2048,2048,2048,2048,2048,2048,2048,2048,2048,2048,2048,2048,2048,endtempb,4095,4095,2078,2077,4095"
1680791385.3257537,"tempi,2048,2048,2048,2048,2048,2048,2048,2048,2048,2048,2048,2048,2048,2048,2048,2048,_!","tempe,2048,2048,2048,2048,2048,2048,2048,2048,2048,2048,2048,2048,2048,2048,2048,2048,endtempb,4095,4095,2078,2077,4095,"
1680791385.325933,"tempi,2048,2048,2048,2048,2048,2048,2048,2048,2048,2048,2048,2048,2048,2048,2048,2048,_!","tempe,2048,2048,2048,2048,2048,2048,2048,2048,2048,2048,2048,2048,2048,2048,2048,2048,endtempb,4095,4095,2078,2077,4095,4"
1680791385.3261251,"tempi,2048,2048,2048,2048,2048,2048,2048,2048,2048,2048,2048,2048,2048,2048,2048,2048,_!","tempe,2048,2048,2048,2048,2048,2048,2048,2048,2048,2048,2048,2048,2048,2048,2048,2048,endtempb,4095,4095,2078,2077,4095,40"
1680791385.326306,"tempi,2048,2048,2048,2048,2048,2048,2048,2048,2048,2048,2048,2048,2048,2048,2048,2048,_!","tempe,2048,2048,2048,2048,2048,2048,2048,2048,2048,2048,2048,2048,2048,2048,2048,2048,endtempb,4095,4095,2078,2077,4095,409"
1680791385.326485,"tempi,2048,2048,2048,2048,2048,2048,2048,2048,2048,2048,2048,2048,2048,2048,2048,2048,_!","tempe,2048,2048,2048,2048,2048,2048,2048,2048,2048,2048,2048,2048,2048,2048,2048,2048,endtempb,4095,4095,2078,2077,4095,4095"
1680791385.326693,"tempi,2048,2048,2048,2048,2048,2048,2048,2048,2048,2048,2048,2048,2048,2048,2048,2048,_!","tempe,2048,2048,2048,2048,2048,2048,2048,2048,2048,2048,2048,2048,2048,2048,2048,2048,endtempb,4095,4095,2078,2077,4095,4095,"
1680791385.3268735,"tempi,2048,2048,2048,2048,2048,2048,2048,2048,2048,2048,2048,2048,2048,2048,2048,2048,_!","tempe,2048,2048,2048,2048,2048,2048,2048,2048,2048,2048,2048,2048,2048,2048,2048,2048,endtempb,4095,4095,2078,2077,4095,4095,2"
1680791385.3270566,"tempi,2048,2048,2048,2048,2048,2048,2048,2048,2048,2048,2048,2048,2048,2048,2048,2048,_!","tempe,2048,2048,2048,2048,2048,2048,2048,2048,2048,2048,2048,2048,2048,2048,2048,2048,endtempb,4095,4095,2078,2077,4095,4095,20"
1680791385.3272336,"tempi,2048,2048,2048,2048,2048,2048,2048,2048,2048,2048,2048,2048,2048,2048,2048,2048,_!","tempe,2048,2048,2048,2048,2048,2048,2048,2048,2048,2048,2048,2048,2048,2048,2048,2048,endtempb,4095,4095,2078,2077,4095,4095,207"
1680791385.327411,"tempi,2048,2048,2048,2048,2048,2048,2048,2048,2048,2048,2048,2048,2048,2048,2048,2048,_!","tempe,2048,2048,2048,2048,2048,2048,2048,2048,2048,2048,2048,2048,2048,2048,2048,2048,endtempb,4095,4095,2078,2077,4095,4095,2077"
1680791385.327581,"tempi,2048,2048,2048,2048,2048,2048,2048,2048,2048,2048,2048,2048,2048,2048,2048,2048,_!","tempe,2048,2048,2048,2048,2048,2048,2048,2048,2048,2048,2048,2048,2048,2048,2048,2048,endtempb,4095,4095,2078,2077,4095,4095,2077,"
1680791385.3277552,"tempi,2048,2048,2048,2048,2048,2048,2048,2048,2048,2048,2048,2048,2048,2048,2048,2048,_!","tempe,2048,2048,2048,2048,2048,2048,2048,2048,2048,2048,2048,2048,2048,2048,2048,2048,endtempb,4095,4095,2078,2077,4095,4095,2077,3"
1680791385.3279269,"tempi,2048,2048,2048,2048,2048,2048,2048,2048,2048,2048,2048,2048,2048,2048,2048,2048,_!","tempe,2048,2048,2048,2048,2048,2048,2048,2048,2048,2048,2048,2048,2048,2048,2048,2048,endtempb,4095,4095,2078,2077,4095,4095,2077,30"
1680791385.328104,"tempi,2048,2048,2048,2048,2048,2048,2048,2048,2048,2048,2048,2048,2048,2048,2048,2048,_!","tempe,2048,2048,2048,2048,2048,2048,2048,2048,2048,2048,2048,2048,2048,2048,2048,2048,endtempb,4095,4095,2078,2077,4095,4095,2077,306"
1680791385.3282824,"tempi,2048,2048,2048,2048,2048,2048,2048,2048,2048,2048,2048,2048,2048,2048,2048,2048,_!","tempe,2048,2048,2048,2048,2048,2048,2048,2048,2048,2048,2048,2048,2048,2048,2048,2048,endtempb,4095,4095,2078,2077,4095,4095,2077,3067"
1680791385.3284578,"tempi,2048,2048,2048,2048,2048,2048,2048,2048,2048,2048,2048,2048,2048,2048,2048,2048,_!","tempe,2048,2048,2048,2048,2048,2048,2048,2048,2048,2048,2048,2048,2048,2048,2048,2048,endtempb,4095,4095,2078,2077,4095,4095,2077,3067,"
1680791385.3286347,"tempi,2048,2048,2048,2048,2048,2048,2048,2048,2048,2048,2048,2048,2048,2048,2048,2048,_!","tempe,2048,2048,2048,2048,2048,2048,2048,2048,2048,2048,2048,2048,2048,2048,2048,2048,endtempb,4095,4095,2078,2077,4095,4095,2077,3067,4"
1680791385.328811,"tempi,2048,2048,2048,2048,2048,2048,2048,2048,2048,2048,2048,2048,2048,2048,2048,2048,_!","tempe,2048,2048,2048,2048,2048,2048,2048,2048,2048,2048,2048,2048,2048,2048,2048,2048,endtempb,4095,4095,2078,2077,4095,4095,2077,3067,40"
1680791385.3289807,"tempi,2048,2048,2048,2048,2048,2048,2048,2048,2048,2048,2048,2048,2048,2048,2048,2048,_!","tempe,2048,2048,2048,2048,2048,2048,2048,2048,2048,2048,2048,2048,2048,2048,2048,2048,endtempb,4095,4095,2078,2077,4095,4095,2077,3067,409"
1680791385.329156,"tempi,2048,2048,2048,2048,2048,2048,2048,2048,2048,2048,2048,2048,2048,2048,2048,2048,_!","tempe,2048,2048,2048,2048,2048,2048,2048,2048,2048,2048,2048,2048,2048,2048,2048,2048,endtempb,4095,4095,2078,2077,4095,4095,2077,3067,4095"
1680791385.3293262,"tempi,2048,2048,2048,2048,2048,2048,2048,2048,2048,2048,2048,2048,2048,2048,2048,2048,_!","tempe,2048,2048,2048,2048,2048,2048,2048,2048,2048,2048,2048,2048,2048,2048,2048,2048,endtempb,4095,4095,2078,2077,4095,4095,2077,3067,4095,"
1680791385.329502,"tempi,2048,2048,2048,2048,2048,2048,2048,2048,2048,2048,2048,2048,2048,2048,2048,2048,_!","tempe,2048,2048,2048,2048,2048,2048,2048,2048,2048,2048,2048,2048,2048,2048,2048,2048,endtempb,4095,4095,2078,2077,4095,4095,2077,3067,4095,4"
1680791385.3297484,"tempi,2048,2048,2048,2048,2048,2048,2048,2048,2048,2048,2048,2048,2048,2048,2048,2048,_!","tempe,2048,2048,2048,2048,2048,2048,2048,2048,2048,2048,2048,2048,2048,2048,2048,2048,endtempb,4095,4095,2078,2077,4095,4095,2077,3067,4095,40"
1680791385.3299348,"tempi,2048,2048,2048,2048,2048,2048,2048,2048,2048,2048,2048,2048,2048,2048,2048,2048,_!","tempe,2048,2048,2048,2048,2048,2048,2048,2048,2048,2048,2048,2048,2048,2048,2048,2048,endtempb,4095,4095,2078,2077,4095,4095,2077,3067,4095,409"
1680791385.3301105,"tempi,2048,2048,2048,2048,2048,2048,2048,2048,2048,2048,2048,2048,2048,2048,2048,2048,_!","tempe,2048,2048,2048,2048,2048,2048,2048,2048,2048,2048,2048,2048,2048,2048,2048,2048,endtempb,4095,4095,2078,2077,4095,4095,2077,3067,4095,4095"
1680791385.330289,"tempi,2048,2048,2048,2048,2048,2048,2048,2048,2048,2048,2048,2048,2048,2048,2048,2048,_!","tempe,2048,2048,2048,2048,2048,2048,2048,2048,2048,2048,2048,2048,2048,2048,2048,2048,endtempb,4095,4095,2078,2077,4095,4095,2077,3067,4095,4095,"
1680791385.3304617,"tempi,2048,2048,2048,2048,2048,2048,2048,2048,2048,2048,2048,2048,2048,2048,2048,2048,_!","tempe,2048,2048,2048,2048,2048,2048,2048,2048,2048,2048,2048,2048,2048,2048,2048,2048,endtempb,4095,4095,2078,2077,4095,4095,2077,3067,4095,4095,2"
1680791385.3306413,"tempi,2048,2048,2048,2048,2048,2048,2048,2048,2048,2048,2048,2048,2048,2048,2048,2048,_!","tempe,2048,2048,2048,2048,2048,2048,2048,2048,2048,2048,2048,2048,2048,2048,2048,2048,endtempb,4095,4095,2078,2077,4095,4095,2077,3067,4095,4095,20"
1680791385.33081,"tempi,2048,2048,2048,2048,2048,2048,2048,2048,2048,2048,2048,2048,2048,2048,2048,2048,_!","tempe,2048,2048,2048,2048,2048,2048,2048,2048,2048,2048,2048,2048,2048,2048,2048,2048,endtempb,4095,4095,2078,2077,4095,4095,2077,3067,4095,4095,208"
1680791385.3309922,"tempi,2048,2048,2048,2048,2048,2048,2048,2048,2048,2048,2048,2048,2048,2048,2048,2048,_!","tempe,2048,2048,2048,2048,2048,2048,2048,2048,2048,2048,2048,2048,2048,2048,2048,2048,endtempb,4095,4095,2078,2077,4095,4095,2077,3067,4095,4095,2084"
1680791385.3311641,"tempi,2048,2048,2048,2048,2048,2048,2048,2048,2048,2048,2048,2048,2048,2048,2048,2048,_!","tempe,2048,2048,2048,2048,2048,2048,2048,2048,2048,2048,2048,2048,2048,2048,2048,2048,endtempb,4095,4095,2078,2077,4095,4095,2077,3067,4095,4095,2084,"
1680791385.3313434,"tempi,2048,2048,2048,2048,2048,2048,2048,2048,2048,2048,2048,2048,2048,2048,2048,2048,_!","tempe,2048,2048,2048,2048,2048,2048,2048,2048,2048,2048,2048,2048,2048,2048,2048,2048,endtempb,4095,4095,2078,2077,4095,4095,2077,3067,4095,4095,2084,2"
1680791385.3315203,"tempi,2048,2048,2048,2048,2048,2048,2048,2048,2048,2048,2048,2048,2048,2048,2048,2048,_!","tempe,2048,2048,2048,2048,2048,2048,2048,2048,2048,2048,2048,2048,2048,2048,2048,2048,endtempb,4095,4095,2078,2077,4095,4095,2077,3067,4095,4095,2084,20"
1680791385.331697,"tempi,2048,2048,2048,2048,2048,2048,2048,2048,2048,2048,2048,2048,2048,2048,2048,2048,_!","tempe,2048,2048,2048,2048,2048,2048,2048,2048,2048,2048,2048,2048,2048,2048,2048,2048,endtempb,4095,4095,2078,2077,4095,4095,2077,3067,4095,4095,2084,208"
1680791385.3318663,"tempi,2048,2048,2048,2048,2048,2048,2048,2048,2048,2048,2048,2048,2048,2048,2048,2048,_!","tempe,2048,2048,2048,2048,2048,2048,2048,2048,2048,2048,2048,2048,2048,2048,2048,2048,endtempb,4095,4095,2078,2077,4095,4095,2077,3067,4095,4095,2084,2088"
1680791385.332041,"tempi,2048,2048,2048,2048,2048,2048,2048,2048,2048,2048,2048,2048,2048,2048,2048,2048,_!","tempe,2048,2048,2048,2048,2048,2048,2048,2048,2048,2048,2048,2048,2048,2048,2048,2048,endtempb,4095,4095,2078,2077,4095,4095,2077,3067,4095,4095,2084,2088,"
1680791385.3322117,"tempi,2048,2048,2048,2048,2048,2048,2048,2048,2048,2048,2048,2048,2048,2048,2048,2048,_!","tempe,2048,2048,2048,2048,2048,2048,2048,2048,2048,2048,2048,2048,2048,2048,2048,2048,endtempb,4095,4095,2078,2077,4095,4095,2077,3067,4095,4095,2084,2088,4"
1680791385.332413,"tempi,2048,2048,2048,2048,2048,2048,2048,2048,2048,2048,2048,2048,2048,2048,2048,2048,_!","tempe,2048,2048,2048,2048,2048,2048,2048,2048,2048,2048,2048,2048,2048,2048,2048,2048,endtempb,4095,4095,2078,2077,4095,4095,2077,3067,4095,4095,2084,2088,40"
1680791385.3325937,"tempi,2048,2048,2048,2048,2048,2048,2048,2048,2048,2048,2048,2048,2048,2048,2048,2048,_!","tempe,2048,2048,2048,2048,2048,2048,2048,2048,2048,2048,2048,2048,2048,2048,2048,2048,endtempb,4095,4095,2078,2077,4095,4095,2077,3067,4095,4095,2084,2088,409"
1680791385.3328295,"tempi,2048,2048,2048,2048,2048,2048,2048,2048,2048,2048,2048,2048,2048,2048,2048,2048,_!","tempe,2048,2048,2048,2048,2048,2048,2048,2048,2048,2048,2048,2048,2048,2048,2048,2048,endtempb,4095,4095,2078,2077,4095,4095,2077,3067,4095,4095,2084,2088,4095"
1680791385.3330073,"tempi,2048,2048,2048,2048,2048,2048,2048,2048,2048,2048,2048,2048,2048,2048,2048,2048,_!","tempe,2048,2048,2048,2048,2048,2048,2048,2048,2048,2048,2048,2048,2048,2048,2048,2048,endtempb,4095,4095,2078,2077,4095,4095,2077,3067,4095,4095,2084,2088,4095,"
1680791385.3331878,"tempi,2048,2048,2048,2048,2048,2048,2048,2048,2048,2048,2048,2048,2048,2048,2048,2048,_!","tempe,2048,2048,2048,2048,2048,2048,2048,2048,2048,2048,2048,2048,2048,2048,2048,2048,endtempb,4095,4095,2078,2077,4095,4095,2077,3067,4095,4095,2084,2088,4095,4"
1680791385.3333619,"tempi,2048,2048,2048,2048,2048,2048,2048,2048,2048,2048,2048,2048,2048,2048,2048,2048,_!","tempe,2048,2048,2048,2048,2048,2048,2048,2048,2048,2048,2048,2048,2048,2048,2048,2048,endtempb,4095,4095,2078,2077,4095,4095,2077,3067,4095,4095,2084,2088,4095,40"
1680791385.3335423,"tempi,2048,2048,2048,2048,2048,2048,2048,2048,2048,2048,2048,2048,2048,2048,2048,2048,_!","tempe,2048,2048,2048,2048,2048,2048,2048,2048,2048,2048,2048,2048,2048,2048,2048,2048,endtempb,4095,4095,2078,2077,4095,4095,2077,3067,4095,4095,2084,2088,4095,409"
1680791385.3337176,"tempi,2048,2048,2048,2048,2048,2048,2048,2048,2048,2048,2048,2048,2048,2048,2048,2048,_!","tempe,2048,2048,2048,2048,2048,2048,2048,2048,2048,2048,2048,2048,2048,2048,2048,2048,endtempb,4095,4095,2078,2077,4095,4095,2077,3067,4095,4095,2084,2088,4095,4095"
1680791385.333895,"tempi,2048,2048,2048,2048,2048,2048,2048,2048,2048,2048,2048,2048,2048,2048,2048,2048,_!","tempe,2048,2048,2048,2048,2048,2048,2048,2048,2048,2048,2048,2048,2048,2048,2048,2048,endtempb,4095,4095,2078,2077,4095,4095,2077,3067,4095,4095,2084,2088,4095,4095,"
1680791385.3340635,"tempi,2048,2048,2048,2048,2048,2048,2048,2048,2048,2048,2048,2048,2048,2048,2048,2048,_!","tempe,2048,2048,2048,2048,2048,2048,2048,2048,2048,2048,2048,2048,2048,2048,2048,2048,endtempb,4095,4095,2078,2077,4095,4095,2077,3067,4095,4095,2084,2088,4095,4095,2"
1680791385.3342402,"tempi,2048,2048,2048,2048,2048,2048,2048,2048,2048,2048,2048,2048,2048,2048,2048,2048,_!","tempe,2048,2048,2048,2048,2048,2048,2048,2048,2048,2048,2048,2048,2048,2048,2048,2048,endtempb,4095,4095,2078,2077,4095,4095,2077,3067,4095,4095,2084,2088,4095,4095,20"
1680791385.334409,"tempi,2048,2048,2048,2048,2048,2048,2048,2048,2048,2048,2048,2048,2048,2048,2048,2048,_!","tempe,2048,2048,2048,2048,2048,2048,2048,2048,2048,2048,2048,2048,2048,2048,2048,2048,endtempb,4095,4095,2078,2077,4095,4095,2077,3067,4095,4095,2084,2088,4095,4095,208"
1680791385.3346207,"tempi,2048,2048,2048,2048,2048,2048,2048,2048,2048,2048,2048,2048,2048,2048,2048,2048,_!","tempe,2048,2048,2048,2048,2048,2048,2048,2048,2048,2048,2048,2048,2048,2048,2048,2048,endtempb,4095,4095,2078,2077,4095,4095,2077,3067,4095,4095,2084,2088,4095,4095,2086"
1680791385.3347962,"tempi,2048,2048,2048,2048,2048,2048,2048,2048,2048,2048,2048,2048,2048,2048,2048,2048,_!","tempe,2048,2048,2048,2048,2048,2048,2048,2048,2048,2048,2048,2048,2048,2048,2048,2048,endtempb,4095,4095,2078,2077,4095,4095,2077,3067,4095,4095,2084,2088,4095,4095,2086,"
1680791385.334976,"tempi,2048,2048,2048,2048,2048,2048,2048,2048,2048,2048,2048,2048,2048,2048,2048,2048,_!","tempe,2048,2048,2048,2048,2048,2048,2048,2048,2048,2048,2048,2048,2048,2048,2048,2048,endtempb,4095,4095,2078,2077,4095,4095,2077,3067,4095,4095,2084,2088,4095,4095,2086,2"
1680791385.3351812,"tempi,2048,2048,2048,2048,2048,2048,2048,2048,2048,2048,2048,2048,2048,2048,2048,2048,_!","tempe,2048,2048,2048,2048,2048,2048,2048,2048,2048,2048,2048,2048,2048,2048,2048,2048,endtempb,4095,4095,2078,2077,4095,4095,2077,3067,4095,4095,2084,2088,4095,4095,2086,20"
1680791385.335367,"tempi,2048,2048,2048,2048,2048,2048,2048,2048,2048,2048,2048,2048,2048,2048,2048,2048,_!","tempe,2048,2048,2048,2048,2048,2048,2048,2048,2048,2048,2048,2048,2048,2048,2048,2048,endtempb,4095,4095,2078,2077,4095,4095,2077,3067,4095,4095,2084,2088,4095,4095,2086,209"
1680791385.335541,"tempi,2048,2048,2048,2048,2048,2048,2048,2048,2048,2048,2048,2048,2048,2048,2048,2048,_!","tempe,2048,2048,2048,2048,2048,2048,2048,2048,2048,2048,2048,2048,2048,2048,2048,2048,endtempb,4095,4095,2078,2077,4095,4095,2077,3067,4095,4095,2084,2088,4095,4095,2086,2094"
1680791385.335725,"tempi,2048,2048,2048,2048,2048,2048,2048,2048,2048,2048,2048,2048,2048,2048,2048,2048,_!","tempe,2048,2048,2048,2048,2048,2048,2048,2048,2048,2048,2048,2048,2048,2048,2048,2048,endtempb,4095,4095,2078,2077,4095,4095,2077,3067,4095,4095,2084,2088,4095,4095,2086,2094,"
1680791385.335901,"tempi,2048,2048,2048,2048,2048,2048,2048,2048,2048,2048,2048,2048,2048,2048,2048,2048,_!","tempe,2048,2048,2048,2048,2048,2048,2048,2048,2048,2048,2048,2048,2048,2048,2048,2048,endtempb,4095,4095,2078,2077,4095,4095,2077,3067,4095,4095,2084,2088,4095,4095,2086,2094,e"
1680791385.3360786,"tempi,2048,2048,2048,2048,2048,2048,2048,2048,2048,2048,2048,2048,2048,2048,2048,2048,_!","tempe,2048,2048,2048,2048,2048,2048,2048,2048,2048,2048,2048,2048,2048,2048,2048,2048,endtempb,4095,4095,2078,2077,4095,4095,2077,3067,4095,4095,2084,2088,4095,4095,2086,2094,en"
1680791385.33625,"tempi,2048,2048,2048,2048,2048,2048,2048,2048,2048,2048,2048,2048,2048,2048,2048,2048,_!","tempe,2048,2048,2048,2048,2048,2048,2048,2048,2048,2048,2048,2048,2048,2048,2048,2048,endtempb,4095,4095,2078,2077,4095,4095,2077,3067,4095,4095,2084,2088,4095,4095,2086,2094,end"
1680791386.3392527,"od_ledi,0,0,0,0,0,0,0,0,0,0,0,0,0,0,0,0,_!","od_lede,0,0,0,0,0,0,0,0,0,0,0,0,0,0,0,0,end"
1680791387.344946,"od_135i,1000,_!","od_135b,65508,65510,64388,65511,65508,65509,65308,65421,65512,65511,65510,65311,65510,65509,65457,65497,end"
1680791514.9547176,"stiri,8,8,8,8,8,8,8,8,8,8,8,8,8,8,8,8,_!","stire,8,8,8,8,8,8,8,8,8,8,8,8,8,8,8,8,end"
1680791515.959918,"tempi,2048,2048,2048,2048,2048,2048,2048,2048,2048,2048,2048,2048,2048,2048,2048,2048,_!","tempe,2048,2048,2048,2048,2048,2048,2048,2048,2048,2048,2048,2048,2048,2048,2048,2048,end"
1680791515.9638762,"tempi,2048,2048,2048,2048,2048,2048,2048,2048,2048,2048,2048,2048,2048,2048,2048,2048,_!","tempb,4095,4095,2075,2076,4095,4095,2078,3104,4095,4095,2081,2091,4095,4095,2085,2094,end"
1680791516.96702,"od_ledi,0,0,0,0,0,0,0,0,0,0,0,0,0,0,0,0,_!","od_lede,0,0,0,0,0,0,0,0,0,0,0,0,0,0,0,0,end"
1680791517.9727497,"od_135i,1000,_!","od_135b,65507,65507,64484,65507,65508,65512,65309,65414,65509,65508,65509,65317,65511,65509,65464,65498,end"
1680791624.48336,"stiri,8,8,8,8,8,8,8,8,8,8,8,8,8,8,8,8,_!","stire,8,8,8,8,8,8,8,8,8,8,8,8,8,8,8,8,end"
1680791625.4885411,"tempi,2048,2048,2048,2048,2048,2048,2048,2048,2048,2048,2048,2048,2048,2048,2048,2048,_!","tempe,2048,2048,2048,2048,2048,2048,2048,2048,2048,2048,2048,2048,2048,2048,2048,2048,end"
1680791625.4924874,"tempi,2048,2048,2048,2048,2048,2048,2048,2048,2048,2048,2048,2048,2048,2048,2048,2048,_!","tempb,4095,4095,2074,2075,4095,4095,2075,3164,4095,4095,2084,2088,4095,4095,2086,2095,end"
1680791626.4956534,"od_ledi,0,0,0,0,0,0,0,0,0,0,0,0,0,0,0,0,_!","od_lede,0,0,0,0,0,0,0,0,0,0,0,0,0,0,0,0,end"
1680791627.5013647,"od_135i,1000,_!","od_135b,65511,65511,64920,65511,65510,65508,65409,65469,65511,65509,65509,65404,65509,65509,65494,65509,end"
1680792123.93587,"stiri,8,8,8,8,8,8,8,8,8,8,8,8,8,8,8,8,_!","stire,8,8,8,8,8,8,8,8,8,8,8,8,8,8,8,8,end"
1680792124.9410033,"tempi,2048,2048,2048,2048,2048,2048,2048,2048,2048,2048,2048,2048,2048,2048,2048,2048,_!","tempe,2048,2048,2048,2048,2048,2048,2048,2048,2048,2048,2048,2048,2048,2048,2048,2048,end"
1680792124.9449725,"tempi,2048,2048,2048,2048,2048,2048,2048,2048,2048,2048,2048,2048,2048,2048,2048,2048,_!","tempb,4095,4095,2073,2072,4095,4095,2073,3194,4095,4095,2079,2086,4095,4095,2084,2093,end"
1680792125.948065,"od_ledi,0,0,0,0,0,0,0,0,0,0,0,0,0,0,0,0,_!","od_lede,0,0,0,0,0,0,0,0,0,0,0,0,0,0,0,0,end"
1680792126.9537587,"od_135i,1000,_!","od_135b,65509,65509,64463,65510,65508,65507,65325,65420,65511,65510,65509,65324,65511,65509,65452,65497,end"
1680792276.5134902,"stiri,8,8,8,8,8,8,8,8,8,8,8,8,8,8,8,8,_!","stire,8,8,8,8,8,8,8,8,8,8,8,8,8,8,8,8,end"
1680792277.518636,"tempi,2048,2048,2048,2048,2048,2048,2048,2048,2048,2048,2048,2048,2048,2048,2048,2048,_!","tempe,2048,2048,2048,2048,2048,2048,2048,2048,2048,2048,2048,2048,2048,2048,2048,2048,end"
1680792277.522539,"tempi,2048,2048,2048,2048,2048,2048,2048,2048,2048,2048,2048,2048,2048,2048,2048,2048,_!","tempb,4095,4095,2072,2072,4095,4095,2072,3177,4095,4095,2079,2085,4095,4095,2082,2095,end"
1680792278.5256202,"od_ledi,0,0,0,0,0,0,0,0,0,0,0,0,0,0,0,0,_!","od_lede,0,0,0,0,0,0,0,0,0,0,0,0,0,0,0,0,end"
1680792279.531234,"od_135i,1000,_!","od_135b,65510,65511,64460,65509,65509,65509,65317,65422,65509,65508,65510,65324,65508,65509,65458,65494,end"
1680792280.5368962,"pumpi,0,0,0,0,0,0,0,0,0,0,0,0,0,0,0,0,0,0,0,0,0,0,0,0,0,0,0,0,0,0,0,0,0,0,0,0,0,0,0,0,0,0,0,0,0,0,0,0,_!","pumpe,0,0,0,0,0,0,0,0,0,0,0,0,0,0,0,0,0,0,0,0,0,0,0,0,0,0,0,0,0,0,0,0,0,0,0,0,0,0,0,0,0,0,0,0,0,0,0,0,end"
1680792281.542569,"pumpi,0,0,0,0,0,0,0,0,0,0,0,0,0,0,0,0,0,0,0,0,0,0,0,0,0,0,0,0,0,0,0,0,0,0,0,0,0,0,0,0,0,0,0,0,0,0,0,0,_!","pumpe,0,0,0,0,0,0,0,0,0,0,0,0,0,0,0,0,0,0,0,0,0,0,0,0,0,0,0,0,0,0,0,0,0,0,0,0,0,0,0,0,0,0,0,0,0,0,0,0,end"
1680792282.5481918,"pumpi,0,0,0,0,0,0,0,0,0,0,0,0,0,0,0,0,0,0,0,0,0,0,0,0,0,0,0,0,0,0,0,0,0,0,0,0,0,0,0,0,0,0,0,0,0,0,0,0,_!","pumpe,0,0,0,0,0,0,0,0,0,0,0,0,0,0,0,0,0,0,0,0,0,0,0,0,0,0,0,0,0,0,0,0,0,0,0,0,0,0,0,0,0,0,0,0,0,0,0,0,end"
1680792343.0095816,"stiri,8,8,8,8,8,8,8,8,8,8,8,8,8,8,8,8,_!","stire,8,8,8,8,8,8,8,8,8,8,8,8,8,8,8,8,end"
1680792344.0147533,"tempi,2048,2048,2048,2048,2048,2048,2048,2048,2048,2048,2048,2048,2048,2048,2048,2048,_!","tempe,2048,2048,2048,2048,2048,2048,2048,2048,2048,2048,2048,2048,2048,2048,2048,2048,end"
1680792344.0186913,"tempi,2048,2048,2048,2048,2048,2048,2048,2048,2048,2048,2048,2048,2048,2048,2048,2048,_!","tempb,4095,4095,2072,2070,4095,4095,2073,3133,4095,4095,2078,2087,4095,4095,2082,2092,end"
1680792345.02569,"od_ledi,0,0,0,0,0,0,0,0,0,0,0,0,0,0,0,0,_!","od_lede,0,0,0,0,0,0,0,0,0,0,0,0,0,0,0,0,end"
1680792346.0314093,"od_135i,1000,_!","od_135b,65512,65509,64453,65507,65510,65510,65319,65419,65509,65511,65509,65316,65509,65510,65448,65493,end"
1680792347.0370288,"pumpi,0,0,0,0,0,0,0,0,0,0,0,0,0,0,0,0,0,0,0,0,0,0,0,0,0,0,0,0,0,0,0,0,0,0,0,0,0,0,0,0,0,0,0,0,0,0,0,0,_!","pumpe,0,0,0,0,0,0,0,0,0,0,0,0,0,0,0,0,0,0,0,0,0,0,0,0,0,0,0,0,0,0,0,0,0,0,0,0,0,0,0,0,0,0,0,0,0,0,0,0,end"
1680792348.167526,"pumpi,0,0,0,0,0,0,0,0,0,0,0,0,0,0,0,0,0,0,0,0,0,0,0,0,0,0,0,0,0,0,0,0,0,0,0,0,0,0,0,0,0,0,0,0,0,0,0,0,_!","pumpe,0,0,0,0,0,0,0,0,0,0,0,0,0,0,0,0,0,0,0,0,0,0,0,0,0,0,0,0,0,0,0,0,0,0,0,0,0,0,0,0,0,0,0,0,0,0,0,0,end"
1680792349.1731663,"pumpi,0,0,0,0,0,0,0,0,0,0,0,0,0,0,0,0,0,0,0,0,0,0,0,0,0,0,0,0,0,0,0,0,0,0,0,0,0,0,0,0,0,0,0,0,0,0,0,0,_!","pumpe,0,0,0,0,0,0,0,0,0,0,0,0,0,0,0,0,0,0,0,0,0,0,0,0,0,0,0,0,0,0,0,0,0,0,0,0,0,0,0,0,0,0,0,0,0,0,0,0,end"
1680796632.8288157,"stiri,8,8,8,8,8,8,8,8,8,8,8,8,8,8,8,8,_!","stire,8,8,8,8,8,8,8,8,8,8,8,8,8,8,8,8,end"
1680796633.8346343,"tempi,2048,2048,2048,2048,2048,2048,2048,2048,2048,2048,2048,2048,2048,2048,2048,2048,_!","tempe,2048,2048,2048,2048,2048,2048,2048,2048,2048,2048,2048,2048,2048,2048,2048,2048,end"
1680796633.8385031,"tempi,2048,2048,2048,2048,2048,2048,2048,2048,2048,2048,2048,2048,2048,2048,2048,2048,_!","tempb,4095,4095,2049,2074,4095,4095,2051,2331,4095,4095,2080,2087,4095,4095,2051,2089,end"
1680796634.8415687,"od_ledi,0,0,0,0,0,0,0,0,0,0,0,0,0,0,0,0,_!","od_lede,0,0,0,0,0,0,0,0,0,0,0,0,0,0,0,0,end"
1680796635.8473327,"od_135i,1000,_!","od_135b,65496,65498,64639,65496,65497,65493,65344,65422,65498,65501,65500,65344,65499,65499,65461,65483,end"
1680796636.85298,"pumpi,0,0,0,0,0,0,0,0,0,0,0,0,0,0,0,0,0,0,0,0,0,0,0,0,0,0,0,0,0,0,0,0,0,0,0,0,0,0,0,0,0,0,0,0,0,0,0,0,_!","pumpe,0,0,0,0,0,0,0,0,0,0,0,0,0,0,0,0,0,0,0,0,0,0,0,0,0,0,0,0,0,0,0,0,0,0,0,0,0,0,0,0,0,0,0,0,0,0,0,0,end"
1680796637.9835515,"pumpi,0,0,0,0,0,0,0,0,0,0,0,0,0,0,0,0,0,0,0,0,0,0,0,0,0,0,0,0,0,0,0,0,0,0,0,0,0,0,0,0,0,0,0,0,0,0,0,0,_!","pumpe,0,0,0,0,0,0,0,0,0,0,0,0,0,0,0,0,0,0,0,0,0,0,0,0,0,0,0,0,0,0,0,0,0,0,0,0,0,0,0,0,0,0,0,0,0,0,0,0,end"
1680796638.9891498,"pumpi,0,0,0,0,0,0,0,0,0,0,0,0,0,0,0,0,0,0,0,0,0,0,0,0,0,0,0,0,0,0,0,0,0,0,0,0,0,0,0,0,0,0,0,0,0,0,0,0,_!","pumpe,0,0,0,0,0,0,0,0,0,0,0,0,0,0,0,0,0,0,0,0,0,0,0,0,0,0,0,0,0,0,0,0,0,0,0,0,0,0,0,0,0,0,0,0,0,0,0,0,end"
1680796811.7930598,"stiri,8,8,8,8,8,8,8,8,8,8,8,8,8,8,8,8,_!","stire,8,8,8,8,8,8,8,8,8,8,8,8,8,8,8,8,end"
1680796812.7981887,"tempi,2048,2048,2048,2048,2048,2048,2048,2048,2048,2048,2048,2048,2048,2048,2048,2048,_!","tempe,2048,2048,2048,2048,2048,2048,2048,2048,2048,2048,2048,2048,2048,2048,2048,2048,end"
1680796812.802163,"tempi,2048,2048,2048,2048,2048,2048,2048,2048,2048,2048,2048,2048,2048,2048,2048,2048,_!","tempb,4095,4095,2044,2037,4095,4095,2031,2192,4095,4095,2019,2019,4095,4095,2035,2032,end"
1680796813.8205647,"od_ledi,0,0,0,0,0,0,0,0,0,0,0,0,0,0,0,0,_!","od_lede,0,0,0,0,0,0,0,0,0,0,0,0,0,0,0,0,end"
1680796814.8262258,"od_135i,1000,_!","od_135b,65503,65501,64612,65505,65499,65503,65338,65428,65502,65502,65503,65339,65502,65505,65457,65488,end"
1680796815.8318405,"pumpi,0,0,0,0,0,0,0,0,0,0,0,0,0,0,0,0,0,0,0,0,0,0,0,0,0,0,0,0,0,0,0,0,0,0,0,0,0,0,0,0,0,0,0,0,0,0,0,0,_!","pumpe,0,0,0,0,0,0,0,0,0,0,0,0,0,0,0,0,0,0,0,0,0,0,0,0,0,0,0,0,0,0,0,0,0,0,0,0,0,0,0,0,0,0,0,0,0,0,0,0,end"
1680796816.837463,"pumpi,0,0,0,0,0,0,0,0,0,0,0,0,0,0,0,0,0,0,0,0,0,0,0,0,0,0,0,0,0,0,0,0,0,0,0,0,0,0,0,0,0,0,0,0,0,0,0,0,_!","pumpe,0,0,0,0,0,0,0,0,0,0,0,0,0,0,0,0,0,0,0,0,0,0,0,0,0,0,0,0,0,0,0,0,0,0,0,0,0,0,0,0,0,0,0,0,0,0,0,0,end"
1680796817.843068,"pumpi,0,0,0,0,0,0,0,0,0,0,0,0,0,0,0,0,0,0,0,0,0,0,0,0,0,0,0,0,0,0,0,0,0,0,0,0,0,0,0,0,0,0,0,0,0,0,0,0,_!","pumpe,0,0,0,0,0,0,0,0,0,0,0,0,0,0,0,0,0,0,0,0,0,0,0,0,0,0,0,0,0,0,0,0,0,0,0,0,0,0,0,0,0,0,0,0,0,0,0,0,end"
1680797030.656759,"stiri,8,8,8,8,8,8,8,8,8,8,8,8,8,8,8,8,_!","stire,8,8,8,8,8,8,8,8,8,8,8,8,8,8,8,8,end"
1680797031.6619384,"tempi,2048,2048,2048,2048,2048,2048,2048,2048,2048,2048,2048,2048,2048,2048,2048,2048,_!","tempe,2048,2048,2048,2048,2048,2048,2048,2048,2048,2048,2048,2048,2048,2048,2048,2048,end"
1680797031.6658287,"tempi,2048,2048,2048,2048,2048,2048,2048,2048,2048,2048,2048,2048,2048,2048,2048,2048,_!","tempb,4095,4095,2049,2043,4095,4095,2036,2346,4095,4095,2027,2027,4095,4095,2043,2043,end"
1680797032.6688762,"od_ledi,0,0,0,0,0,0,0,0,0,0,0,0,0,0,0,0,_!","od_lede,0,0,0,0,0,0,0,0,0,0,0,0,0,0,0,0,end"
1680797033.6745832,"od_135i,1000,_!","od_135b,65502,65500,64317,65502,65501,65504,65287,65398,65502,65501,65501,65269,65502,65503,65428,65459,end"
1680797034.6801915,"pumpi,0,0,0,0,0,0,0,0,0,0,0,0,0,0,0,0,0,0,0,0,0,0,0,0,0,0,0,0,0,0,0,0,0,0,0,0,0,0,0,0,0,0,0,0,0,0,0,0,_!","pumpe,0,0,0,0,0,0,0,0,0,0,0,0,0,0,0,0,0,0,0,0,0,0,0,0,0,0,0,0,0,0,0,0,0,0,0,0,0,0,0,0,0,0,0,0,0,0,0,0,end"
